folio,quire,token,role
f1r,A,fachys,unmapped
f1r,A,ykal,outlet
f1r,A,ar,reflux
f1r,A,ataiin,medium
f1r,A,shol,outlet
f1r,A,shory,unmapped
f1r,A,cthres,unmapped
f1r,A,y,unmapped
f1r,A,kor,reflux
f1r,A,sholdy,unmapped
f1r,A,sory,unmapped
f1r,A,ckhar,reflux
f1r,A,or,reflux
f1r,A,y,unmapped
f1r,A,kair,unmapped
f1r,A,chtaiin,medium
f1r,A,shar,reflux
f1r,A,ase,unmapped
f1r,A,cthar,reflux
f1r,A,cthar,reflux
f1r,A,dan,unmapped
f1r,A,syaiir,unmapped
f1r,A,sheky,unmapped
f1r,A,or,reflux
f1r,A,ykaiin,medium
f1r,A,shod,unmapped
f1r,A,cthoary,unmapped
f1r,A,cthes,unmapped
f1r,A,daraiin,medium
f1r,A,sy,unmapped
f1r,A,soiin,unmapped
f1r,A,oteey,unmapped
f1r,A,oteos,unmapped
f1r,A,roloty,unmapped
f1r,A,cthiar,reflux
f1r,A,daiin,medium
f1r,A,okaiin,heat
f1r,A,or,reflux
f1r,A,okan,heat
f1r,A,sair,unmapped
f1r,A,y,unmapped
f1r,A,chear,reflux
f1r,A,cthaiin,medium
f1r,A,cphar,reflux
f1r,A,cfhaiin,medium
f1r,A,ydaraishy,unmapped
f1r,A,odar,reflux
f1r,A,shol,outlet
f1r,A,cphoy,unmapped
f1r,A,oydar,reflux
f1r,A,sh,unmapped
f1r,A,s,unmapped
f1r,A,cfhoaiin,medium
f1r,A,shodary,unmapped
f1r,A,yshey,unmapped
f1r,A,shody,unmapped
f1r,A,okchoy,heat
f1r,A,otchol,outlet
f1r,A,chocthy,unmapped
f1r,A,os,unmapped
f1r,A,chy,unmapped
f1r,A,dain,unmapped
f1r,A,chor,reflux
f1r,A,kos,unmapped
f1r,A,daiin,medium
f1r,A,shos,unmapped
f1r,A,cfhol,outlet
f1r,A,shody,unmapped
f1r,A,dain,unmapped
f1r,A,os,unmapped
f1r,A,teody,unmapped
f1r,A,ydain,unmapped
f1r,A,cphesaiin,medium
f1r,A,ols,unmapped
f1r,A,cphey,unmapped
f1r,A,ytain,unmapped
f1r,A,shoshy,unmapped
f1r,A,cphodal,outlet
f1r,A,es,unmapped
f1r,A,oksho,heat
f1r,A,kshoy,unmapped
f1r,A,otairin,unmapped
f1r,A,oteol,outlet
f1r,A,okan,heat
f1r,A,shodain,unmapped
f1r,A,sckhey,unmapped
f1r,A,daiin,medium
f1r,A,shoy,unmapped
f1r,A,ckhey,unmapped
f1r,A,kodaiin,medium
f1r,A,cphy,unmapped
f1r,A,cphodaiils,unmapped
f1r,A,cthey,unmapped
f1r,A,sho,unmapped
f1r,A,oldain,unmapped
f1r,A,d,unmapped
f1r,A,dain,unmapped
f1r,A,oiin,unmapped
f1r,A,chol,outlet
f1r,A,odaiin,medium
f1r,A,chodain,unmapped
f1r,A,chdy,unmapped
f1r,A,okain,heat
f1r,A,dn,unmapped
f1r,A,cthy,unmapped
f1r,A,kod,unmapped
f1r,A,daiin,medium
f1r,A,shckhey,unmapped
f1r,A,eo,unmapped
f1r,A,r,unmapped
f1r,A,char,reflux
f1r,A,shey,unmapped
f1r,A,kol,outlet
f1r,A,chol,outlet
f1r,A,chol,outlet
f1r,A,kor,reflux
f1r,A,chal,outlet
f1r,A,sho,unmapped
f1r,A,chol,outlet
f1r,A,shodan,unmapped
f1r,A,kshy,unmapped
f1r,A,kchy,unmapped
f1r,A,d,unmapped
f1r,A,or,reflux
f1r,A,chodaiin,medium
f1r,A,sho,unmapped
f1r,A,koeam,drain
f1r,A,ycho,unmapped
f1r,A,tchey,unmapped
f1r,A,chekain,unmapped
f1r,A,sheo,unmapped
f1r,A,pshol,outlet
f1r,A,dydyd,unmapped
f1r,A,cthy,unmapped
f1r,A,dai:y,unmapped
f1r,A,yto,unmapped
f1r,A,shol,outlet
f1r,A,she,unmapped
f1r,A,kodshey,unmapped
f1r,A,cphealy,unmapped
f1r,A,dar,reflux
f1r,A,ain,unmapped
f1r,A,dain,unmapped
f1r,A,ckhyds,unmapped
f1r,A,dchar,reflux
f1r,A,shcthaiin,medium
f1r,A,okaiir,heat
f1r,A,chey,unmapped
f1r,A,chy,unmapped
f1r,A,tol,outlet
f1r,A,cthols,unmapped
f1r,A,dloo,unmapped
f1r,A,shok,unmapped
f1r,A,chor,reflux
f1r,A,chey,unmapped
f1r,A,dain,unmapped
f1r,A,ckhey,unmapped
f1r,A,otol,outlet
f1r,A,daiiin,unmapped
f1r,A,cpho,unmapped
f1r,A,shaiin,medium
f1r,A,shokcheey,unmapped
f1r,A,chol,outlet
f1r,A,tshodeesy,unmapped
f1r,A,shey,unmapped
f1r,A,pydeey,unmapped
f1r,A,cha,unmapped
f1r,A,ro,unmapped
f1r,A,dar,reflux
f1r,A,ydoin,unmapped
f1r,A,chol,outlet
f1r,A,dain,unmapped
f1r,A,cthal,outlet
f1r,A,dar,reflux
f1r,A,shear,reflux
f1r,A,kaiin,medium
f1r,A,dar,reflux
f1r,A,shey,unmapped
f1r,A,cthar,reflux
f1r,A,cho,unmapped
f1r,A,o,unmapped
f1r,A,kaiin,medium
f1r,A,shoaiin,medium
f1r,A,okol,heat
f1r,A,daiin,medium
f1r,A,far,reflux
f1r,A,cthol,outlet
f1r,A,daiin,medium
f1r,A,ctholdar,reflux
f1r,A,ycheey,unmapped
f1r,A,okeey,heat
f1r,A,oky,heat
f1r,A,daiin,medium
f1r,A,okchey,heat
f1r,A,kokaiin,medium
f1r,A,ochol,outlet
f1r,A,kdchy,unmapped
f1r,A,dal,outlet
f1r,A,dcheo,unmapped
f1r,A,shody,unmapped
f1r,A,koshey,unmapped
f1r,A,cthy,unmapped
f1r,A,ok,heat
f1r,A,chey,unmapped
f1r,A,keey,unmapped
f1r,A,keey,unmapped
f1r,A,dal,outlet
f1r,A,chtor,reflux
f1r,A,eo,unmapped
f1r,A,chol,outlet
f1r,A,chok,unmapped
f1r,A,choty,unmapped
f1r,A,chotey,unmapped
f1r,A,dchaiin,medium
f1v,A,kchsy,unmapped
f1v,A,chydaiin,medium
f1v,A,ol,outlet
f1v,A,o,unmapped
f1v,A,l,unmapped
f1v,A,tchey,unmapped
f1v,A,char,reflux
f1v,A,cfhar,reflux
f1v,A,am,drain
f1v,A,yteey,unmapped
f1v,A,char,reflux
f1v,A,or,reflux
f1v,A,ochy,unmapped
f1v,A,dcho,unmapped
f1v,A,lkody,unmapped
f1v,A,okodar,heat
f1v,A,chody,unmapped
f1v,A,da,unmapped
f1v,A,ckhy,unmapped
f1v,A,ckhockhy,unmapped
f1v,A,shy,unmapped
f1v,A,dksheey,unmapped
f1v,A,cthy,unmapped
f1v,A,kotchody,unmapped
f1v,A,dal,outlet
f1v,A,dol,outlet
f1v,A,chokeo,unmapped
f1v,A,dair,unmapped
f1v,A,dam,drain
f1v,A,sochey,unmapped
f1v,A,chokody,unmapped
f1v,A,potoy,unmapped
f1v,A,shol,outlet
f1v,A,dair,unmapped
f1v,A,cphoal,outlet
f1v,A,dar,reflux
f1v,A,chey,unmapped
f1v,A,tody,unmapped
f1v,A,otoaiin,medium
f1v,A,shoshy,unmapped
f1v,A,choky,unmapped
f1v,A,chol,outlet
f1v,A,ctho,unmapped
f1v,A,l,unmapped
f1v,A,shol,outlet
f1v,A,okal,heat
f1v,A,dolchey,unmapped
f1v,A,chodo,unmapped
f1v,A,lol,outlet
f1v,A,chy,unmapped
f1v,A,cthy,unmapped
f1v,A,qo,heat
f1v,A,ol,outlet
f1v,A,choees,unmapped
f1v,A,cheol,outlet
f1v,A,dol,outlet
f1v,A,cthey,unmapped
f1v,A,ykol,outlet
f1v,A,dol,outlet
f1v,A,dolo,unmapped
f1v,A,ykol,outlet
f1v,A,do,unmapped
f1v,A,lchiody,unmapped
f1v,A,okolshol,heat
f1v,A,kol,outlet
f1v,A,kechy,unmapped
f1v,A,chol,outlet
f1v,A,ky,unmapped
f1v,A,chol,outlet
f1v,A,cthol,outlet
f1v,A,chody,unmapped
f1v,A,chol,outlet
f1v,A,daiin,medium
f1v,A,shor,reflux
f1v,A,okol,heat
f1v,A,chol,outlet
f1v,A,dol,outlet
f1v,A,ky,unmapped
f1v,A,dar,reflux
f1v,A,shol,outlet
f1v,A,dchor,reflux
f1v,A,o,unmapped
f1v,A,tcho,unmapped
f1v,A,dar,reflux
f1v,A,sh:ody,unmapped
f1v,A,taor,reflux
f1v,A,chotchey,unmapped
f1v,A,dal,outlet
f1v,A,chody,unmapped
f1v,A,schody,unmapped
f1v,A,pol,outlet
f1v,A,chodar,reflux
f2r,A,kydainy,unmapped
f2r,A,ypchol,outlet
f2r,A,daiin,medium
f2r,A,otchal,outlet
f2r,A,ypchaiin,medium
f2r,A,ckholsy,unmapped
f2r,A,dorchory,unmapped
f2r,A,chkar,reflux
f2r,A,s,unmapped
f2r,A,shor,reflux
f2r,A,cthy,unmapped
f2r,A,qotaiin,heat
f2r,A,cthey,unmapped
f2r,A,y,unmapped
f2r,A,chor,reflux
f2r,A,chy,unmapped
f2r,A,ydy,unmapped
f2r,A,chaiin,medium
f2r,A,aiidy,unmapped
f2r,A,chtod,unmapped
f2r,A,dy,unmapped
f2r,A,cphy,unmapped
f2r,A,dals,unmapped
f2r,A,chokaiin,medium
f2r,A,d,unmapped
f2r,A,otochor,reflux
f2r,A,al,outlet
f2r,A,shodaiin,medium
f2r,A,chol,outlet
f2r,A,dan,unmapped
f2r,A,ytchaiin,medium
f2r,A,dan,unmapped
f2r,A,saiin,medium
f2r,A,dain,unmapped
f2r,A,d,unmapped
f2r,A,dkol,outlet
f2r,A,sor,reflux
f2r,A,ytoldy,unmapped
f2r,A,dchol,outlet
f2r,A,dchy,unmapped
f2r,A,cthy,unmapped
f2r,A,shor,reflux
f2r,A,ckhy,unmapped
f2r,A,daiiny,unmapped
f2r,A,chol,outlet
f2r,A,dan,unmapped
f2r,A,kydain,unmapped
f2r,A,shaiin,medium
f2r,A,qoy,heat
f2r,A,s,unmapped
f2r,A,shol,outlet
f2r,A,fodan,unmapped
f2r,A,yksh,unmapped
f2r,A,olsheey,unmapped
f2r,A,daiildy,unmapped
f2r,A,dls,unmapped
f2r,A,sho,unmapped
f2r,A,kol,outlet
f2r,A,sheey,unmapped
f2r,A,qokey,heat
f2r,A,ykody,unmapped
f2r,A,so,unmapped
f2r,A,chol,outlet
f2r,A,yky,unmapped
f2r,A,dain,unmapped
f2r,A,daiisol,outlet
f2r,A,qo'ky,heat
f2r,A,cholaiin,medium
f2r,A,shol,outlet
f2r,A,sheky,unmapped
f2r,A,daiin,medium
f2r,A,cthey,unmapped
f2r,A,keol,outlet
f2r,A,saiin,medium
f2r,A,e'a'iin,unmapped
f2r,A,ychain,unmapped
f2r,A,dal,outlet
f2r,A,chy,unmapped
f2r,A,dalor,reflux
f2r,A,shan,unmapped
f2r,A,dan,unmapped
f2r,A,olsaiin,medium
f2r,A,sheey,unmapped
f2r,A,ckhor,reflux
f2r,A,okol,heat
f2r,A,chy,unmapped
f2r,A,chor,reflux
f2r,A,cthor,reflux
f2r,A,yor,reflux
f2r,A,an,unmapped
f2r,A,chan,unmapped
f2r,A,saiin,medium
f2r,A,chety,unmapped
f2r,A,chyky,unmapped
f2r,A,sal,outlet
f2r,A,sho,unmapped
f2r,A,ykeey,unmapped
f2r,A,chey,unmapped
f2r,A,daiin,medium
f2r,A,chcthy,unmapped
f2r,A,ytoail,unmapped
f2r,A,ios,unmapped
f2r,A,an,unmapped
f2r,A,on,unmapped
f2v,A,kooiin,unmapped
f2v,A,cheo,unmapped
f2v,A,pchor,reflux
f2v,A,otaiin,medium
f2v,A,odain,unmapped
f2v,A,chor,reflux
f2v,A,dair,unmapped
f2v,A,shty,unmapped
f2v,A,kcho,unmapped
f2v,A,kchy,unmapped
f2v,A,sho,unmapped
f2v,A,shol,outlet
f2v,A,qotcho,heat
f2v,A,loeees,unmapped
f2v,A,qoty,heat
f2v,A,chor,reflux
f2v,A,daiin,medium
f2v,A,otchy,unmapped
f2v,A,chor,reflux
f2v,A,lshy,unmapped
f2v,A,chol,outlet
f2v,A,chody,unmapped
f2v,A,chodain,unmapped
f2v,A,chcthy,unmapped
f2v,A,daiin,medium
f2v,A,sho,unmapped
f2v,A,cholo,unmapped
f2v,A,cheor,reflux
f2v,A,chodaiin,medium
f2v,A,kchor,reflux
f2v,A,shy,unmapped
f2v,A,daiiin,unmapped
f2v,A,chm,drain
f2v,A,s,unmapped
f2v,A,shey,unmapped
f2v,A,dor,reflux
f2v,A,chol,outlet
f2v,A,daiin,medium
f2v,A,dor,reflux
f2v,A,chol,outlet
f2v,A,chor,reflux
f2v,A,chol,outlet
f2v,A,keol,outlet
f2v,A,chy,unmapped
f2v,A,chty,unmapped
f2v,A,daiin,medium
f2v,A,o,unmapped
f2v,A,tchor,reflux
f2v,A,chan,unmapped
f2v,A,daiin,medium
f2v,A,chotchey,unmapped
f2v,A,qoteeey,heat
f2v,A,chokeos,unmapped
f2v,A,chees,unmapped
f2v,A,chr,unmapped
f2v,A,cheaiin,medium
f2v,A,chokoishe,unmapped
f2v,A,chor,reflux
f2v,A,cheol,outlet
f2v,A,chol,outlet
f2v,A,dolody,unmapped
f3r,A,tsheos,unmapped
f3r,A,qopal,heat
f3r,A,chol,outlet
f3r,A,cthol,outlet
f3r,A,daimg,unmapped
f3r,A,ycheor,reflux
f3r,A,chor,reflux
f3r,A,dam,drain
f3r,A,qotcham,drain
f3r,A,cham,drain
f3r,A,ochor,reflux
f3r,A,qocheor,heat
f3r,A,chol,outlet
f3r,A,daiin,medium
f3r,A,cthy,unmapped
f3r,A,schey,unmapped
f3r,A,chor,reflux
f3r,A,chal,outlet
f3r,A,chag,unmapped
f3r,A,cham,drain
f3r,A,cho,unmapped
f3r,A,qokol,heat
f3r,A,chololy,unmapped
f3r,A,s,unmapped
f3r,A,cham,drain
f3r,A,cthol,outlet
f3r,A,ychtaiin,medium
f3r,A,chor,reflux
f3r,A,cthom,unmapped
f3r,A,otaldam,drain
f3r,A,otchol,outlet
f3r,A,qodaiin,heat
f3r,A,chom,unmapped
f3r,A,shom,unmapped
f3r,A,damo,unmapped
f3r,A,ysheor,reflux
f3r,A,chor,reflux
f3r,A,chol,outlet
f3r,A,oky,heat
f3r,A,dago,unmapped
f3r,A,sho,unmapped
f3r,A,vor,reflux
f3r,A,sheoldam,drain
f3r,A,otchody,unmapped
f3r,A,ol,outlet
f3r,A,ydar,reflux
f3r,A,cholcthom,unmapped
f3r,A,pcheol,outlet
f3r,A,shol,outlet
f3r,A,sols,unmapped
f3r,A,sheol,outlet
f3r,A,shey,unmapped
f3r,A,okadaiin,heat
f3r,A,qokchor,heat
f3r,A,qo,heat
f3r,A,schodam,drain
f3r,A,octhy,unmapped
f3r,A,qokeey,heat
f3r,A,qot,heat
f3r,A,shey,unmapped
f3r,A,qokody,heat
f3r,A,qokshey,heat
f3r,A,cheody,unmapped
f3r,A,chor,reflux
f3r,A,qodair,heat
f3r,A,okeey,heat
f3r,A,qokeey,heat
f3r,A,tsheoarom,unmapped
f3r,A,shor,reflux
f3r,A,or,reflux
f3r,A,chor,reflux
f3r,A,olchsy,unmapped
f3r,A,chom,unmapped
f3r,A,otchom,unmapped
f3r,A,oporar,reflux
f3r,A,oteol,outlet
f3r,A,chol,outlet
f3r,A,s,unmapped
f3r,A,cheol,outlet
f3r,A,ekshy,unmapped
f3r,A,qokeom,heat
f3r,A,qokol,heat
f3r,A,daiin,medium
f3r,A,soleeg,unmapped
f3r,A,soeom,unmapped
f3r,A,okeom,heat
f3r,A,yteody,unmapped
f3r,A,qokeeodal,heat
f3r,A,sam,drain
f3r,A,pcheoldom,unmapped
f3r,A,shodaiin,medium
f3r,A,qopchor,heat
f3r,A,qopol,heat
f3r,A,opchol,outlet
f3r,A,qoty,heat
f3r,A,otolom,unmapped
f3r,A,otchor,reflux
f3r,A,ol,outlet
f3r,A,cheor,reflux
f3r,A,qoeor,heat
f3r,A,dair,unmapped
f3r,A,qoteol,heat
f3r,A,qosaiin,heat
f3r,A,chor,reflux
f3r,A,cthy,unmapped
f3r,A,ycheor,reflux
f3r,A,chol,outlet
f3r,A,odaiin,medium
f3r,A,chol,outlet
f3r,A,s,unmapped
f3r,A,aiin,medium
f3r,A,okol,heat
f3r,A,or,reflux
f3r,A,am,drain
f3v,A,koaiin,medium
f3v,A,cphor,reflux
f3v,A,qotoy,heat
f3v,A,sha,unmapped
f3v,A,ckhol,outlet
f3v,A,ykoaiin,medium
f3v,A,s,unmapped
f3v,A,oly,unmapped
f3v,A,daiidy,unmapped
f3v,A,qoteeol,heat
f3v,A,okeeor,heat
f3v,A,okor,heat
f3v,A,olytol,outlet
f3v,A,dol,outlet
f3v,A,dar,reflux
f3v,A,okom,heat
f3v,A,chol,outlet
f3v,A,shol,outlet
f3v,A,seees,unmapped
f3v,A,chom,unmapped
f3v,A,cheeykam,drain
f3v,A,okai,heat
f3v,A,qodar,heat
f3v,A,ees,unmapped
f3v,A,eey,unmapped
f3v,A,kcheol,outlet
f3v,A,okal,heat
f3v,A,do,unmapped
f3v,A,r,unmapped
f3v,A,chear,reflux
f3v,A,een,unmapped
f3v,A,ychear,reflux
f3v,A,otchal,outlet
f3v,A,cho,unmapped
f3v,A,r,unmapped
f3v,A,char,reflux
f3v,A,ckha,unmapped
f3v,A,or,reflux
f3v,A,cheor,reflux
f3v,A,kor,reflux
f3v,A,chodaly,unmapped
f3v,A,chom,unmapped
f3v,A,tchor,reflux
f3v,A,otcham,drain
f3v,A,chor,reflux
f3v,A,cfham,drain
f3v,A,s,unmapped
f3v,A,ykchy,unmapped
f3v,A,kchom,unmapped
f3v,A,chor,reflux
f3v,A,chckhol,outlet
f3v,A,oka,heat
f3v,A,ytcheear,reflux
f3v,A,okeol,heat
f3v,A,cthodoaly,unmapped
f3v,A,chor,reflux
f3v,A,cthy,unmapped
f3v,A,ochos,unmapped
f3v,A,daiin,medium
f3v,A,qokshol,heat
f3v,A,daiim,unmapped
f3v,A,chol,outlet
f3v,A,okary,heat
f3v,A,sho,unmapped
f3v,A,shockho,unmapped
f3v,A,ckhy,unmapped
f3v,A,tchor,reflux
f3v,A,chodaiin,medium
f3v,A,chom,unmapped
f3v,A,osh,unmapped
f3v,A,chodair,unmapped
f3v,A,ytchy,unmapped
f3v,A,tchor,reflux
f3v,A,kcham,drain
f3v,A,s,unmapped
f3v,A,shar,reflux
f3v,A,shkaiin,medium
f3v,A,qokchy,heat
f3v,A,yty,unmapped
f3v,A,cthal,outlet
f3v,A,chky,unmapped
f3v,A,dain,unmapped
f3v,A,sheam,drain
f3v,A,y,unmapped
f3v,A,keam,drain
f4r,A,kodalchy,unmapped
f4r,A,chpady,unmapped
f4r,A,sheol,outlet
f4r,A,ol,outlet
f4r,A,sheey,unmapped
f4r,A,qotey,heat
f4r,A,doiin,unmapped
f4r,A,chor,reflux
f4r,A,ytoy,unmapped
f4r,A,dchor,reflux
f4r,A,shol,outlet
f4r,A,shol,outlet
f4r,A,cthol,outlet
f4r,A,shtchy,unmapped
f4r,A,chaiin,medium
f4r,A,s,unmapped
f4r,A,choraiin,medium
f4r,A,chom,unmapped
f4r,A,otchol,outlet
f4r,A,chol,outlet
f4r,A,chy,unmapped
f4r,A,chaiin,medium
f4r,A,qotaiin,heat
f4r,A,daiin,medium
f4r,A,shain,unmapped
f4r,A,qotchol,heat
f4r,A,chy,unmapped
f4r,A,yty,unmapped
f4r,A,daiin,medium
f4r,A,okaiin,heat
f4r,A,cthy,unmapped
f4r,A,pydaiin,medium
f4r,A,qotchy,heat
f4r,A,dy,unmapped
f4r,A,tydy,unmapped
f4r,A,chor,reflux
f4r,A,shytchy,unmapped
f4r,A,dytcheey,unmapped
f4r,A,qotaiin,heat
f4r,A,cthol,outlet
f4r,A,daiin,medium
f4r,A,cthom,unmapped
f4r,A,shor,reflux
f4r,A,shol,outlet
f4r,A,shol,outlet
f4r,A,cthy,unmapped
f4r,A,cpholdy,unmapped
f4r,A,daiin,medium
f4r,A,ckhochy,unmapped
f4r,A,tchy,unmapped
f4r,A,kor,reflux
f4r,A,aiin,medium
f4r,A,odal,outlet
f4r,A,shor,reflux
f4r,A,shyshol,outlet
f4r,A,cphaiin,medium
f4r,A,qotchoiin,heat
f4r,A,sheor,reflux
f4r,A,qoty,heat
f4r,A,soiin,unmapped
f4r,A,chaiin,medium
f4r,A,chaiin,medium
f4r,A,daiin,medium
f4r,A,cthey,unmapped
f4v,A,pchooiin,unmapped
f4v,A,ksheo,unmapped
f4v,A,kchoy,unmapped
f4v,A,chopchy,unmapped
f4v,A,dolds,unmapped
f4v,A,dlod,unmapped
f4v,A,ol,outlet
f4v,A,chey,unmapped
f4v,A,chy,unmapped
f4v,A,cthy,unmapped
f4v,A,shkchor,reflux
f4v,A,sheo,unmapped
f4v,A,cheory,unmapped
f4v,A,choldy,unmapped
f4v,A,sho,unmapped
f4v,A,sho,unmapped
f4v,A,chaiin,medium
f4v,A,shaiin,medium
f4v,A,daiin,medium
f4v,A,qodaiin,heat
f4v,A,o,unmapped
f4v,A,aram,drain
f4v,A,qokshy,heat
f4v,A,qocthy,heat
f4v,A,choteol,outlet
f4v,A,daiin,medium
f4v,A,cthey,unmapped
f4v,A,choaiin,medium
f4v,A,shor,reflux
f4v,A,sheey,unmapped
f4v,A,otoiin,unmapped
f4v,A,shey,unmapped
f4v,A,qotchoiin,heat
f4v,A,chodain,unmapped
f4v,A,ytchoy,unmapped
f4v,A,shokchy,unmapped
f4v,A,cphody,unmapped
f4v,A,torchy,unmapped
f4v,A,sheeor,reflux
f4v,A,chor,reflux
f4v,A,chokchy,unmapped
f4v,A,cphydy,unmapped
f4v,A,oleeeb,unmapped
f4v,A,chor,reflux
f4v,A,cthol,outlet
f4v,A,sho,unmapped
f4v,A,otor,reflux
f4v,A,cthory,unmapped
f4v,A,qooko,heat
f4v,A,iiin,unmapped
f4v,A,cheog,unmapped
f4v,A,chcthy,unmapped
f4v,A,shoky,unmapped
f4v,A,daiin,medium
f4v,A,otaiin,medium
f4v,A,sheo,unmapped
f4v,A,okeody,heat
f4v,A,chol,outlet
f4v,A,chokeody,unmapped
f4v,A,sho,unmapped
f4v,A,kcheor,reflux
f4v,A,shody,unmapped
f4v,A,shtaiin,medium
f4v,A,qotol,heat
f4v,A,daiin,medium
f4v,A,qokey,heat
f4v,A,sho,unmapped
f4v,A,okeol,heat
f4v,A,s,unmapped
f4v,A,keey,unmapped
f4v,A,shar,reflux
f4v,A,char,reflux
f4v,A,ody,unmapped
f4v,A,shody,unmapped
f4v,A,s,unmapped
f4v,A,cheor,reflux
f4v,A,chokody,unmapped
f4v,A,shodaiin,medium
f4v,A,qoty,heat
f4v,A,ochody,unmapped
f4v,A,chy,unmapped
f4v,A,key,unmapped
f4v,A,chtody,unmapped
f5r,A,kchody,unmapped
f5r,A,fchoy,unmapped
f5r,A,chkoy,unmapped
f5r,A,oaiin,medium
f5r,A,oar,reflux
f5r,A,olsy,unmapped
f5r,A,chody,unmapped
f5r,A,dkshy,unmapped
f5r,A,dy,unmapped
f5r,A,ochey,unmapped
f5r,A,okey,heat
f5r,A,qokaiin,heat
f5r,A,sho,unmapped
f5r,A,ckhoy,unmapped
f5r,A,cthey,unmapped
f5r,A,chey,unmapped
f5r,A,okas,heat
f5r,A,otol,outlet
f5r,A,qoaiin,heat
f5r,A,otan,unmapped
f5r,A,chy,unmapped
f5r,A,daiin,medium
f5r,A,oteeeb,unmapped
f5r,A,chocthy,unmapped
f5r,A,otchy,unmapped
f5r,A,qotchody,heat
f5r,A,otain,unmapped
f5r,A,sheody,unmapped
f5r,A,chan,unmapped
f5r,A,s,unmapped
f5r,A,cheor,reflux
f5r,A,chocthy,unmapped
f5r,A,tchy,unmapped
f5r,A,shody,unmapped
f5r,A,qoaiin,heat
f5r,A,cholols,unmapped
f5r,A,sho,unmapped
f5r,A,qotcheo,heat
f5r,A,daiin,medium
f5r,A,shodaiin,medium
f5r,A,sho,unmapped
f5r,A,cheor,reflux
f5r,A,chey,unmapped
f5r,A,qoeeey,heat
f5r,A,qoykeeey,heat
f5r,A,qoeor,heat
f5r,A,cthy,unmapped
f5r,A,shotshy,unmapped
f5r,A,dy,unmapped
f5r,A,qotoeey,heat
f5r,A,keey,unmapped
f5r,A,cheo,unmapped
f5r,A,kchy,unmapped
f5r,A,shody,unmapped
f5v,A,k,unmapped
f5v,A,o,unmapped
f5v,A,cheor,reflux
f5v,A,chor,reflux
f5v,A,ytchey,unmapped
f5v,A,pshod,unmapped
f5v,A,chols,unmapped
f5v,A,chodaiin,medium
f5v,A,ytoiiin,unmapped
f5v,A,daiin,medium
f5v,A,dchol,outlet
f5v,A,chol,outlet
f5v,A,otaiin,medium
f5v,A,dain,unmapped
f5v,A,cthor,reflux
f5v,A,chots,unmapped
f5v,A,ychopordg,unmapped
f5v,A,qotcho,heat
f5v,A,ytor,reflux
f5v,A,daiin,medium
f5v,A,daiin,medium
f5v,A,otchor,reflux
f5v,A,daiin,medium
f5v,A,q'o,unmapped
f5v,A,darchor,reflux
f5v,A,do,unmapped
f5v,A,qotor,heat
f5v,A,shees,unmapped
f5v,A,otol,outlet
f5v,A,ykoiin,unmapped
f5v,A,shol,outlet
f5v,A,daiin,medium
f5v,A,cthor,reflux
f5v,A,okch,heat
f5v,A,y,unmapped
f5v,A,taiin,medium
f5v,A,shokeeol,outlet
f5v,A,chor,reflux
f5v,A,cheotol,outlet
f5v,A,otchol,outlet
f5v,A,daiin,medium
f5v,A,dal,outlet
f5v,A,chol,outlet
f5v,A,chotaiin,medium
f5v,A,otol,outlet
f5v,A,chol,outlet
f5v,A,dairodg,unmapped
f6r,A,foar,reflux
f6r,A,y,unmapped
f6r,A,shol,outlet
f6r,A,cholor,reflux
f6r,A,cphol,outlet
f6r,A,chor,reflux
f6r,A,ch,unmapped
f6r,A,chopchol,outlet
f6r,A,otcham,drain
f6r,A,daiin,medium
f6r,A,chckhy,unmapped
f6r,A,chor,reflux
f6r,A,chor,reflux
f6r,A,kar,reflux
f6r,A,cthy,unmapped
f6r,A,cthor,reflux
f6r,A,chotols,unmapped
f6r,A,foeear,reflux
f6r,A,kshor,reflux
f6r,A,choky,unmapped
f6r,A,os,unmapped
f6r,A,cheoeees,unmapped
f6r,A,ykeor,reflux
f6r,A,ytaiin,medium
f6r,A,dam,drain
f6r,A,dar,reflux
f6r,A,cho,unmapped
f6r,A,s,unmapped
f6r,A,sheor,reflux
f6r,A,choy,unmapped
f6r,A,otcham,drain
f6r,A,yaiir,unmapped
f6r,A,chy,unmapped
f6r,A,tar,reflux
f6r,A,okoiin,heat
f6r,A,shees,unmapped
f6r,A,ytaly,unmapped
f6r,A,cthaiin,medium
f6r,A,odam,drain
f6r,A,or,reflux
f6r,A,al,outlet
f6r,A,daiin,medium
f6r,A,ckham,drain
f6r,A,okom,heat
f6r,A,cthaiin,medium
f6r,A,ydaiin,medium
f6r,A,daiin,medium
f6r,A,qodaiin,heat
f6r,A,cho,unmapped
f6r,A,s,unmapped
f6r,A,chol,outlet
f6r,A,okaiin,heat
f6r,A,s,unmapped
f6r,A,ychol,outlet
f6r,A,ckhor,reflux
f6r,A,pchar,reflux
f6r,A,sheo,unmapped
f6r,A,ckhaiin,medium
f6r,A,dar,reflux
f6r,A,sheol,outlet
f6r,A,skaiiodar,reflux
f6r,A,otaiin,medium
f6r,A,chory,unmapped
f6r,A,tchor,reflux
f6r,A,ctheod,unmapped
f6r,A,chy,unmapped
f6r,A,shor,reflux
f6r,A,od,unmapped
f6r,A,she,unmapped
f6r,A,od,unmapped
f6r,A,ychar,reflux
f6r,A,olchaj,unmapped
f6r,A,ol,outlet
f6r,A,chokaiin,medium
f6r,A,or,reflux
f6r,A,shol,outlet
f6r,A,cthom,unmapped
f6r,A,chor,reflux
f6r,A,cthy,unmapped
f6r,A,qocthol,heat
f6r,A,yodaiin,medium
f6r,A,cthy,unmapped
f6r,A,ysho,unmapped
f6r,A,taiin,medium
f6r,A,y,unmapped
f6r,A,kaiim,unmapped
f6v,A,koary,unmapped
f6v,A,sar,reflux
f6v,A,ch:eekar,reflux
f6v,A,qoor,heat
f6v,A,shor,reflux
f6v,A,chapchy,unmapped
f6v,A,s,unmapped
f6v,A,chear,reflux
f6v,A,char,reflux
f6v,A,otchy,unmapped
f6v,A,oees,unmapped
f6v,A,chor,reflux
f6v,A,chckhy,unmapped
f6v,A,qoekchar,heat
f6v,A,cheas,unmapped
f6v,A,odaiiin,unmapped
f6v,A,kchey,unmapped
f6v,A,chor,reflux
f6v,A,chaiin,medium
f6v,A,qoair,heat
f6v,A,ckhy,unmapped
f6v,A,chol,outlet
f6v,A,oechockhy,unmapped
f6v,A,chekchoy,unmapped
f6v,A,ckhy,unmapped
f6v,A,okol,heat
f6v,A,rychos,unmapped
f6v,A,y,unmapped
f6v,A,shckhy,unmapped
f6v,A,ytchoy,unmapped
f6v,A,s,unmapped
f6v,A,os,unmapped
f6v,A,y,unmapped
f6v,A,jajy,unmapped
f6v,A,dchy,unmapped
f6v,A,dey,unmapped
f6v,A,okody,heat
f6v,A,ytody,unmapped
f6v,A,dair,unmapped
f6v,A,chodam,drain
f6v,A,dam,drain
f6v,A,okor,heat
f6v,A,oty,unmapped
f6v,A,doldom,unmapped
f6v,A,tchody,unmapped
f6v,A,shocthol,outlet
f6v,A,choy,unmapped
f6v,A,s,unmapped
f6v,A,ychos,unmapped
f6v,A,ychol,outlet
f6v,A,daiin,medium
f6v,A,cthol,outlet
f6v,A,dol,outlet
f6v,A,ychor,reflux
f6v,A,chor,reflux
f6v,A,okchey,heat
f6v,A,qokom,heat
f6v,A,oeeo,unmapped
f6v,A,dal,outlet
f6v,A,chor,reflux
f6v,A,cthom,unmapped
f6v,A,s,unmapped
f6v,A,qokchod,heat
f6v,A,ychear,reflux
f6v,A,kchdy,unmapped
f6v,A,lor,reflux
f6v,A,char,reflux
f6v,A,otam,drain
f6v,A,ctho,unmapped
f6v,A,m,unmapped
f6v,A,dy,unmapped
f6v,A,ytchos,unmapped
f6v,A,shy,unmapped
f6v,A,qokam,drain
f6v,A,cthy,unmapped
f6v,A,yodaiin,medium
f6v,A,cthy,unmapped
f6v,A,s,unmapped
f6v,A,chor,reflux
f6v,A,oees,unmapped
f6v,A,or,reflux
f6v,A,qokor,heat
f6v,A,chol,outlet
f6v,A,cthol,outlet
f6v,A,tchalody,unmapped
f6v,A,chockhy,unmapped
f6v,A,s,unmapped
f6v,A,or,reflux
f6v,A,chy,unmapped
f6v,A,s,unmapped
f6v,A,ain,unmapped
f6v,A,ar,reflux
f6v,A,ochy,unmapped
f6v,A,cthar,reflux
f6v,A,cthar,reflux
f6v,A,cthy,unmapped
f6v,A,y,unmapped
f6v,A,chaies,unmapped
f6v,A,ckhal,outlet
f6v,A,cthodam,drain
f6v,A,dy,unmapped
f6v,A,ytchocthol,outlet
f6v,A,ches,unmapped
f6v,A,or,reflux
f6v,A,ocholy,unmapped
f6v,A,kchos,unmapped
f6v,A,chy,unmapped
f6v,A,dor,reflux
f6v,A,dchor,reflux
f6v,A,choldar,reflux
f6v,A,okol,heat
f6v,A,daiin,medium
f6v,A,ycheor,reflux
f6v,A,chor,reflux
f6v,A,octham,drain
f7r,A,fchodaiin,medium
f7r,A,shopchey,unmapped
f7r,A,qko,unmapped
f7r,A,shey,unmapped
f7r,A,qoos,heat
f7r,A,sheey,unmapped
f7r,A,charochy,unmapped
f7r,A,dcheey,unmapped
f7r,A,keo,unmapped
f7r,A,r,unmapped
f7r,A,shor,reflux
f7r,A,dold,unmapped
f7r,A,dchey,unmapped
f7r,A,kchey,unmapped
f7r,A,otchy,unmapped
f7r,A,cheody,unmapped
f7r,A,oeeees,unmapped
f7r,A,cheodaiin,medium
f7r,A,sheey,unmapped
f7r,A,ytcheey,unmapped
f7r,A,qotchy,heat
f7r,A,chald,unmapped
f7r,A,qokcho,heat
f7r,A,cho,unmapped
f7r,A,lochey,unmapped
f7r,A,daiin,medium
f7r,A,ychey,unmapped
f7r,A,kchos,unmapped
f7r,A,odaiin,medium
f7r,A,oaiir,unmapped
f7r,A,otaiin,medium
f7r,A,ksholo,unmapped
f7r,A,chey,unmapped
f7r,A,qotoees,heat
f7r,A,chkoldy,unmapped
f7r,A,otchor,reflux
f7r,A,choaiin,medium
f7r,A,dshoy,unmapped
f7r,A,cthol,outlet
f7r,A,chol,outlet
f7r,A,otchol,outlet
f7r,A,dain,unmapped
f7r,A,shody,unmapped
f7r,A,shol,outlet
f7r,A,chotchy,unmapped
f7r,A,okchey,heat
f7r,A,deeeese,unmapped
f7r,A,choty,unmapped
f7r,A,qokchy,heat
f7r,A,shol,outlet
f7r,A,keey,unmapped
f7r,A,choty,unmapped
f7r,A,dain,unmapped
f7r,A,qokechy,heat
f7r,A,ol,outlet
f7r,A,choiin,unmapped
f7r,A,chol,outlet
f7r,A,cphey,unmapped
f7r,A,shckhy,unmapped
f7r,A,chochy,unmapped
f7r,A,kchod,unmapped
f7r,A,s,unmapped
f7r,A,chain,unmapped
f7r,A,chor,reflux
f7r,A,daiin,medium
f7r,A,chckhy,unmapped
f7v,A,polyshy,unmapped
f7v,A,shey,unmapped
f7v,A,tchody,unmapped
f7v,A,qopchy,heat
f7v,A,otshol,outlet
f7v,A,dy,unmapped
f7v,A,daiin,medium
f7v,A,tshodody,unmapped
f7v,A,chochy,unmapped
f7v,A,cthy,unmapped
f7v,A,daiin,medium
f7v,A,qoky,heat
f7v,A,chy,unmapped
f7v,A,daiin,medium
f7v,A,cthol,outlet
f7v,A,cthy,unmapped
f7v,A,cthd,unmapped
f7v,A,qokchy,heat
f7v,A,dykchy,unmapped
f7v,A,chkeey,unmapped
f7v,A,kshy,unmapped
f7v,A,ky,unmapped
f7v,A,ty,unmapped
f7v,A,dor,reflux
f7v,A,cheey,unmapped
f7v,A,o,unmapped
f7v,A,l,unmapped
f7v,A,cheol,outlet
f7v,A,dy,unmapped
f7v,A,choteeeb,unmapped
f7v,A,oeear,reflux
f7v,A,choschy,unmapped
f7v,A,dain,unmapped
f7v,A,sho,unmapped
f7v,A,kshy,unmapped
f7v,A,shol,outlet
f7v,A,deees,unmapped
f7v,A,dol,outlet
f7v,A,dchodaiin,medium
f7v,A,qotchy,heat
f7v,A,cheey,unmapped
f7v,A,tcheey,unmapped
f7v,A,kchor,reflux
f7v,A,sheod,unmapped
f7v,A,sheodaiin,medium
f7v,A,sho,unmapped
f7v,A,daiin,medium
f7v,A,oksho,heat
f7v,A,lshol,outlet
f7v,A,dair,unmapped
f7v,A,qos,heat
f7v,A,okshodeeeb,heat
f7v,A,chorcheor,reflux
f7v,A,odaiin,medium
f7v,A,shotcho,unmapped
f7v,A,dol,outlet
f7v,A,dol,outlet
f7v,A,dor,reflux
f7v,A,aiin,medium
f7v,A,qoteeeo,heat
f7v,A,r,unmapped
f7v,A,cho,unmapped
f7v,A,cheeody,unmapped
f7v,A,qotchey,heat
f7v,A,tey,unmapped
f7v,A,o,unmapped
f7v,A,kcho,unmapped
f7v,A,r,unmapped
f7v,A,daiin,medium
f7v,A,sho,unmapped
f7v,A,keeo,unmapped
f7v,A,daiir,unmapped
f7v,A,chokchy,unmapped
f7v,A,dor,reflux
f7v,A,deol,outlet
f7v,A,dy,unmapped
f7v,A,dol,outlet
f7v,A,daiin,medium
f8r,A,pshol,outlet
f8r,A,chor,reflux
f8r,A,otshal,outlet
f8r,A,chopy,unmapped
f8r,A,cphol,outlet
f8r,A,chody,unmapped
f8r,A,shy,unmapped
f8r,A,cfhodar,reflux
f8r,A,shor,reflux
f8r,A,tchty,unmapped
f8r,A,sh,unmapped
f8r,A,kcheals,unmapped
f8r,A,sho,unmapped
f8r,A,okche,heat
f8r,A,do,unmapped
f8r,A,dchy,unmapped
f8r,A,dain,unmapped
f8r,A,al,outlet
f8r,A,chodar,reflux
f8r,A,shy,unmapped
f8r,A,sy,unmapped
f8r,A,chodaiin,medium
f8r,A,shokchy,unmapped
f8r,A,chor,reflux
f8r,A,dy,unmapped
f8r,A,qotor,heat
f8r,A,chor,reflux
f8r,A,chor,reflux
f8r,A,sheey,unmapped
f8r,A,dchol,outlet
f8r,A,shesed,unmapped
f8r,A,chof,unmapped
f8r,A,chy,unmapped
f8r,A,dam,drain
f8r,A,okchey,heat
f8r,A,do,unmapped
f8r,A,r,unmapped
f8r,A,cheeey,unmapped
f8r,A,dy,unmapped
f8r,A,ky,unmapped
f8r,A,scho,unmapped
f8r,A,chky,unmapped
f8r,A,ooaiin,medium
f8r,A,chy,unmapped
f8r,A,taiin,medium
f8r,A,tosh,unmapped
f8r,A,cheey,unmapped
f8r,A,koltoldy,unmapped
f8r,A,shy,unmapped
f8r,A,choety,unmapped
f8r,A,cheeody,unmapped
f8r,A,sol,outlet
f8r,A,choto,unmapped
f8r,A,kchoan,unmapped
f8r,A,choor,reflux
f8r,A,dain,unmapped
f8r,A,dcho,unmapped
f8r,A,dain,unmapped
f8r,A,tchoep,unmapped
f8r,A,sho,unmapped
f8r,A,pcheey,unmapped
f8r,A,pchey,unmapped
f8r,A,ofchey,unmapped
f8r,A,dsheey,unmapped
f8r,A,sholdaiin,medium
f8r,A,shor,reflux
f8r,A,daiin,medium
f8r,A,cheey,unmapped
f8r,A,teeodan,unmapped
f8r,A,dy,unmapped
f8r,A,cheocthy,unmapped
f8r,A,oksheo,heat
f8r,A,dol,outlet
f8r,A,dairg,unmapped
f8r,A,shol,outlet
f8r,A,cheodaiin,medium
f8r,A,daiin,medium
f8r,A,do,unmapped
f8r,A,y,unmapped
f8r,A,tchody,unmapped
f8r,A,chot,unmapped
f8r,A,choty,unmapped
f8r,A,otariin,unmapped
f8r,A,qo,heat
f8r,A,chodaiin,medium
f8r,A,shotokody,unmapped
f8r,A,chotol,outlet
f8r,A,okokchodg,heat
f8r,A,o,unmapped
f8r,A,ey,unmapped
f8r,A,shol,outlet
f8r,A,chofydy,unmapped
f8r,A,sho,unmapped
f8r,A,chey,unmapped
f8r,A,kshey,unmapped
f8r,A,lody,unmapped
f8r,A,cholal,outlet
f8r,A,dchey,unmapped
f8r,A,ckhol,outlet
f8r,A,chol,outlet
f8r,A,chey,unmapped
f8r,A,kc,unmapped
f8r,A,chy,unmapped
f8r,A,daiin,medium
f8r,A,dol,outlet
f8r,A,daiiir:chy,unmapped
f8r,A,ckhy,unmapped
f8r,A,ychey,unmapped
f8r,A,kchekchy,unmapped
f8r,A,chsey,unmapped
f8r,A,kchy,unmapped
f8r,A,scheaiin,medium
f8r,A,cthaiar,reflux
f8r,A,cthy,unmapped
f8r,A,dar,reflux
f8r,A,chol,outlet
f8r,A,dchy,unmapped
f8r,A,qokar,heat
f8r,A,chl,unmapped
f8r,A,aiin,medium
f8r,A,chean,unmapped
f8r,A,y,unmapped
f8r,A,char,reflux
f8r,A,chaiin,medium
f8r,A,okar,heat
f8r,A,cfhaiin,medium
f8r,A,chaiin,medium
f8r,A,daiin,medium
f8r,A,chor,reflux
f8r,A,cha,unmapped
f8r,A,rchealcham,drain
f8r,A,sair,unmapped
f8r,A,cheain,unmapped
f8r,A,cphol,outlet
f8r,A,dar,reflux
f8r,A,shol,outlet
f8r,A,kaiin,medium
f8r,A,shol,outlet
f8r,A,kaiin,medium
f8r,A,dai,unmapped
f8r,A,kam,drain
f8r,A,or,reflux
f8r,A,cho,unmapped
f8r,A,kesey,unmapped
f8r,A,shey,unmapped
f8r,A,o,unmapped
f8r,A,kal,outlet
f8r,A,chal,outlet
f8r,A,schol,outlet
f8r,A,saim,unmapped
f8v,A,od,unmapped
f8v,A,soo,unmapped
f8v,A,sol,outlet
f8v,A,shol,outlet
f8v,A,otol,outlet
f8v,A,chol,outlet
f8v,A,opcheaiin,medium
f8v,A,opydaiin,medium
f8v,A,saiin,medium
f8v,A,shcthal,outlet
f8v,A,sar,reflux
f8v,A,chor,reflux
f8v,A,sheaiin,medium
f8v,A,shor,reflux
f8v,A,chykchy,unmapped
f8v,A,otaiin,medium
f8v,A,y,unmapped
f8v,A,qody,heat
f8v,A,cheal,outlet
f8v,A,sy,unmapped
f8v,A,chory,unmapped
f8v,A,chear,reflux
f8v,A,shol,outlet
f8v,A,chaiin,medium
f8v,A,shaiin,medium
f8v,A,dolas,unmapped
f8v,A,dshol,outlet
f8v,A,shol,outlet
f8v,A,dol,outlet
f8v,A,chean,unmapped
f8v,A,cthar,reflux
f8v,A,shealy,unmapped
f8v,A,daiin,medium
f8v,A,chary,unmapped
f8v,A,chol,outlet
f8v,A,chol,outlet
f8v,A,dar,reflux
f8v,A,otchar,reflux
f8v,A,etaiin,medium
f8v,A,cthol,outlet
f8v,A,dar,reflux
f8v,A,daiin,medium
f8v,A,cthan,unmapped
f8v,A,ytchy,unmapped
f8v,A,chey,unmapped
f8v,A,kaiin,medium
f8v,A,dain,unmapped
f8v,A,ar,reflux
f8v,A,sho,unmapped
f8v,A,kchol,outlet
f8v,A,dar,reflux
f8v,A,shey,unmapped
f8v,A,cthar,reflux
f8v,A,chotain,unmapped
f8v,A,ry,unmapped
f8v,A,okcholksh,heat
f8v,A,chol,outlet
f8v,A,chol,outlet
f8v,A,chol,outlet
f8v,A,cthaiin,medium
f8v,A,dain,unmapped
f8v,A,shol,outlet
f8v,A,orchl,unmapped
f8v,A,chokchy,unmapped
f8v,A,chol,outlet
f8v,A,cthor,reflux
f8v,A,chaiin,medium
f8v,A,scharchy,unmapped
f8v,A,oeesody,unmapped
f8v,A,kchey,unmapped
f8v,A,pchy,unmapped
f8v,A,cpharom,unmapped
f8v,A,sorain,unmapped
f8v,A,pchar,reflux
f8v,A,cho,unmapped
f8v,A,rol,outlet
f8v,A,dal,outlet
f8v,A,shear,reflux
f8v,A,chchotaiin,medium
f8v,A,chal,outlet
f8v,A,daiin,medium
f8v,A,kchor,reflux
f8v,A,otchar,reflux
f8v,A,oky,heat
f8v,A,chokain,unmapped
f8v,A,keoky,unmapped
f8v,A,otorchy,unmapped
f8v,A,satar,reflux
f8v,A,shor,reflux
f8v,A,okol,heat
f8v,A,lokaiin,medium
f8v,A,shol,outlet
f8v,A,kol,outlet
f8v,A,char,reflux
f8v,A,cthey,unmapped
f8v,A,tchy,unmapped
f8v,A,ckham,drain
f8v,A,or,reflux
f8v,A,chol,outlet
f8v,A,chan,unmapped
f8v,A,chy,unmapped
f8v,A,chor,reflux
f8v,A,cheain,unmapped
f8v,A,char,reflux
f8v,A,cheeky,unmapped
f8v,A,chor,reflux
f8v,A,ry,unmapped
f8v,A,chor,reflux
f8v,A,cheor,reflux
f8v,A,chear,reflux
f8v,A,oteey,unmapped
f8v,A,dchor,reflux
f8v,A,chodey,unmapped
f8v,A,cho,unmapped
f8v,A,raiin,medium
f8v,A,dain,unmapped
f8v,A,chear,reflux
f8v,A,daiin,medium
f9r,B,tydlo,unmapped
f9r,B,choly,unmapped
f9r,B,cthor,reflux
f9r,B,orchey,unmapped
f9r,B,s,unmapped
f9r,B,shy,unmapped
f9r,B,odaiin,medium
f9r,B,sary,unmapped
f9r,B,shor,reflux
f9r,B,cthy,unmapped
f9r,B,oykeey,unmapped
f9r,B,chol,outlet
f9r,B,ytaiin,medium
f9r,B,okchody,heat
f9r,B,toeoky,unmapped
f9r,B,okoiin,heat
f9r,B,dy,unmapped
f9r,B,or,reflux
f9r,B,chaiin,medium
f9r,B,toiin,unmapped
f9r,B,cphy,unmapped
f9r,B,qotod,heat
f9r,B,otaiin,medium
f9r,B,cthy,unmapped
f9r,B,okor,heat
f9r,B,chey,unmapped
f9r,B,ctho,unmapped
f9r,B,d,unmapped
f9r,B,ram,drain
f9r,B,yshy,unmapped
f9r,B,chokcho,unmapped
f9r,B,chcthod,unmapped
f9r,B,shor,reflux
f9r,B,shaiin,medium
f9r,B,otar,reflux
f9r,B,dor,reflux
f9r,B,ytol,outlet
f9r,B,dayty,unmapped
f9r,B,daiin,medium
f9r,B,chor,reflux
f9r,B,sor,reflux
f9r,B,cthy,unmapped
f9r,B,chokoiin,unmapped
f9r,B,shol,outlet
f9r,B,dsholdy,unmapped
f9r,B,otchol,outlet
f9r,B,ot,unmapped
f9r,B,dy,unmapped
f9r,B,pshoain,unmapped
f9r,B,cthoaiin,medium
f9r,B,okaiir,heat
f9r,B,odoral,outlet
f9r,B,shar,reflux
f9r,B,sy,unmapped
f9r,B,shydal,outlet
f9r,B,chdy,unmapped
f9r,B,or,reflux
f9r,B,chol,outlet
f9r,B,chy,unmapped
f9r,B,tchy,unmapped
f9r,B,tchol,outlet
f9r,B,ytor,reflux
f9r,B,qotol,heat
f9r,B,chyky,unmapped
f9r,B,chodar,reflux
f9r,B,aiin,medium
f9r,B,qotcho,heat
f9r,B,qokchy,heat
f9r,B,cthey,unmapped
f9r,B,koraiin,medium
f9r,B,okain,heat
f9r,B,d,unmapped
f9r,B,dal,outlet
f9r,B,s,unmapped
f9r,B,olshocthy,unmapped
f9r,B,ocho,unmapped
f9r,B,cthy,unmapped
f9r,B,choy,unmapped
f9r,B,chodykchy,unmapped
f9r,B,saiin,medium
f9r,B,dchy,unmapped
f9r,B,daiin,medium
f9r,B,ytchas,unmapped
f9r,B,oraiin,medium
f9r,B,chkor,reflux
f9v,B,fochor,reflux
f9v,B,oporody,unmapped
f9v,B,opy,unmapped
f9v,B,shor,reflux
f9v,B,daiin,medium
f9v,B,qopchypcho,heat
f9v,B,qofol,heat
f9v,B,shol,outlet
f9v,B,cfhol,outlet
f9v,B,daiin,medium
f9v,B,dchor,reflux
f9v,B,qoaiin,heat
f9v,B,chkaiin,medium
f9v,B,cthor,reflux
f9v,B,chol,outlet
f9v,B,chor,reflux
f9v,B,cphol,outlet
f9v,B,dy,unmapped
f9v,B,oty,unmapped
f9v,B,qokaiin,heat
f9v,B,dy,unmapped
f9v,B,ykey,unmapped
f9v,B,chor,reflux
f9v,B,ykaiin,medium
f9v,B,daiin,medium
f9v,B,cthy,unmapped
f9v,B,otaiin,medium
f9v,B,oky,heat
f9v,B,oeees,unmapped
f9v,B,daiin,medium
f9v,B,ytey,unmapped
f9v,B,tch,unmapped
f9v,B,y,unmapped
f9v,B,kaiin,medium
f9v,B,cthor,reflux
f9v,B,otol,outlet
f9v,B,oty,unmapped
f9v,B,toldy,unmapped
f9v,B,pchor,reflux
f9v,B,ypcheey,unmapped
f9v,B,qotor,heat
f9v,B,ypchy,unmapped
f9v,B,olcfholy,unmapped
f9v,B,to,unmapped
f9v,B,ar,reflux
f9v,B,chty,unmapped
f9v,B,daiiin,unmapped
f9v,B,odol,outlet
f9v,B,choy,unmapped
f9v,B,ksheody,unmapped
f9v,B,chody,unmapped
f9v,B,dain,unmapped
f9v,B,otchy,unmapped
f9v,B,cthod,unmapped
f9v,B,yko,unmapped
f9v,B,qo,heat
f9v,B,chol,outlet
f9v,B,chol,outlet
f9v,B,chy,unmapped
f9v,B,daiin,medium
f9v,B,otal,outlet
f9v,B,dor,reflux
f9v,B,daim,unmapped
f9v,B,soiin,unmapped
f9v,B,daiin,medium
f9v,B,qokcho,heat
f9v,B,rokyd,unmapped
f9v,B,daly,unmapped
f9v,B,daiin,medium
f9v,B,chy,unmapped
f9v,B,tor,reflux
f9v,B,chyty,unmapped
f9v,B,dary,unmapped
f9v,B,ytoldy,unmapped
f9v,B,oty,unmapped
f9v,B,kchol,outlet
f9v,B,chol,outlet
f9v,B,chy,unmapped
f9v,B,kyty,unmapped
f9v,B,ychor,reflux
f9v,B,chshoty,unmapped
f9v,B,oky,heat
f9v,B,kaiin,medium
f9v,B,chkaiin,medium
f9v,B,ckhy,unmapped
f9v,B,chor,reflux
f10r,B,pchocthy,unmapped
f10r,B,shor,reflux
f10r,B,octhody,unmapped
f10r,B,chorchy,unmapped
f10r,B,pchodol,outlet
f10r,B,chopchal,outlet
f10r,B,ypch,unmapped
f10r,B,kom,unmapped
f10r,B,dchey,unmapped
f10r,B,cthoor,reflux
f10r,B,char,reflux
f10r,B,chty,unmapped
f10r,B,os,unmapped
f10r,B,chair,unmapped
f10r,B,otytchol,outlet
f10r,B,oky,heat
f10r,B,daiin,medium
f10r,B,etyd,unmapped
f10r,B,qotor,heat
f10r,B,o,unmapped
f10r,B,tchy,unmapped
f10r,B,daiin,medium
f10r,B,chocthy,unmapped
f10r,B,qotchy,heat
f10r,B,chol,outlet
f10r,B,or,reflux
f10r,B,yty,unmapped
f10r,B,dy,unmapped
f10r,B,dy,unmapped
f10r,B,sor,reflux
f10r,B,chaiin,medium
f10r,B,chcthy,unmapped
f10r,B,ctho,unmapped
f10r,B,ckhy,unmapped
f10r,B,or,reflux
f10r,B,aiin,medium
f10r,B,chtchor,reflux
f10r,B,doiir,unmapped
f10r,B,ody,unmapped
f10r,B,qokchy,heat
f10r,B,qotchol,heat
f10r,B,chol,outlet
f10r,B,cthy,unmapped
f10r,B,ycheor,reflux
f10r,B,cthy,unmapped
f10r,B,chor,reflux
f10r,B,cthaiin,medium
f10r,B,qoctholy,heat
f10r,B,dy,unmapped
f10r,B,chy,unmapped
f10r,B,taiin,medium
f10r,B,shy,unmapped
f10r,B,dchy,unmapped
f10r,B,qokchol,heat
f10r,B,y,unmapped
f10r,B,kchaiin,medium
f10r,B,yty,unmapped
f10r,B,daiin,medium
f10r,B,cth,unmapped
f10r,B,dain,unmapped
f10r,B,dair,unmapped
f10r,B,am,drain
f10r,B,qotchor,heat
f10r,B,chor,reflux
f10r,B,otol,outlet
f10r,B,chol,outlet
f10r,B,cholor,reflux
f10r,B,chol,outlet
f10r,B,daiin,medium
f10r,B,dar,reflux
f10r,B,oykchor,reflux
f10r,B,shor,reflux
f10r,B,chor,reflux
f10r,B,chy,unmapped
f10r,B,kaiiin,unmapped
f10r,B,dy,unmapped
f10r,B,chodaiin,medium
f10r,B,oqotor,reflux
f10r,B,otor,reflux
f10r,B,cfhy,unmapped
f10r,B,cthor,reflux
f10r,B,osain,unmapped
f10r,B,ytoiin,unmapped
f10r,B,otchoshor,reflux
f10r,B,qoty,heat
f10r,B,qotor,heat
f10r,B,cthyd,unmapped
f10r,B,otar,reflux
f10r,B,odaiin,medium
f10r,B,daiin,medium
f10r,B,qotchy,heat
f10r,B,qotor,heat
f10v,B,paiin,medium
f10v,B,daiin,medium
f10v,B,sheo,unmapped
f10v,B,pcheey,unmapped
f10v,B,qoty,heat
f10v,B,daiin,medium
f10v,B,cthor,reflux
f10v,B,otydy,unmapped
f10v,B,sain,unmapped
f10v,B,dain,unmapped
f10v,B,daiin,medium
f10v,B,ckhy,unmapped
f10v,B,chcthor,reflux
f10v,B,choiin,unmapped
f10v,B,qot,heat
f10v,B,chodaiin,medium
f10v,B,cthy,unmapped
f10v,B,daiin,medium
f10v,B,dsho,unmapped
f10v,B,ytey,unmapped
f10v,B,kchol,outlet
f10v,B,ol,outlet
f10v,B,ty,unmapped
f10v,B,chol,outlet
f10v,B,dy,unmapped
f10v,B,qotchytor,heat
f10v,B,shoiin,unmapped
f10v,B,daiin,medium
f10v,B,qotchey,heat
f10v,B,shy,unmapped
f10v,B,ytor,reflux
f10v,B,dain,unmapped
f10v,B,sho,unmapped
f10v,B,ykeey,unmapped
f10v,B,daiin,medium
f10v,B,qotchy,heat
f10v,B,qotor,heat
f10v,B,chol,outlet
f10v,B,daiin,medium
f10v,B,qokchy,heat
f10v,B,ky,unmapped
f10v,B,shoiin,unmapped
f10v,B,chor,reflux
f10v,B,shcthy,unmapped
f10v,B,qoty,heat
f10v,B,qotoiin,heat
f10v,B,qokol,heat
f10v,B,chor,reflux
f10v,B,aiin,medium
f10v,B,qokol,heat
f10v,B,chy,unmapped
f10v,B,ky,unmapped
f10v,B,chol,outlet
f10v,B,cheky,unmapped
f10v,B,daiin,medium
f10v,B,dain,unmapped
f10v,B,chckhan,unmapped
f11r,B,tshol,outlet
f11r,B,schoal,outlet
f11r,B,cfhy,unmapped
f11r,B,shfydaiin,medium
f11r,B,cphy,unmapped
f11r,B,shey,unmapped
f11r,B,tchody,unmapped
f11r,B,shoyty,unmapped
f11r,B,socthody,unmapped
f11r,B,qodor,heat
f11r,B,y,unmapped
f11r,B,kshy,unmapped
f11r,B,daiin,medium
f11r,B,ytchy,unmapped
f11r,B,ytchoky,unmapped
f11r,B,kchol,outlet
f11r,B,daiin,medium
f11r,B,qoty,heat
f11r,B,chol,outlet
f11r,B,cthy,unmapped
f11r,B,dor,reflux
f11r,B,ykychy,unmapped
f11r,B,choty,unmapped
f11r,B,dain,unmapped
f11r,B,chaiin,medium
f11r,B,daiin,medium
f11r,B,dod,unmapped
f11r,B,dchol,outlet
f11r,B,chy,unmapped
f11r,B,kchy,unmapped
f11r,B,dy,unmapped
f11r,B,daiin,medium
f11r,B,tchol,outlet
f11r,B,shor,reflux
f11r,B,shor,reflux
f11r,B,dky,unmapped
f11r,B,y,unmapped
f11r,B,daiin,medium
f11r,B,cthy,unmapped
f11r,B,d,unmapped
f11r,B,y,unmapped
f11r,B,chodl,unmapped
f11r,B,daiin,medium
f11r,B,odl,unmapped
f11r,B,d,unmapped
f11r,B,s,unmapped
f11r,B,y,unmapped
f11r,B,otol,outlet
f11r,B,chaiin,medium
f11r,B,ykchor,reflux
f11r,B,dair,unmapped
f11r,B,chody,unmapped
f11r,B,cthy,unmapped
f11r,B,s,unmapped
f11r,B,daiin,medium
f11r,B,qotchy,heat
f11r,B,okchol,heat
f11r,B,cthy,unmapped
f11r,B,dy,unmapped
f11v,B,poldchody,unmapped
f11v,B,shcphy,unmapped
f11v,B,shordy,unmapped
f11v,B,qoty,heat
f11v,B,shol,outlet
f11v,B,cphar,reflux
f11v,B,dan,unmapped
f11v,B,y,unmapped
f11v,B,shol,outlet
f11v,B,dy,unmapped
f11v,B,chckhy,unmapped
f11v,B,shcthy,unmapped
f11v,B,daiin,medium
f11v,B,dam,drain
f11v,B,ykchy,unmapped
f11v,B,dain,unmapped
f11v,B,dchy,unmapped
f11v,B,otchor,reflux
f11v,B,dy,unmapped
f11v,B,kchy,unmapped
f11v,B,tchy,unmapped
f11v,B,ar,reflux
f11v,B,qokchd,heat
f11v,B,oky,heat
f11v,B,choldy,unmapped
f11v,B,dy,unmapped
f11v,B,qokchor,heat
f11v,B,cholol,outlet
f11v,B,chyky,unmapped
f11v,B,dchy,unmapped
f11v,B,qoky,heat
f11v,B,ctho,unmapped
f11v,B,tchey,unmapped
f11v,B,tu,unmapped
f11v,B,dd,unmapped
f11v,B,soydy,unmapped
f11v,B,qoteey,heat
f11v,B,qot,heat
f11v,B,chor,reflux
f11v,B,dy,unmapped
f11v,B,ddy,unmapped
f11v,B,cthor,reflux
f11v,B,shy,unmapped
f11v,B,arg,unmapped
f11v,B,ycheor,reflux
f11v,B,ksho,unmapped
f11v,B,dor,reflux
f11v,B,cthey,unmapped
f11v,B,s,unmapped
f11v,B,chold,unmapped
f13r,B,torshor,reflux
f13r,B,opchy,unmapped
f13r,B,shol,outlet
f13r,B,dy,unmapped
f13r,B,qopchy,heat
f13r,B,shol,outlet
f13r,B,opchor,reflux
f13r,B,dypchy,unmapped
f13r,B,dchg,unmapped
f13r,B,dchol,outlet
f13r,B,chol,outlet
f13r,B,dol,outlet
f13r,B,shkchy,unmapped
f13r,B,ydal,outlet
f13r,B,shy,unmapped
f13r,B,ykchy,unmapped
f13r,B,qoty,heat
f13r,B,daiin,medium
f13r,B,s,unmapped
f13r,B,y,unmapped
f13r,B,s,unmapped
f13r,B,y,unmapped
f13r,B,dchor,reflux
f13r,B,shaiin,medium
f13r,B,oeees,unmapped
f13r,B,ykor,reflux
f13r,B,chor,reflux
f13r,B,ytshy,unmapped
f13r,B,ykchy,unmapped
f13r,B,kchy,unmapped
f13r,B,dar,reflux
f13r,B,qodchy,heat
f13r,B,ytchy,unmapped
f13r,B,otchor,reflux
f13r,B,shorodo,unmapped
f13r,B,shy,unmapped
f13r,B,tshy,unmapped
f13r,B,kchol,outlet
f13r,B,dpchy,unmapped
f13r,B,qopchy,heat
f13r,B,otchol,outlet
f13r,B,cfholdy,unmapped
f13r,B,tchor,reflux
f13r,B,dor,reflux
f13r,B,daiin,medium
f13r,B,qotchol,heat
f13r,B,okchy,heat
f13r,B,okchor,heat
f13r,B,oiin,unmapped
f13r,B,chckhy,unmapped
f13r,B,d,unmapped
f13r,B,dchy,unmapped
f13r,B,qoky,heat
f13r,B,chol,outlet
f13r,B,dy,unmapped
f13r,B,qoy,heat
f13r,B,d,unmapped
f13r,B,oldy,unmapped
f13r,B,okchor,heat
f13r,B,doaiin,medium
f13r,B,shochy,unmapped
f13r,B,qokchy,heat
f13r,B,torchy,unmapped
f13r,B,k,unmapped
f13r,B,s,unmapped
f13r,B,okchey,heat
f13r,B,daiin,medium
f13r,B,oldy,unmapped
f13r,B,shey,unmapped
f13r,B,chol,outlet
f13r,B,doiin,unmapped
f13r,B,ykoly,unmapped
f13r,B,okchal,heat
f13r,B,daldy,unmapped
f13r,B,sotchy,unmapped
f13r,B,kchy,unmapped
f13r,B,okorory,heat
f13v,B,koair,unmapped
f13v,B,chtoiin,unmapped
f13v,B,otchy,unmapped
f13v,B,kchod,unmapped
f13v,B,otol,outlet
f13v,B,otchy,unmapped
f13v,B,octhos,unmapped
f13v,B,oko,heat
f13v,B,qokol,heat
f13v,B,chodal,outlet
f13v,B,otchol,outlet
f13v,B,cphol,outlet
f13v,B,choty,unmapped
f13v,B,qokchy,heat
f13v,B,qokod,heat
f13v,B,chy,unmapped
f13v,B,otchy,unmapped
f13v,B,cthody,unmapped
f13v,B,o,unmapped
f13v,B,l,unmapped
f13v,B,s,unmapped
f13v,B,chey,unmapped
f13v,B,okos,heat
f13v,B,oaiin,medium
f13v,B,okshy,heat
f13v,B,qo,heat
f13v,B,qoky,heat
f13v,B,daiin,medium
f13v,B,foldaiin,medium
f13v,B,olcphy,unmapped
f13v,B,shol,outlet
f13v,B,dy,unmapped
f13v,B,oty,unmapped
f13v,B,shor,reflux
f13v,B,qotyd,heat
f13v,B,dairod,unmapped
f13v,B,dain,unmapped
f13v,B,okal,heat
f13v,B,chy,unmapped
f13v,B,qokchory,heat
f13v,B,dchy,unmapped
f13v,B,kokydaiin,medium
f13v,B,shon,unmapped
f13v,B,otchy,unmapped
f13v,B,daiin,medium
f13v,B,y,unmapped
f13v,B,dain,unmapped
f13v,B,ykol,outlet
f13v,B,okchy,heat
f13v,B,o,unmapped
f13v,B,kald,unmapped
f13v,B,d,unmapped
f13v,B,y,unmapped
f13v,B,taiin,medium
f13v,B,tchtod,unmapped
f13v,B,otal,outlet
f13v,B,cthor,reflux
f13v,B,ytal,outlet
f13v,B,y,unmapped
f13v,B,cho,unmapped
f13v,B,tal,outlet
f13v,B,sho,unmapped
f13v,B,qocthy,heat
f13v,B,y,unmapped
f13v,B,ol,outlet
f13v,B,chy,unmapped
f13v,B,kchey,unmapped
f13v,B,kchor,reflux
f13v,B,dal,outlet
f14r,B,pcho,unmapped
f14r,B,daiin,medium
f14r,B,chopol,outlet
f14r,B,shoiin,unmapped
f14r,B,daiin,medium
f14r,B,dain,unmapped
f14r,B,o,unmapped
f14r,B,ykeey,unmapped
f14r,B,soiiin,unmapped
f14r,B,chok,unmapped
f14r,B,qokchy,heat
f14r,B,da,unmapped
f14r,B,okol,heat
f14r,B,ydaiin,medium
f14r,B,olchy,unmapped
f14r,B,kchor,reflux
f14r,B,daiin,medium
f14r,B,olol,outlet
f14r,B,ochkchor,reflux
f14r,B,kol,outlet
f14r,B,shy,unmapped
f14r,B,daiin,medium
f14r,B,dorody,unmapped
f14r,B,qokchol,heat
f14r,B,dar,reflux
f14r,B,dalo,unmapped
f14r,B,qotolo,heat
f14r,B,ychol,outlet
f14r,B,oir,unmapped
f14r,B,okor,heat
f14r,B,choor,reflux
f14r,B,ockhy,unmapped
f14r,B,otcho,unmapped
f14r,B,dain,unmapped
f14r,B,chckhy,unmapped
f14r,B,soshy,unmapped
f14r,B,chol,outlet
f14r,B,shor,reflux
f14r,B,cheos,unmapped
f14r,B,ykaiin,medium
f14r,B,s,unmapped
f14r,B,sody,unmapped
f14r,B,chody,unmapped
f14r,B,otchody,unmapped
f14r,B,qotchy,heat
f14r,B,koiin,unmapped
f14r,B,sy,unmapped
f14r,B,sho,unmapped
f14r,B,ty,unmapped
f14r,B,dy,unmapped
f14r,B,qotchor,heat
f14r,B,chod,unmapped
f14r,B,shoty,unmapped
f14r,B,chody,unmapped
f14r,B,dol,outlet
f14r,B,dy,unmapped
f14r,B,dy,unmapped
f14r,B,okchydy,heat
f14r,B,dchokchy,unmapped
f14r,B,schol,outlet
f14r,B,dy,unmapped
f14r,B,shey,unmapped
f14r,B,dar,reflux
f14r,B,qoty,heat
f14r,B,ykeeyky,unmapped
f14r,B,oeeeb,unmapped
f14r,B,chey,unmapped
f14r,B,keor,reflux
f14r,B,chey,unmapped
f14r,B,tchyky,unmapped
f14r,B,chodalg,unmapped
f14r,B,sodaiin,medium
f14r,B,chy,unmapped
f14r,B,kchy,unmapped
f14r,B,kchy,unmapped
f14r,B,ykeody,unmapped
f14v,B,pdychoiin,unmapped
f14v,B,yfodain,unmapped
f14v,B,otyshy,unmapped
f14v,B,dy,unmapped
f14v,B,ypchor,reflux
f14v,B,daiin,medium
f14v,B,kol,outlet
f14v,B,ydain,unmapped
f14v,B,okchor,heat
f14v,B,d,unmapped
f14v,B,chytshy,unmapped
f14v,B,oty,unmapped
f14v,B,chy,unmapped
f14v,B,cthy,unmapped
f14v,B,otchy,unmapped
f14v,B,ty,unmapped
f14v,B,chol,outlet
f14v,B,daiin,medium
f14v,B,ychy,unmapped
f14v,B,dy,unmapped
f14v,B,daiin,medium
f14v,B,chcthy,unmapped
f14v,B,yk,unmapped
f14v,B,ykaiin,medium
f14v,B,dytchy,unmapped
f14v,B,y,unmapped
f14v,B,ky,unmapped
f14v,B,dy,unmapped
f14v,B,ytychy,unmapped
f14v,B,ksho,unmapped
f14v,B,ykshy,unmapped
f14v,B,shokshor,reflux
f14v,B,yty,unmapped
f14v,B,darody,unmapped
f14v,B,dyoty,unmapped
f14v,B,ds,unmapped
f14v,B,okshy,heat
f14v,B,daiin,medium
f14v,B,okchor,heat
f14v,B,chky,unmapped
f14v,B,qotchy,heat
f14v,B,daiin,medium
f14v,B,cthor,reflux
f14v,B,oty,unmapped
f14v,B,qoty,heat
f14v,B,choky,unmapped
f14v,B,cthy,unmapped
f14v,B,chokchy,unmapped
f14v,B,dy,unmapped
f14v,B,dy,unmapped
f14v,B,dy,unmapped
f14v,B,chckhy,unmapped
f14v,B,dchyd,unmapped
f14v,B,n,unmapped
f14v,B,oy,unmapped
f14v,B,kshy,unmapped
f14v,B,cho,unmapped
f14v,B,ty,unmapped
f14v,B,dydy,unmapped
f14v,B,odyd,unmapped
f14v,B,otchy,unmapped
f14v,B,o,unmapped
f14v,B,kchy,unmapped
f14v,B,dshy,unmapped
f14v,B,dardy,unmapped
f14v,B,chokshor,reflux
f14v,B,daiin,medium
f14v,B,okshody,heat
f14v,B,daiin,medium
f14v,B,dol,outlet
f14v,B,dair,unmapped
f14v,B,dam,drain
f14v,B,dykchy,unmapped
f14v,B,ctholdg,unmapped
f14v,B,dchckhy,unmapped
f15r,B,tshor,reflux
f15r,B,shey,unmapped
f15r,B,tchaly,unmapped
f15r,B,shy,unmapped
f15r,B,chtols,unmapped
f15r,B,shey,unmapped
f15r,B,daiin,medium
f15r,B,otchor,reflux
f15r,B,qokchor,heat
f15r,B,oly,unmapped
f15r,B,okor,heat
f15r,B,shy,unmapped
f15r,B,koly,unmapped
f15r,B,qokaiin,heat
f15r,B,qotchy,heat
f15r,B,tydy,unmapped
f15r,B,daiin,medium
f15r,B,chol,outlet
f15r,B,cthy,unmapped
f15r,B,scheaiin,medium
f15r,B,chodaiin,medium
f15r,B,chl,unmapped
f15r,B,sol,outlet
f15r,B,ckhaiin,medium
f15r,B,sal,outlet
f15r,B,qotchy,heat
f15r,B,r,unmapped
f15r,B,shor,reflux
f15r,B,cthy,unmapped
f15r,B,daiin,medium
f15r,B,cthy,unmapped
f15r,B,dy,unmapped
f15r,B,dchy,unmapped
f15r,B,ko,unmapped
f15r,B,kaiin,medium
f15r,B,chdy,unmapped
f15r,B,saiin,medium
f15r,B,okear,heat
f15r,B,daiin,medium
f15r,B,shkaiin,medium
f15r,B,cthy,unmapped
f15r,B,sho,unmapped
f15r,B,keocthy,unmapped
f15r,B,shocthy,unmapped
f15r,B,tol,outlet
f15r,B,kaiin,medium
f15r,B,s,unmapped
f15r,B,dain,unmapped
f15r,B,ctholy,unmapped
f15r,B,octhain,unmapped
f15r,B,qokaiin,heat
f15r,B,chos,unmapped
f15r,B,odaiin,medium
f15r,B,cthl,unmapped
f15r,B,s,unmapped
f15r,B,y,unmapped
f15r,B,ychain,unmapped
f15r,B,chy,unmapped
f15r,B,okshy,heat
f15r,B,saiiin,unmapped
f15r,B,dolchds,unmapped
f15r,B,okaiin,heat
f15r,B,otaiin,medium
f15r,B,chl,unmapped
f15r,B,sy,unmapped
f15r,B,chor,reflux
f15r,B,choross,unmapped
f15r,B,qotor,heat
f15r,B,shor,reflux
f15r,B,tcheor,reflux
f15r,B,chy,unmapped
f15r,B,cthaiin,medium
f15r,B,shan,unmapped
f15r,B,ykshol,outlet
f15r,B,dor,reflux
f15r,B,sheey,unmapped
f15r,B,cthy,unmapped
f15r,B,dain,unmapped
f15r,B,sky,unmapped
f15r,B,shor,reflux
f15r,B,shoty,unmapped
f15r,B,otcho,unmapped
f15r,B,kchy,unmapped
f15r,B,chol,outlet
f15r,B,daiin,medium
f15r,B,ar,reflux
f15r,B,ytol,outlet
f15r,B,dor,reflux
f15r,B,dom,unmapped
f15r,B,qotchor,heat
f15r,B,chaiin,medium
f15r,B,chy,unmapped
f15r,B,kol,outlet
f15r,B,daky,unmapped
f15v,B,poror,reflux
f15v,B,orshy,unmapped
f15v,B,choiin,unmapped
f15v,B,dtchan,unmapped
f15v,B,opchordy,unmapped
f15v,B,chor,reflux
f15v,B,or,reflux
f15v,B,oro,unmapped
f15v,B,r,unmapped
f15v,B,aiin,medium
f15v,B,cthy,unmapped
f15v,B,ain,unmapped
f15v,B,dar,reflux
f15v,B,cthor,reflux
f15v,B,daiin,medium
f15v,B,qokor,heat
f15v,B,okeor,heat
f15v,B,okaiin,heat
f15v,B,doiin,unmapped
f15v,B,choky,unmapped
f15v,B,shol,outlet
f15v,B,qoky,heat
f15v,B,qotchod,heat
f15v,B,otchor,reflux
f15v,B,chor,reflux
f15v,B,chor,reflux
f15v,B,ytchor,reflux
f15v,B,cthy,unmapped
f15v,B,s,unmapped
f15v,B,qotchey,heat
f15v,B,choty,unmapped
f15v,B,kaiin,medium
f15v,B,otchy,unmapped
f15v,B,r,unmapped
f15v,B,aiin,medium
f15v,B,y,unmapped
f15v,B,choiin,unmapped
f15v,B,sho,unmapped
f15v,B,chy,unmapped
f15v,B,s,unmapped
f15v,B,chy,unmapped
f15v,B,tor,reflux
f15v,B,ols,unmapped
f15v,B,ytchor,reflux
f15v,B,chor,reflux
f15v,B,ol,outlet
f15v,B,oiin,unmapped
f15v,B,oty,unmapped
f15v,B,shol,outlet
f15v,B,daiin,medium
f15v,B,otchol,outlet
f15v,B,octhol,outlet
f15v,B,chol,outlet
f15v,B,chol,outlet
f15v,B,chody,unmapped
f15v,B,kan,unmapped
f15v,B,sor,reflux
f15v,B,chor,reflux
f15v,B,cthoiin,unmapped
f15v,B,cthy,unmapped
f15v,B,qokaiin,heat
f15v,B,sol,outlet
f15v,B,oiin,unmapped
f15v,B,cheor,reflux
f15v,B,chol,outlet
f15v,B,daiin,medium
f15v,B,cthy,unmapped
f15v,B,daiin,medium
f15v,B,cthor,reflux
f15v,B,chol,outlet
f15v,B,chor,reflux
f16r,B,pocheody,unmapped
f16r,B,qopchey,heat
f16r,B,sykaiin,medium
f16r,B,opchy,unmapped
f16r,B,dor,reflux
f16r,B,ychy,unmapped
f16r,B,daiin,medium
f16r,B,dy,unmapped
f16r,B,chor,reflux
f16r,B,orom,unmapped
f16r,B,ychykchy,unmapped
f16r,B,otey,unmapped
f16r,B,kol,outlet
f16r,B,shor,reflux
f16r,B,ody,unmapped
f16r,B,otody,unmapped
f16r,B,qoy,heat
f16r,B,oeesordy,unmapped
f16r,B,ydor,reflux
f16r,B,sheal,outlet
f16r,B,okchy,heat
f16r,B,qoy,heat
f16r,B,koiin,unmapped
f16r,B,choky,unmapped
f16r,B,ykair,unmapped
f16r,B,dainod,unmapped
f16r,B,ychealod,unmapped
f16r,B,tchor,reflux
f16r,B,chor,reflux
f16r,B,chs,unmapped
f16r,B,y,unmapped
f16r,B,kch,unmapped
f16r,B,shocthy,unmapped
f16r,B,opchy,unmapped
f16r,B,ty,unmapped
f16r,B,ky,unmapped
f16r,B,oshaiin,medium
f16r,B,dyky,unmapped
f16r,B,oeees,unmapped
f16r,B,deeeod,unmapped
f16r,B,aiin,medium
f16r,B,d,unmapped
f16r,B,toaiin,medium
f16r,B,daiin,medium
f16r,B,dalchy,unmapped
f16r,B,dyky,unmapped
f16r,B,schy,unmapped
f16r,B,s,unmapped
f16r,B,aiin,medium
f16r,B,doal,outlet
f16r,B,qoky,heat
f16r,B,shotchy,unmapped
f16r,B,ydain,unmapped
f16r,B,yky,unmapped
f16r,B,shody,unmapped
f16r,B,otol,outlet
f16r,B,daiin,medium
f16r,B,saiin,medium
f16r,B,ytaiin,medium
f16r,B,toror,reflux
f16r,B,daly,unmapped
f16r,B,dal,outlet
f16r,B,opchy,unmapped
f16r,B,fchol,outlet
f16r,B,ypcho,unmapped
f16r,B,okal,heat
f16r,B,sokchy,unmapped
f16r,B,qokol,heat
f16r,B,choty,unmapped
f16r,B,okchy,heat
f16r,B,cthy,unmapped
f16r,B,chy,unmapped
f16r,B,kchy,unmapped
f16r,B,dy,unmapped
f16r,B,cho,unmapped
f16r,B,kchy,unmapped
f16r,B,shcthy,unmapped
f16r,B,shtshy,unmapped
f16r,B,sho,unmapped
f16r,B,tchokyd,unmapped
f16r,B,qok:chor,heat
f16r,B,dl,unmapped
f16r,B,dy,unmapped
f16r,B,shey,unmapped
f16v,B,pchroiin,unmapped
f16v,B,otchor,reflux
f16v,B,chpchol,outlet
f16v,B,chpchey,unmapped
f16v,B,s,unmapped
f16v,B,pchoy,unmapped
f16v,B,ytchor,reflux
f16v,B,y,unmapped
f16v,B,ky,unmapped
f16v,B,chokchy,unmapped
f16v,B,qokchocthor,heat
f16v,B,shory,unmapped
f16v,B,ykchy,unmapped
f16v,B,dy,unmapped
f16v,B,choy,unmapped
f16v,B,qoty,heat
f16v,B,chy,unmapped
f16v,B,kchy,unmapped
f16v,B,koshet,unmapped
f16v,B,dchol,outlet
f16v,B,chcthody,unmapped
f16v,B,cphod,unmapped
f16v,B,chotol,outlet
f16v,B,dal,outlet
f16v,B,ytchy,unmapped
f16v,B,chyty,unmapped
f16v,B,chor,reflux
f16v,B,chol,outlet
f16v,B,ytchy,unmapped
f16v,B,dan,unmapped
f16v,B,sor,reflux
f16v,B,ch,unmapped
f16v,B,kar,reflux
f16v,B,oty,unmapped
f16v,B,chkar,reflux
f16v,B,chol,outlet
f16v,B,dairin,unmapped
f16v,B,pchocthy,unmapped
f16v,B,chypchy,unmapped
f16v,B,qotchy,heat
f16v,B,chy,unmapped
f16v,B,sy,unmapped
f16v,B,daiin,medium
f16v,B,chol,outlet
f16v,B,y,unmapped
f16v,B,daiin,medium
f16v,B,chcthy,unmapped
f16v,B,qot,heat
f16v,B,char,reflux
f16v,B,chor,reflux
f16v,B,sholo,unmapped
f16v,B,dshy,unmapped
f16v,B,okaiin,heat
f16v,B,okaiin,heat
f16v,B,chol,outlet
f16v,B,chor,reflux
f16v,B,cthor,reflux
f16v,B,ty,unmapped
f16v,B,chody,unmapped
f16v,B,qokchy,heat
f16v,B,chy,unmapped
f16v,B,dy,unmapped
f16v,B,ykchy,unmapped
f16v,B,chckhy,unmapped
f16v,B,otain,unmapped
f16v,B,cthor,reflux
f16v,B,cth:y,unmapped
f16v,B,okytaiin,heat
f16v,B,chkchy,unmapped
f16v,B,saiin,medium
f16v,B,daiin,medium
f16v,B,yky,unmapped
f16v,B,otor,reflux
f16v,B,chody,unmapped
f16v,B,sokar,reflux
f16v,B,oaorar,reflux
f17r,C,fshody,unmapped
f17r,C,daram,drain
f17r,C,ydar,reflux
f17r,C,chog,unmapped
f17r,C,opydy,unmapped
f17r,C,ypod,unmapped
f17r,C,chop,unmapped
f17r,C,otchy,unmapped
f17r,C,dody,unmapped
f17r,C,oldckhy,unmapped
f17r,C,ydair,unmapped
f17r,C,choky,unmapped
f17r,C,okshy,heat
f17r,C,qodar,heat
f17r,C,ckhody,unmapped
f17r,C,dor,reflux
f17r,C,otchol,outlet
f17r,C,qodcthy,heat
f17r,C,ods,unmapped
f17r,C,chol,outlet
f17r,C,or,reflux
f17r,C,chy,unmapped
f17r,C,qodam,drain
f17r,C,okor,heat
f17r,C,chor,reflux
f17r,C,okchom,heat
f17r,C,tcho,unmapped
f17r,C,shol,outlet
f17r,C,qokol,heat
f17r,C,qor,heat
f17r,C,olaiin,medium
f17r,C,opydg,unmapped
f17r,C,som,unmapped
f17r,C,ypchy,unmapped
f17r,C,ypaim,unmapped
f17r,C,ychekchy,unmapped
f17r,C,cthy,unmapped
f17r,C,chor,reflux
f17r,C,shor,reflux
f17r,C,cphor,reflux
f17r,C,cphaldy,unmapped
f17r,C,dair,unmapped
f17r,C,cthey,unmapped
f17r,C,qody,heat
f17r,C,tsho,unmapped
f17r,C,qof,heat
f17r,C,cho,unmapped
f17r,C,qokcheor,heat
f17r,C,cheteg,unmapped
f17r,C,ksheo,unmapped
f17r,C,qokchy,heat
f17r,C,choldshy,unmapped
f17r,C,zepchy,unmapped
f17r,C,d,unmapped
f17r,C,opchordy,unmapped
f17r,C,dchchy,unmapped
f17r,C,dychear,reflux
f17r,C,schar,reflux
f17r,C,ykchy,unmapped
f17r,C,soy,unmapped
f17r,C,chckho,unmapped
f17r,C,o,unmapped
f17r,C,das,unmapped
f17r,C,chypcham,drain
f17r,C,dar,reflux
f17r,C,chear,reflux
f17r,C,dcheor,reflux
f17r,C,sain,unmapped
f17r,C,y,unmapped
f17r,C,mol,outlet
f17r,C,otchol,outlet
f17r,C,cthar,reflux
f17r,C,okaiin,heat
f17r,C,chol,outlet
f17r,C,daiiin,unmapped
f17r,C,ychod,unmapped
f17r,C,y,unmapped
f17r,C,chotom,unmapped
f17r,C,oteeeon,unmapped
f17r,C,oiil,unmapped
f17v,C,pchodol,outlet
f17v,C,chor,reflux
f17v,C,pchy,unmapped
f17v,C,opydaiin,medium
f17v,C,odal,outlet
f17v,C,dy,unmapped
f17v,C,ycheey,unmapped
f17v,C,keeor,reflux
f17v,C,cthodal,outlet
f17v,C,okol,heat
f17v,C,odaiin,medium
f17v,C,okal,heat
f17v,C,oldaig,unmapped
f17v,C,odaiin,medium
f17v,C,okal,heat
f17v,C,oldaiin,medium
f17v,C,chockhol,outlet
f17v,C,olol,outlet
f17v,C,kchor,reflux
f17v,C,fchol,outlet
f17v,C,cphol,outlet
f17v,C,olcheol,outlet
f17v,C,okeeey,heat
f17v,C,ychol,outlet
f17v,C,chol,outlet
f17v,C,dolcheey,unmapped
f17v,C,tchol,outlet
f17v,C,dar,reflux
f17v,C,ckhy,unmapped
f17v,C,oekor,reflux
f17v,C,or,reflux
f17v,C,okaiin,heat
f17v,C,or,reflux
f17v,C,otaiin,medium
f17v,C,d,unmapped
f17v,C,sor,reflux
f17v,C,chkeey,unmapped
f17v,C,poiis,unmapped
f17v,C,cheor,reflux
f17v,C,os,unmapped
f17v,C,s,unmapped
f17v,C,aiin,medium
f17v,C,qokeey,heat
f17v,C,kchar,reflux
f17v,C,ol,outlet
f17v,C,dy,unmapped
f17v,C,choldaiin,medium
f17v,C,sy,unmapped
f17v,C,ycheol,outlet
f17v,C,shol,outlet
f17v,C,kchol,outlet
f17v,C,choltaiin,medium
f17v,C,ol,outlet
f17v,C,oytor,reflux
f17v,C,okeor,heat
f17v,C,okar,heat
f17v,C,okol,heat
f17v,C,daiir,unmapped
f17v,C,ar,reflux
f17v,C,qokcheo,heat
f17v,C,qokoiir,heat
f17v,C,ctheol,outlet
f17v,C,chol,outlet
f17v,C,oy,unmapped
f17v,C,choy,unmapped
f17v,C,keaiin,medium
f17v,C,chckhey,unmapped
f17v,C,ol,outlet
f17v,C,chor,reflux
f17v,C,ykeor,reflux
f17v,C,chol,outlet
f17v,C,chol,outlet
f17v,C,cthol,outlet
f17v,C,chkor,reflux
f17v,C,sheol,outlet
f17v,C,olo,unmapped
f17v,C,r,unmapped
f17v,C,okeeol,heat
f17v,C,chodaiin,medium
f17v,C,okeol,heat
f17v,C,tchory,unmapped
f17v,C,ychor,reflux
f17v,C,cthy,unmapped
f17v,C,che'eky,unmapped
f17v,C,cheo,unmapped
f17v,C,otor,reflux
f17v,C,oteol,outlet
f17v,C,okcheol,heat
f17v,C,chol,outlet
f17v,C,okeol,heat
f17v,C,cthol,outlet
f17v,C,otcheolom,unmapped
f17v,C,qoain,heat
f17v,C,sar,reflux
f17v,C,she,unmapped
f17v,C,dol,outlet
f17v,C,qopchaiin,heat
f17v,C,cthor,reflux
f17v,C,otor,reflux
f17v,C,cheeor,reflux
f17v,C,ol,outlet
f17v,C,chol,outlet
f17v,C,dor,reflux
f17v,C,chr,unmapped
f17v,C,or,reflux
f17v,C,eees,unmapped
f17v,C,dain,unmapped
f17v,C,chey,unmapped
f17v,C,qoaiin,heat
f17v,C,cthor,reflux
f17v,C,cholchom,unmapped
f17v,C,ykeey,unmapped
f17v,C,okeey,heat
f17v,C,cheor,reflux
f17v,C,chol,outlet
f17v,C,sho,unmapped
f17v,C,odaiin,medium
f17v,C,oal,outlet
f17v,C,sheor,reflux
f17v,C,sholor,reflux
f17v,C,or,reflux
f17v,C,shecthy,unmapped
f17v,C,cpheor,reflux
f17v,C,daiin,medium
f17v,C,qokeee,heat
f17v,C,dar,reflux
f17v,C,chey,unmapped
f17v,C,keeor,reflux
f17v,C,cheeol,outlet
f17v,C,ctheey,unmapped
f17v,C,cthy,unmapped
f17v,C,chkeey,unmapped
f17v,C,okeor,heat
f17v,C,shar,reflux
f17v,C,okeom,heat
f18r,C,pdrairdy,unmapped
f18r,C,darod,unmapped
f18r,C,yoar,reflux
f18r,C,ykchol,outlet
f18r,C,dar,reflux
f18r,C,om,unmapped
f18r,C,chckhy,unmapped
f18r,C,octhor,reflux
f18r,C,dal,outlet
f18r,C,otshol,outlet
f18r,C,qokchol,heat
f18r,C,chykchy,unmapped
f18r,C,okchal,heat
f18r,C,daiin,medium
f18r,C,dy,unmapped
f18r,C,chol,outlet
f18r,C,dain,unmapped
f18r,C,qokchor,heat
f18r,C,chor,reflux
f18r,C,ey,unmapped
f18r,C,or,reflux
f18r,C,chey,unmapped
f18r,C,qokchol,heat
f18r,C,dy,unmapped
f18r,C,ytcharg,unmapped
f18r,C,chor,reflux
f18r,C,cth:or,reflux
f18r,C,okeor,heat
f18r,C,ykchol,outlet
f18r,C,okain,heat
f18r,C,tchor,reflux
f18r,C,shor,reflux
f18r,C,cthaiin,medium
f18r,C,cthol,outlet
f18r,C,chlol,outlet
f18r,C,chom,unmapped
f18r,C,ychy,unmapped
f18r,C,kchor,reflux
f18r,C,dair,unmapped
f18r,C,ytol,outlet
f18r,C,chcthy,unmapped
f18r,C,dar,reflux
f18r,C,dar,reflux
f18r,C,dal,outlet
f18r,C,oshor,reflux
f18r,C,shaiin,medium
f18r,C,cthy,unmapped
f18r,C,sholdy,unmapped
f18r,C,doldy,unmapped
f18r,C,doldaiin,medium
f18r,C,qokchor,heat
f18r,C,ckhol,outlet
f18r,C,olody,unmapped
f18r,C,okal,heat
f18r,C,dy,unmapped
f18r,C,dary,unmapped
f18r,C,chol,outlet
f18r,C,chcthal,outlet
f18r,C,okshal,heat
f18r,C,chykald,unmapped
f18r,C,dar,reflux
f18r,C,shor,reflux
f18r,C,qokchol,heat
f18r,C,ol,outlet
f18r,C,ydaiin,medium
f18r,C,sotchaiin,medium
f18r,C,chokchy,unmapped
f18r,C,chckhol,outlet
f18r,C,chor,reflux
f18r,C,g,unmapped
f18r,C,ychair,unmapped
f18r,C,cthol,outlet
f18r,C,daiin,medium
f18r,C,qokchy,heat
f18r,C,cthy,unmapped
f18r,C,or,reflux
f18r,C,shaiin,medium
f18r,C,cthar,reflux
f18r,C,cthal,outlet
f18r,C,okal,heat
f18r,C,dar,reflux
f18r,C,ychekch,unmapped
f18r,C,y,unmapped
f18r,C,kchaiin,medium
f18v,C,told,unmapped
f18v,C,shor,reflux
f18v,C,ytshy,unmapped
f18v,C,otchdal,outlet
f18v,C,dchal,outlet
f18v,C,dchy,unmapped
f18v,C,ytdg,unmapped
f18v,C,qoeees,heat
f18v,C,or,reflux
f18v,C,oaiin,medium
f18v,C,shy,unmapped
f18v,C,okshy,heat
f18v,C,qokchy,heat
f18v,C,qokchy,heat
f18v,C,s,unmapped
f18v,C,g,unmapped
f18v,C,orshy,unmapped
f18v,C,qoky,heat
f18v,C,qoky,heat
f18v,C,chkchy,unmapped
f18v,C,qokshy,heat
f18v,C,qokam,drain
f18v,C,qotchy,heat
f18v,C,qokay,heat
f18v,C,qokchy,heat
f18v,C,ykcho,unmapped
f18v,C,ydl,unmapped
f18v,C,dar,reflux
f18v,C,ychoees,unmapped
f18v,C,ykchy,unmapped
f18v,C,qol,heat
f18v,C,kchy,unmapped
f18v,C,qotchol,heat
f18v,C,daiir,unmapped
f18v,C,om,unmapped
f18v,C,qotor,heat
f18v,C,chor,reflux
f18v,C,otchy,unmapped
f18v,C,qokeees,heat
f18v,C,chy,unmapped
f18v,C,s,unmapped
f18v,C,ar,reflux
f18v,C,ykar,reflux
f18v,C,ychol,outlet
f18v,C,dor,reflux
f18v,C,chod,unmapped
f18v,C,qokol,heat
f18v,C,daiin,medium
f18v,C,qokol,heat
f18v,C,dar,reflux
f18v,C,dy,unmapped
f18v,C,tolol,outlet
f18v,C,sh,unmapped
f18v,C,cphoy,unmapped
f18v,C,daror,reflux
f18v,C,ddy,unmapped
f18v,C,ytor,reflux
f18v,C,ykam,drain
f18v,C,okchor,heat
f18v,C,qotchy,heat
f18v,C,qokchy,heat
f18v,C,ytol,outlet
f18v,C,doky,unmapped
f18v,C,dy,unmapped
f18v,C,yko,unmapped
f18v,C,dshy,unmapped
f18v,C,dair,unmapped
f18v,C,ykol,outlet
f18v,C,dom,unmapped
f19r,C,pchor,reflux
f19r,C,qodchy,heat
f19r,C,qotshy,heat
f19r,C,dy,unmapped
f19r,C,tchy,unmapped
f19r,C,qotchy,heat
f19r,C,qoky,heat
f19r,C,daiin,medium
f19r,C,dchydy,unmapped
f19r,C,dshy,unmapped
f19r,C,chor,reflux
f19r,C,y,unmapped
f19r,C,tchy,unmapped
f19r,C,chol,outlet
f19r,C,dytchy,unmapped
f19r,C,chordy,unmapped
f19r,C,daiin,medium
f19r,C,dyty,unmapped
f19r,C,cho,unmapped
f19r,C,oscheor,reflux
f19r,C,shy,unmapped
f19r,C,tdaiin,medium
f19r,C,chol,outlet
f19r,C,dor,reflux
f19r,C,yky,unmapped
f19r,C,qokorar,heat
f19r,C,daiin,medium
f19r,C,chckhy,unmapped
f19r,C,shy,unmapped
f19r,C,kchor,reflux
f19r,C,otchy,unmapped
f19r,C,tchy,unmapped
f19r,C,qoky,heat
f19r,C,daiin,medium
f19r,C,yshor,reflux
f19r,C,shy,unmapped
f19r,C,daiin,medium
f19r,C,otytchy,unmapped
f19r,C,daiin,medium
f19r,C,qo'k,heat
f19r,C,cho,unmapped
f19r,C,ky,unmapped
f19r,C,cthar,reflux
f19r,C,dor,reflux
f19r,C,chan,unmapped
f19r,C,dar,reflux
f19r,C,or,reflux
f19r,C,chor,reflux
f19r,C,daky,unmapped
f19r,C,dal,outlet
f19r,C,chor,reflux
f19r,C,dorl,unmapped
f19r,C,shy,unmapped
f19r,C,qotchor,heat
f19r,C,dy,unmapped
f19r,C,dor,reflux
f19r,C,y,unmapped
f19r,C,tchy,unmapped
f19r,C,kchy,unmapped
f19r,C,shdaiin,medium
f19r,C,daiin,medium
f19r,C,cthor,reflux
f19r,C,chol,outlet
f19r,C,ykchor,reflux
f19r,C,chordy,unmapped
f19r,C,qotchy,heat
f19r,C,qolody,heat
f19r,C,choldy,unmapped
f19r,C,cthyd,unmapped
f19r,C,ykchor,reflux
f19r,C,chor,reflux
f19r,C,daiin,medium
f19r,C,daiinol,outlet
f19r,C,os,unmapped
f19r,C,octhor,reflux
f19r,C,ytchor,reflux
f19v,C,pochaiin,medium
f19v,C,cthor,reflux
f19v,C,chpcheos,unmapped
f19v,C,opchey,unmapped
f19v,C,py,unmapped
f19v,C,kchy,unmapped
f19v,C,qokchy,heat
f19v,C,kchol,outlet
f19v,C,sor,reflux
f19v,C,qokchos,heat
f19v,C,ykchy,unmapped
f19v,C,darom,unmapped
f19v,C,otchy,unmapped
f19v,C,chol,outlet
f19v,C,daiin,medium
f19v,C,qotol,heat
f19v,C,ytol,outlet
f19v,C,daiiin,unmapped
f19v,C,ytch,unmapped
f19v,C,chcthy,unmapped
f19v,C,qotol,heat
f19v,C,daiin,medium
f19v,C,daiin,medium
f19v,C,qotchy,heat
f19v,C,qoteey,heat
f19v,C,daiin,medium
f19v,C,doty,unmapped
f19v,C,qot,heat
f19v,C,ychoy,unmapped
f19v,C,kchor,reflux
f19v,C,cthol,outlet
f19v,C,chocthy,unmapped
f19v,C,s,unmapped
f19v,C,ycho,unmapped
f19v,C,r,unmapped
f19v,C,chaiin,medium
f19v,C,cthor,reflux
f19v,C,toy,unmapped
f19v,C,tchey,unmapped
f19v,C,qo,heat
f19v,C,dchol,outlet
f19v,C,qokchs,heat
f19v,C,dom,unmapped
f19v,C,ychor,reflux
f19v,C,oky,heat
f19v,C,chor,reflux
f19v,C,ytol,outlet
f19v,C,chol,outlet
f19v,C,oky,heat
f19v,C,ddor,reflux
f19v,C,daiin,medium
f19v,C,chor,reflux
f19v,C,daiin,medium
f19v,C,qokor,heat
f19v,C,y,unmapped
f19v,C,okchan,heat
f19v,C,qotol,heat
f19v,C,dor,reflux
f19v,C,okchor,heat
f19v,C,daiin,medium
f19v,C,cthor,reflux
f19v,C,otam,drain
f19v,C,otch,unmapped
f19v,C,okchodshy,heat
f19v,C,daiin,medium
f19v,C,or,reflux
f19v,C,otaiin,medium
f19v,C,dais,unmapped
f19v,C,yees,unmapped
f19v,C,ykchol,outlet
f19v,C,oty,unmapped
f19v,C,ytor,reflux
f19v,C,ytar,reflux
f19v,C,ytchor,reflux
f19v,C,ytaiin,medium
f19v,C,otchol,outlet
f19v,C,cheaiin,medium
f19v,C,cthol,outlet
f20r,C,kdchody,unmapped
f20r,C,chopy,unmapped
f20r,C,cheey,unmapped
f20r,C,qotchol,heat
f20r,C,qotoeey,heat
f20r,C,dchor,reflux
f20r,C,chaiin,medium
f20r,C,chod,unmapped
f20r,C,ey,unmapped
f20r,C,cthey,unmapped
f20r,C,chotol,outlet
f20r,C,odaiir,unmapped
f20r,C,qotchy,heat
f20r,C,cthody,unmapped
f20r,C,chodchy,unmapped
f20r,C,qoteey,heat
f20r,C,cho,unmapped
f20r,C,chodaiin,medium
f20r,C,sho,unmapped
f20r,C,qochy,heat
f20r,C,chey,unmapped
f20r,C,tcheodal,outlet
f20r,C,daral,outlet
f20r,C,ochol,outlet
f20r,C,ol,outlet
f20r,C,teey,unmapped
f20r,C,otolchey,unmapped
f20r,C,pchocthy,unmapped
f20r,C,chokoaiin,medium
f20r,C,y,unmapped
f20r,C,cheeeb,unmapped
f20r,C,opchey,unmapped
f20r,C,shosaiin,medium
f20r,C,choees,unmapped
f20r,C,okchor,heat
f20r,C,qotol,heat
f20r,C,cheey,unmapped
f20r,C,daiin,medium
f20r,C,chy,unmapped
f20r,C,choiin,unmapped
f20r,C,daiin,medium
f20r,C,ocho,unmapped
f20r,C,lshod,unmapped
f20r,C,daiin,medium
f20r,C,choteol,outlet
f20r,C,chol,outlet
f20r,C,dol,outlet
f20r,C,shol,outlet
f20r,C,otaiin,medium
f20r,C,schodain,unmapped
f20r,C,cheo,unmapped
f20r,C,r,unmapped
f20r,C,cheody,unmapped
f20r,C,fchodees,unmapped
f20r,C,shody,unmapped
f20r,C,qotchey,heat
f20r,C,qokchey,heat
f20r,C,qocphy,heat
f20r,C,chokoldy,unmapped
f20r,C,ochoaiin,medium
f20r,C,chor,reflux
f20r,C,sody,unmapped
f20r,C,pchodaiin,medium
f20r,C,chetody,unmapped
f20r,C,choky,unmapped
f20r,C,dchy,unmapped
f20r,C,toy,unmapped
f20r,C,dchod,unmapped
f20r,C,qoteeody,heat
f20r,C,ytchy,unmapped
f20r,C,qo,heat
f20r,C,tshey,unmapped
f20r,C,dchaiin,medium
f20r,C,chol,outlet
f20r,C,ody,unmapped
f20r,C,shoiin,unmapped
f20r,C,cheody,unmapped
f20r,C,otchey,unmapped
f20r,C,otchy,unmapped
f20r,C,tchy,unmapped
f20r,C,qoteey,heat
f20r,C,daiin,medium
f20r,C,dar,reflux
f20r,C,ochaiin,medium
f20r,C,chor,reflux
f20r,C,chor,reflux
f20r,C,cheey,unmapped
f20r,C,tchey,unmapped
f20v,C,faiis,unmapped
f20v,C,ar,reflux
f20v,C,okoy,heat
f20v,C,shy,unmapped
f20v,C,pofochey,unmapped
f20v,C,opchy,unmapped
f20v,C,qopy,heat
f20v,C,choldy,unmapped
f20v,C,opydy,unmapped
f20v,C,cphy,unmapped
f20v,C,sos,unmapped
f20v,C,ykoiin,unmapped
f20v,C,cheol,outlet
f20v,C,chol,outlet
f20v,C,choiin,unmapped
f20v,C,checthy,unmapped
f20v,C,otol,outlet
f20v,C,chol,outlet
f20v,C,chodaiin,medium
f20v,C,oty,unmapped
f20v,C,okchy,heat
f20v,C,sho,unmapped
f20v,C,kchol,outlet
f20v,C,shol,outlet
f20v,C,chcthy,unmapped
f20v,C,qoty,heat
f20v,C,chy,unmapped
f20v,C,tolshy,unmapped
f20v,C,qotchy,heat
f20v,C,sho,unmapped
f20v,C,or,reflux
f20v,C,aiin,medium
f20v,C,shol,outlet
f20v,C,daiin,medium
f20v,C,tshol,outlet
f20v,C,folchol,outlet
f20v,C,otor,reflux
f20v,C,shol,outlet
f20v,C,shor,reflux
f20v,C,fshodchy,unmapped
f20v,C,otchy,unmapped
f20v,C,chcphy,unmapped
f20v,C,dy,unmapped
f20v,C,doiiin,unmapped
f20v,C,chockhy,unmapped
f20v,C,dan,unmapped
f20v,C,cheoy,unmapped
f20v,C,shos,unmapped
f20v,C,cheos,unmapped
f20v,C,char,reflux
f20v,C,:cthaiin,medium
f20v,C,shocthy,unmapped
f20v,C,sho,unmapped
f20v,C,cthy,unmapped
f20v,C,daiin,medium
f20v,C,sheoy,unmapped
f20v,C,tey,unmapped
f20v,C,s,unmapped
f20v,C,soaiin,medium
f20v,C,shain,unmapped
f20v,C,choraly,unmapped
f20v,C,sho,unmapped
f20v,C,ar,reflux
f20v,C,chy,unmapped
f20v,C,daiin,medium
f20v,C,d,unmapped
f20v,C,s,unmapped
f20v,C,ykchy,unmapped
f20v,C,keody,unmapped
f20v,C,cho,unmapped
f20v,C,cthy,unmapped
f20v,C,chol,outlet
f20v,C,shd,unmapped
f20v,C,qoty,heat
f20v,C,d,unmapped
f20v,C,shokaiin,medium
f20v,C,chocthy,unmapped
f20v,C,chol,outlet
f20v,C,daiin,medium
f20v,C,chy,unmapped
f20v,C,chor,reflux
f20v,C,ety,unmapped
f20v,C,okoiin,heat
f20v,C,chey,unmapped
f20v,C,ol,outlet
f20v,C,chory,unmapped
f21r,C,pchor,reflux
f21r,C,o,unmapped
f21r,C,eeockhy,unmapped
f21r,C,o,unmapped
f21r,C,fychey,unmapped
f21r,C,ypchey,unmapped
f21r,C,qopcheody,heat
f21r,C,otaiin,medium
f21r,C,chan,unmapped
f21r,C,saiin,medium
f21r,C,chcphy,unmapped
f21r,C,oky,heat
f21r,C,sheaiin,medium
f21r,C,qotchol,heat
f21r,C,oteos,unmapped
f21r,C,sheey,unmapped
f21r,C,cthy,unmapped
f21r,C,daiin,medium
f21r,C,qotol,heat
f21r,C,shy,unmapped
f21r,C,o,unmapped
f21r,C,l,unmapped
f21r,C,cheor,reflux
f21r,C,chy,unmapped
f21r,C,qokchey,heat
f21r,C,chey,unmapped
f21r,C,keey,unmapped
f21r,C,dy,unmapped
f21r,C,pchofychy,unmapped
f21r,C,daiin,medium
f21r,C,cthain,unmapped
f21r,C,o,unmapped
f21r,C,tolosheey,unmapped
f21r,C,qocthey,heat
f21r,C,tolchory,unmapped
f21r,C,ykeey,unmapped
f21r,C,daiin,medium
f21r,C,chosy,unmapped
f21r,C,qokoiin,heat
f21r,C,otol,outlet
f21r,C,chol,outlet
f21r,C,qotcheol,heat
f21r,C,okeoaiin,heat
f21r,C,dchor,reflux
f21r,C,y,unmapped
f21r,C,kol,outlet
f21r,C,y,unmapped
f21r,C,ky,unmapped
f21r,C,chol,outlet
f21r,C,kol,outlet
f21r,C,qokeol,heat
f21r,C,chol,outlet
f21r,C,ol,outlet
f21r,C,qoteeol,heat
f21r,C,dady,unmapped
f21r,C,shoeor,reflux
f21r,C,cheor,reflux
f21r,C,chokeody,unmapped
f21r,C,cho,unmapped
f21r,C,cthor,reflux
f21r,C,shy,unmapped
f21r,C,fcho,unmapped
f21r,C,kshy,unmapped
f21r,C,otor,reflux
f21r,C,sheol,outlet
f21r,C,ocphal,outlet
f21r,C,opsheas,unmapped
f21r,C,cthodaiin,medium
f21r,C,oty,unmapped
f21r,C,okaiin,heat
f21r,C,sho,unmapped
f21r,C,tshaiin,medium
f21r,C,chkaiin,medium
f21r,C,sh,unmapped
f21r,C,cthey,unmapped
f21r,C,cthody,unmapped
f21r,C,cthy,unmapped
f21r,C,s,unmapped
f21r,C,totchy,unmapped
f21r,C,keor,reflux
f21r,C,chy,unmapped
f21r,C,ky,unmapped
f21r,C,qotaiin,heat
f21r,C,qotchol,heat
f21r,C,ty,unmapped
f21r,C,ctheey,unmapped
f21r,C,otaiin,medium
f21r,C,shol,outlet
f21r,C,chol,outlet
f21r,C,shol,outlet
f21r,C,tchol,outlet
f21r,C,chcthy,unmapped
f21r,C,otyky,unmapped
f21r,C,shey,unmapped
f21r,C,yteol,outlet
f21r,C,shody,unmapped
f21r,C,ykeey,unmapped
f21r,C,chor,reflux
f21r,C,sheey,unmapped
f21r,C,ysheol,outlet
f21r,C,chor,reflux
f21r,C,chol,outlet
f21r,C,daiin,medium
f21r,C,chkaiin,medium
f21v,C,toldshy,unmapped
f21v,C,chofchy,unmapped
f21v,C,qofshey,heat
f21v,C,shckhol,outlet
f21v,C,odaiin,medium
f21v,C,shey,unmapped
f21v,C,ckholy,unmapped
f21v,C,oeeesoy,unmapped
f21v,C,qokchy,heat
f21v,C,chody,unmapped
f21v,C,qotchy,heat
f21v,C,qokchy,heat
f21v,C,choty,unmapped
f21v,C,tchol,outlet
f21v,C,daiin,medium
f21v,C,qotol,heat
f21v,C,keeees,unmapped
f21v,C,chotchy,unmapped
f21v,C,tcho,unmapped
f21v,C,choty,unmapped
f21v,C,chor,reflux
f21v,C,qotol,heat
f21v,C,daiin,medium
f21v,C,dal,outlet
f21v,C,sho,unmapped
f21v,C,chodaiin,medium
f21v,C,choty,unmapped
f21v,C,chol,outlet
f21v,C,daiin,medium
f21v,C,daiin,medium
f21v,C,chty,unmapped
f21v,C,chtol,outlet
f21v,C,osho,unmapped
f21v,C,deey,unmapped
f21v,C,ctho,unmapped
f21v,C,l,unmapped
f21v,C,sho,unmapped
f21v,C,cthy,unmapped
f21v,C,daiin,medium
f21v,C,dait,unmapped
f21v,C,oky,heat
f21v,C,sho,unmapped
f21v,C,tsho,unmapped
f21v,C,chotshol,outlet
f21v,C,chol,outlet
f21v,C,todaiin,medium
f21v,C,daiin,medium
f21v,C,ykcho,unmapped
f21v,C,lchol,outlet
f21v,C,cho,unmapped
f21v,C,l,unmapped
f21v,C,chaiin,medium
f21v,C,otchy,unmapped
f21v,C,s,unmapped
f21v,C,sheaiin,medium
f21v,C,cho,unmapped
f21v,C,l,unmapped
f21v,C,kchochaiin,medium
f22r,C,pol,outlet
f22r,C,olshy,unmapped
f22r,C,fcholy,unmapped
f22r,C,shol,outlet
f22r,C,dpchy,unmapped
f22r,C,oty,unmapped
f22r,C,okoly,heat
f22r,C,daiin,medium
f22r,C,opchy,unmapped
f22r,C,s,unmapped
f22r,C,ocphy,unmapped
f22r,C,ol,outlet
f22r,C,oiin,unmapped
f22r,C,shol,outlet
f22r,C,o,unmapped
f22r,C,kor,reflux
f22r,C,qokchol,heat
f22r,C,daiin,medium
f22r,C,okaiin,heat
f22r,C,cthor,reflux
f22r,C,dain,unmapped
f22r,C,ckhy,unmapped
f22r,C,dom,unmapped
f22r,C,qokol,heat
f22r,C,dykaiin,medium
f22r,C,o,unmapped
f22r,C,kchy,unmapped
f22r,C,daiin,medium
f22r,C,cthol,outlet
f22r,C,ctholo,unmapped
f22r,C,dar,reflux
f22r,C,shain,unmapped
f22r,C,pchaiin,medium
f22r,C,ofchy,unmapped
f22r,C,daiin,medium
f22r,C,cfhy,unmapped
f22r,C,doroiin,unmapped
f22r,C,ypchol,outlet
f22r,C,sy,unmapped
f22r,C,schor,reflux
f22r,C,daiin,medium
f22r,C,ol,outlet
f22r,C,daiin,medium
f22r,C,qokchy,heat
f22r,C,dar,reflux
f22r,C,daiin,medium
f22r,C,chor,reflux
f22r,C,oldor,reflux
f22r,C,oky,heat
f22r,C,y,unmapped
f22r,C,choldchy,unmapped
f22r,C,y,unmapped
f22r,C,chokshchy,unmapped
f22r,C,ctheeb,unmapped
f22r,C,kchol,outlet
f22r,C,shol,outlet
f22r,C,dsheor,reflux
f22r,C,chdoly,unmapped
f22r,C,ytaiin,medium
f22r,C,ol,outlet
f22r,C,otchy,unmapped
f22r,C,cphal,outlet
f22r,C,dchor,reflux
f22r,C,oty,unmapped
f22r,C,daiin,medium
f22r,C,ctholy,unmapped
f22r,C,qoky,heat
f22r,C,chotaiin,medium
f22r,C,chocthy,unmapped
f22r,C,doiin,unmapped
f22r,C,dchor,reflux
f22r,C,odaiin,medium
f22r,C,dain,unmapped
f22r,C,cthy,unmapped
f22r,C,ctheo,unmapped
f22r,C,r,unmapped
f22r,C,oraiino,unmapped
f22r,C,kchol,outlet
f22r,C,chor,reflux
f22r,C,daiin,medium
f22r,C,cthoiin,unmapped
f22r,C,dchor,reflux
f22r,C,chey,unmapped
f22r,C,qokol,heat
f22r,C,dy,unmapped
f22r,C,opchol,outlet
f22r,C,oldam,drain
f22r,C,doiin,unmapped
f22r,C,yckhody,unmapped
f22r,C,qokchy,heat
f22r,C,oky,heat
f22r,C,otoldy,unmapped
f22r,C,yty,unmapped
f22r,C,dol,outlet
f22r,C,or,reflux
f22r,C,dchchy,unmapped
f22r,C,daiin,medium
f22r,C,odchaiin,medium
f22r,C,cthy,unmapped
f22r,C,okchy,heat
f22r,C,kchy,unmapped
f22r,C,dchol,outlet
f22r,C,daiin,medium
f22r,C,ydaiin,medium
f22r,C,dchor,reflux
f22r,C,dy,unmapped
f22r,C,dain,unmapped
f22r,C,qockhy,heat
f22r,C,ykol,outlet
f22r,C,okain,heat
f22v,C,pysaiinor,reflux
f22v,C,ofchar,reflux
f22v,C,oky,heat
f22v,C,tchy,unmapped
f22v,C,otdy,unmapped
f22v,C,sor,reflux
f22v,C,shy,unmapped
f22v,C,qo'd,heat
f22v,C,daiin,medium
f22v,C,y,unmapped
f22v,C,kaiin,medium
f22v,C,qotchy,heat
f22v,C,kchy,unmapped
f22v,C,otchyd,unmapped
f22v,C,dshor,reflux
f22v,C,ychy,unmapped
f22v,C,qoky,heat
f22v,C,kchorl,unmapped
f22v,C,otchy,unmapped
f22v,C,cthy,unmapped
f22v,C,otchyky,unmapped
f22v,C,ytchol,outlet
f22v,C,otam,drain
f22v,C,otchaiin,medium
f22v,C,shoty,unmapped
f22v,C,qoky,heat
f22v,C,saiin,medium
f22v,C,odaiin,medium
f22v,C,ytaiin,medium
f22v,C,dor,reflux
f22v,C,y,unmapped
f22v,C,kcheor,reflux
f22v,C,daiin,medium
f22v,C,fshor,reflux
f22v,C,shy,unmapped
f22v,C,tchor,reflux
f22v,C,otaiin,medium
f22v,C,ychor,reflux
f22v,C,chor,reflux
f22v,C,qokchol,heat
f22v,C,chory,unmapped
f22v,C,qotchy,heat
f22v,C,cthy,unmapped
f22v,C,qokol,heat
f22v,C,daiin,medium
f22v,C,dam,drain
f22v,C,okshor,heat
f22v,C,shody,unmapped
f22v,C,chol,outlet
f22v,C,tchol,outlet
f22v,C,otaiin,medium
f22v,C,daiin,medium
f22v,C,qokchy,heat
f22v,C,daiin,medium
f22v,C,s,unmapped
f22v,C,or,reflux
f22v,C,ytal,outlet
f22v,C,sokaiin,medium
f22v,C,oty,unmapped
f22v,C,dy,unmapped
f22v,C,ychky,unmapped
f22v,C,daiin,medium
f22v,C,cthy,unmapped
f22v,C,okchain,heat
f22v,C,chkoldy,unmapped
f22v,C,shotoly,unmapped
f22v,C,qotchy,heat
f22v,C,olshly,unmapped
f22v,C,shol,outlet
f22v,C,daiin,medium
f22v,C,sho,unmapped
f22v,C,cthy,unmapped
f22v,C,chocthy,unmapped
f22v,C,qokchy,heat
f22v,C,dory,unmapped
f22v,C,saiinchy,unmapped
f22v,C,daldalol,outlet
f23r,C,pydchdom,unmapped
f23r,C,chy,unmapped
f23r,C,fcholdy,unmapped
f23r,C,oty,unmapped
f23r,C,otchol,outlet
f23r,C,shy,unmapped
f23r,C,opyaiin,medium
f23r,C,y',unmapped
f23r,C,yfchy,unmapped
f23r,C,daiin,medium
f23r,C,ololdy,unmapped
f23r,C,dal,outlet
f23r,C,to,unmapped
f23r,C,ar,reflux
f23r,C,chor,reflux
f23r,C,daiin,medium
f23r,C,chk,unmapped
f23r,C,dain,unmapped
f23r,C,otchy,unmapped
f23r,C,lolchor,reflux
f23r,C,daiin,medium
f23r,C,dam,drain
f23r,C,okchol,heat
f23r,C,dain,unmapped
f23r,C,g,unmapped
f23r,C,dchar,reflux
f23r,C,ykor,reflux
f23r,C,y,unmapped
f23r,C,kaiin,medium
f23r,C,daiin,medium
f23r,C,cth,unmapped
f23r,C,g,unmapped
f23r,C,qokoldy,heat
f23r,C,okaiir,heat
f23r,C,ykaiil,unmapped
f23r,C,g,unmapped
f23r,C,qokeey,heat
f23r,C,ofchol,outlet
f23r,C,dain,unmapped
f23r,C,yfchor,reflux
f23r,C,olfchor,reflux
f23r,C,otchald,unmapped
f23r,C,ychor,reflux
f23r,C,qokchol,heat
f23r,C,ytym,drain
f23r,C,chol,outlet
f23r,C,dair,unmapped
f23r,C,chol,outlet
f23r,C,ar,reflux
f23r,C,ol,outlet
f23r,C,ol,outlet
f23r,C,dol,outlet
f23r,C,dain,unmapped
f23r,C,tshol,outlet
f23r,C,y,unmapped
f23r,C,kor,reflux
f23r,C,qokaiin,heat
f23r,C,yky,unmapped
f23r,C,dar,reflux
f23r,C,okol,heat
f23r,C,dchey,unmapped
f23r,C,daiidal,outlet
f23r,C,dam,drain
f23r,C,ytcho,unmapped
f23r,C,ldals,unmapped
f23r,C,okar,heat
f23r,C,olchar,reflux
f23r,C,shaiin,medium
f23r,C,qokchol,heat
f23r,C,dar,reflux
f23r,C,qokchol,heat
f23r,C,dairo,unmapped
f23r,C,r,unmapped
f23r,C,ol,outlet
f23r,C,daiin,medium
f23r,C,alg,unmapped
f23r,C,qokshy,heat
f23r,C,char,reflux
f23r,C,daiir,unmapped
f23r,C,qokaiin,heat
f23r,C,olol,outlet
f23r,C,qoaiin,heat
f23r,C,ykchy,unmapped
f23r,C,s,unmapped
f23r,C,dal,outlet
f23r,C,okchy,heat
f23r,C,okol,heat
f23r,C,ok,heat
f23r,C,shy,unmapped
f23r,C,qokol,heat
f23r,C,dy,unmapped
f23r,C,dal,outlet
f23r,C,dshe,unmapped
f23r,C,qokeees,heat
f23r,C,y,unmapped
f23r,C,oly,unmapped
f23r,C,daiin,medium
f23r,C,dal,outlet
f23r,C,qok,heat
f23r,C,okaiin,heat
f23r,C,chkchy,unmapped
f23r,C,s,unmapped
f23r,C,yteain,unmapped
f23r,C,odal,outlet
f23r,C,chal,outlet
f23r,C,dy,unmapped
f23r,C,dar,reflux
f23r,C,ykain,unmapped
f23r,C,ykyka,unmapped
f23r,C,dalory,unmapped
f23v,C,podairol,outlet
f23v,C,odaiiily,unmapped
f23v,C,sho,unmapped
f23v,C,al,outlet
f23v,C,dy,unmapped
f23v,C,opchol,outlet
f23v,C,otol,outlet
f23v,C,ol,outlet
f23v,C,chcphy,unmapped
f23v,C,qotchar,heat
f23v,C,s,unmapped
f23v,C,qottor,heat
f23v,C,chy,unmapped
f23v,C,okchaldy,heat
f23v,C,qokchey,heat
f23v,C,dol,outlet
f23v,C,otchol,outlet
f23v,C,chal,outlet
f23v,C,otchg,unmapped
f23v,C,ycho,unmapped
f23v,C,okaiin,heat
f23v,C,okeol,heat
f23v,C,eees,unmapped
f23v,C,o,unmapped
f23v,C,l,unmapped
f23v,C,daiin,medium
f23v,C,okeeor,heat
f23v,C,daiin,medium
f23v,C,qotcholg,heat
f23v,C,okchey,heat
f23v,C,dair,unmapped
f23v,C,sholol,outlet
f23v,C,ol,outlet
f23v,C,dal,outlet
f23v,C,otchor,reflux
f23v,C,dar,reflux
f23v,C,dor,reflux
f23v,C,chear,reflux
f23v,C,shor,reflux
f23v,C,dol,outlet
f23v,C,oaldary,unmapped
f23v,C,tshol,outlet
f23v,C,shor,reflux
f23v,C,shkshy,unmapped
f23v,C,okol,heat
f23v,C,daiin,medium
f23v,C,otshor,reflux
f23v,C,olsar,reflux
f23v,C,otor,reflux
f23v,C,oiin,unmapped
f23v,C,sho,unmapped
f23v,C,shol,outlet
f23v,C,qokol,heat
f23v,C,daiin,medium
f23v,C,sol,outlet
f23v,C,daiin,medium
f23v,C,ylg,unmapped
f23v,C,qokaiin,heat
f23v,C,dain,unmapped
f23v,C,qokor,heat
f23v,C,okal,heat
f23v,C,g,unmapped
f23v,C,dam,drain
f23v,C,chor,reflux
f23v,C,olol,outlet
f23v,C,dam,drain
f23v,C,otshy,unmapped
f23v,C,dal,outlet
f23v,C,dar,reflux
f23v,C,oldar,reflux
f23v,C,ar,reflux
f23v,C,or,reflux
f23v,C,qoto,heat
f23v,C,l,unmapped
f23v,C,chees,unmapped
f23v,C,g,unmapped
f23v,C,dor,reflux
f23v,C,chy,unmapped
f23v,C,kshol,outlet
f23v,C,chol,outlet
f23v,C,ctho,unmapped
f23v,C,otol,outlet
f23v,C,oloiir,unmapped
f23v,C,y,unmapped
f23v,C,okaiin,heat
f23v,C,doroiin,unmapped
f23v,C,olols,unmapped
f23v,C,oiin,unmapped
f23v,C,ol,outlet
f23v,C,cheeb,unmapped
f23v,C,ols,unmapped
f23v,C,ol,outlet
f23v,C,aiios,unmapped
f23v,C,oloro,unmapped
f23v,C,eeeoly,unmapped
f24r,C,por,reflux
f24r,C,or,reflux
f24r,C,y,unmapped
f24r,C,chor,reflux
f24r,C,opchar,reflux
f24r,C,she,unmapped
f24r,C,cheol,outlet
f24r,C,daiin,medium
f24r,C,or,reflux
f24r,C,qotaiin,heat
f24r,C,char,reflux
f24r,C,odaiin,medium
f24r,C,okaial,heat
f24r,C,oky,heat
f24r,C,ycthar,reflux
f24r,C,cthal,outlet
f24r,C,okol,heat
f24r,C,qotar,heat
f24r,C,ckhy,unmapped
f24r,C,or,reflux
f24r,C,chckhaly,unmapped
f24r,C,cthar,reflux
f24r,C,eeor,reflux
f24r,C,chees,unmapped
f24r,C,da,unmapped
f24r,C,qodar,heat
f24r,C,cho,unmapped
f24r,C,r,unmapped
f24r,C,chey,unmapped
f24r,C,cthy,unmapped
f24r,C,cthe,unmapped
f24r,C,keom,unmapped
f24r,C,oeeeos,unmapped
f24r,C,cthor,reflux
f24r,C,otal,outlet
f24r,C,qocthol,heat
f24r,C,qoky,heat
f24r,C,qkar,reflux
f24r,C,chtar,reflux
f24r,C,s,unmapped
f24r,C,cheor,reflux
f24r,C,cthol,outlet
f24r,C,qodol,heat
f24r,C,ychor,reflux
f24r,C,s,unmapped
f24r,C,om,unmapped
f24r,C,qoear,heat
f24r,C,daiin,medium
f24r,C,qokeol,heat
f24r,C,odaiin,medium
f24r,C,ckham,drain
f24r,C,qodaiy,heat
f24r,C,dol,outlet
f24r,C,dal,outlet
f24r,C,qor,heat
f24r,C,cfhar,reflux
f24r,C,chor,reflux
f24r,C,s,unmapped
f24r,C,am,drain
f24r,C,chotaiin,medium
f24r,C,dy,unmapped
f24r,C,sar,reflux
f24r,C,cheoiees,unmapped
f24r,C,okeem,heat
f24r,C,cheor,reflux
f24r,C,qokain,heat
f24r,C,qokchy,heat
f24r,C,qotchy,heat
f24r,C,tol,outlet
f24r,C,tod,unmapped
f24r,C,ckhy,unmapped
f24r,C,oees,unmapped
f24r,C,ol,outlet
f24r,C,s,unmapped
f24r,C,chey,unmapped
f24r,C,chcth,unmapped
f24r,C,s,unmapped
f24r,C,ar,reflux
f24r,C,qor,heat
f24r,C,cheey,unmapped
f24r,C,qod,heat
f24r,C,char,reflux
f24r,C,cthal,outlet
f24r,C,ockhoees,unmapped
f24r,C,oeees,unmapped
f24r,C,ol,outlet
f24r,C,dal,outlet
f24r,C,s,unmapped
f24r,C,sham,drain
f24r,C,okeal,heat
f24r,C,dal,outlet
f24r,C,dam,drain
f24r,C,dal,outlet
f24r,C,sshey,unmapped
f24r,C,otam,drain
f24r,C,sham,drain
f24r,C,cthoj,unmapped
f24r,C,oky,heat
f24r,C,ycheol,outlet
f24r,C,chol,outlet
f24r,C,daiin,medium
f24r,C,chol,outlet
f24r,C,s,unmapped
f24r,C,yol,outlet
f24r,C,kol,outlet
f24r,C,chol,outlet
f24r,C,shom,unmapped
f24r,C,otacphy,unmapped
f24r,C,sam,drain
f24r,C,chorly,unmapped
f24v,C,tchodar,reflux
f24v,C,chocfhey,unmapped
f24v,C,opom,unmapped
f24v,C,shod,unmapped
f24v,C,chcphy,unmapped
f24v,C,opshody,unmapped
f24v,C,ocphoraiin,medium
f24v,C,o,unmapped
f24v,C,k,unmapped
f24v,C,oam,drain
f24v,C,ydals,unmapped
f24v,C,ckhor,reflux
f24v,C,shy,unmapped
f24v,C,cho,unmapped
f24v,C,dchor,reflux
f24v,C,otol,outlet
f24v,C,otaiir,unmapped
f24v,C,otchos,unmapped
f24v,C,okchom,heat
f24v,C,okcho,heat
f24v,C,octhyl,unmapped
f24v,C,odchees,unmapped
f24v,C,oesearies,unmapped
f24v,C,okam,drain
f24v,C,chcth,unmapped
f24v,C,ydal,outlet
f24v,C,sh,unmapped
f24v,C,okol,heat
f24v,C,okaiin,heat
f24v,C,odaiin,medium
f24v,C,dlos,unmapped
f24v,C,oeor,reflux
f24v,C,oraiin,medium
f24v,C,tchar,reflux
f24v,C,oro,unmapped
f24v,C,tochol,outlet
f24v,C,chor,reflux
f24v,C,arsa,unmapped
f24v,C,r,unmapped
f24v,C,ycheol,outlet
f24v,C,daid,unmapped
f24v,C,dar,reflux
f24v,C,olom,unmapped
f24v,C,kochky,unmapped
f24v,C,chcthy,unmapped
f24v,C,shol,outlet
f24v,C,sain,unmapped
f24v,C,ychol,outlet
f24v,C,chol,outlet
f24v,C,or,reflux
f24v,C,chor,reflux
f24v,C,om,unmapped
f24v,C,okoeor,heat
f24v,C,ctheod,unmapped
f24v,C,choy,unmapped
f24v,C,keol,outlet
f24v,C,ydaiin,medium
f24v,C,chear,reflux
f24v,C,qodom,heat
f24v,C,okodaiin,heat
f24v,C,ksho,unmapped
f24v,C,foar,reflux
f24v,C,o,unmapped
f24v,C,sho,unmapped
f24v,C,qokch,heat
f24v,C,ok,heat
f24v,C,okchal,heat
f24v,C,oeeey,unmapped
f24v,C,cheol,outlet
f24v,C,chol,outlet
f24v,C,odor,reflux
f24v,C,sho,unmapped
f24v,C,do,unmapped
f24v,C,otolodal,outlet
f24v,C,doiir,unmapped
f24v,C,cheeodam,drain
f24v,C,sho,unmapped
f24v,C,sho,unmapped
f24v,C,dy,unmapped
f24v,C,dchey,unmapped
f24v,C,kchod,unmapped
f24v,C,dchal,outlet
f24v,C,ochdy,unmapped
f24v,C,otchol,outlet
f24v,C,odaiim,unmapped
f25r,D,fcholdy,unmapped
f25r,D,soshy,unmapped
f25r,D,daiin,medium
f25r,D,y,unmapped
f25r,D,shody,unmapped
f25r,D,daiin,medium
f25r,D,ocholdy,unmapped
f25r,D,cpholdy,unmapped
f25r,D,sy,unmapped
f25r,D,otor,reflux
f25r,D,chor,reflux
f25r,D,chsky,unmapped
f25r,D,chotchy,unmapped
f25r,D,shair,unmapped
f25r,D,qod,heat
f25r,D,shachy,unmapped
f25r,D,kchy,unmapped
f25r,D,chkain,unmapped
f25r,D,qotchy,heat
f25r,D,qotshy,heat
f25r,D,cheesees,unmapped
f25r,D,sheear,reflux
f25r,D,s,unmapped
f25r,D,chain,unmapped
f25r,D,daiin,medium
f25r,D,chain,unmapped
f25r,D,dan,unmapped
f25r,D,dchckhy,unmapped
f25r,D,shocthy,unmapped
f25r,D,ytchey,unmapped
f25r,D,cthor,reflux
f25r,D,s,unmapped
f25r,D,chan,unmapped
f25r,D,chaiin,medium
f25r,D,qotchain,heat
f25r,D,qotcheaiin,heat
f25r,D,dchain,unmapped
f25r,D,cthain,unmapped
f25r,D,daiin,medium
f25r,D,daiin,medium
f25r,D,cthain,unmapped
f25r,D,qotaiin,heat
f25r,D,okal,heat
f25r,D,chotaiin,medium
f25r,D,dair,unmapped
f25r,D,otaiir,unmapped
f25r,D,otosy,unmapped
f25v,D,poeeaiin,medium
f25v,D,qo,heat
f25v,D,ky,unmapped
f25v,D,shy,unmapped
f25v,D,daiin,medium
f25v,D,qopchey,heat
f25v,D,otchey,unmapped
f25v,D,qofchor,heat
f25v,D,sos,unmapped
f25v,D,dchor,reflux
f25v,D,cthor,reflux
f25v,D,chor,reflux
f25v,D,daiin,medium
f25v,D,s,unmapped
f25v,D,okeeaiin,heat
f25v,D,daiin,medium
f25v,D,ckhey,unmapped
f25v,D,daiin,medium
f25v,D,orcho,unmapped
f25v,D,kchor,reflux
f25v,D,chol,outlet
f25v,D,daiin,medium
f25v,D,shcfho,unmapped
f25v,D,r,unmapped
f25v,D,daiin,medium
f25v,D,dshey,unmapped
f25v,D,daiity,unmapped
f25v,D,qokaiin,heat
f25v,D,qokcho,heat
f25v,D,shol,outlet
f25v,D,daiin,medium
f25v,D,ckhear,reflux
f25v,D,ckhol,outlet
f25v,D,daiin,medium
f25v,D,chkear,reflux
f25v,D,dar,reflux
f25v,D,chokeey,unmapped
f25v,D,dshor,reflux
f25v,D,dshey,unmapped
f25v,D,qochol,heat
f25v,D,dol,outlet
f25v,D,cho,unmapped
f25v,D,daiin,medium
f25v,D,daiin,medium
f25v,D,qokcho,heat
f25v,D,r,unmapped
f25v,D,ochy,unmapped
f25v,D,qotchy,heat
f25v,D,qotoral,heat
f25v,D,cho,unmapped
f25v,D,chain,unmapped
f25v,D,deeaiir,unmapped
f25v,D,s,unmapped
f25v,D,o,unmapped
f25v,D,chkey,unmapped
f25v,D,daiiol,outlet
f25v,D,daiin,medium
f25v,D,shckh,unmapped
f25v,D,orchaiin,medium
f26r,D,psheoky,unmapped
f26r,D,odaiir,unmapped
f26r,D,qoy,heat
f26r,D,ofshod,unmapped
f26r,D,chypchey,unmapped
f26r,D,ypchedy,unmapped
f26r,D,ain,unmapped
f26r,D,chofo,unmapped
f26r,D,chedy,unmapped
f26r,D,dchey,unmapped
f26r,D,aiin,medium
f26r,D,adeeody,unmapped
f26r,D,ykecthey,unmapped
f26r,D,chedy,unmapped
f26r,D,ytedy,unmapped
f26r,D,dy,unmapped
f26r,D,checthedy,unmapped
f26r,D,ls,unmapped
f26r,D,oaiin,medium
f26r,D,shcthy,unmapped
f26r,D,cthedy,unmapped
f26r,D,oloy,unmapped
f26r,D,ykeedy,unmapped
f26r,D,olchedy,unmapped
f26r,D,dal,outlet
f26r,D,y,unmapped
f26r,D,sheey,unmapped
f26r,D,s,unmapped
f26r,D,aiin,medium
f26r,D,s,unmapped
f26r,D,qokedy,heat
f26r,D,cheos,unmapped
f26r,D,ytedy,unmapped
f26r,D,qokedy,heat
f26r,D,ytedy,unmapped
f26r,D,chekedy,unmapped
f26r,D,daiin,medium
f26r,D,odam,drain
f26r,D,s,unmapped
f26r,D,aldy,unmapped
f26r,D,saiin,medium
f26r,D,shedy,retain
f26r,D,eedy,unmapped
f26r,D,eedy,unmapped
f26r,D,s,unmapped
f26r,D,chy,unmapped
f26r,D,daiin,medium
f26r,D,cthedy,unmapped
f26r,D,qokeedy,heat
f26r,D,qokedy,heat
f26r,D,cthey,unmapped
f26r,D,rchedy,unmapped
f26r,D,qokedy,heat
f26r,D,pcho,unmapped
f26r,D,qokedy,heat
f26r,D,dar,reflux
f26r,D,sheo,unmapped
f26r,D,ypchseds,unmapped
f26r,D,s,unmapped
f26r,D,aiin,medium
f26r,D,sha,unmapped
f26r,D,p,unmapped
f26r,D,chedyfchy,unmapped
f26r,D,dalchedy,unmapped
f26r,D,sar,reflux
f26r,D,daiin,medium
f26r,D,shedy,retain
f26r,D,qokeedy,heat
f26r,D,qoteedar,heat
f26r,D,s,unmapped
f26r,D,ok,heat
f26r,D,ol,outlet
f26r,D,ytedy,unmapped
f26r,D,qokeedy,heat
f26r,D,qokedy,heat
f26r,D,tcheoshy,unmapped
f26r,D,dchdy,unmapped
f26r,D,okedy,heat
f26r,D,chckhy,unmapped
f26r,D,s,unmapped
f26r,D,dy,unmapped
f26r,D,dy,unmapped
f26r,D,ykeechy,unmapped
f26r,D,okeedy,heat
f26r,D,cheky,unmapped
f26r,D,shese,unmapped
f26r,D,aiin,medium
f26r,D,sheos,unmapped
f26r,D,cheody,unmapped
f26r,D,otal,outlet
f26v,D,pchedar,reflux
f26v,D,qodary,heat
f26v,D,daiiin,unmapped
f26v,D,pcheety,unmapped
f26v,D,s,unmapped
f26v,D,air,unmapped
f26v,D,shedy,retain
f26v,D,ypchedy,unmapped
f26v,D,ypchdy,unmapped
f26v,D,qopy,heat
f26v,D,shdy,unmapped
f26v,D,saraiir,unmapped
f26v,D,chekedy,unmapped
f26v,D,qokedy,heat
f26v,D,otedy,unmapped
f26v,D,sar,reflux
f26v,D,y,unmapped
f26v,D,etedy,unmapped
f26v,D,qokedy,heat
f26v,D,or,reflux
f26v,D,ae,unmapped
f26v,D,alys,unmapped
f26v,D,chedy,unmapped
f26v,D,pchdar,reflux
f26v,D,opar,reflux
f26v,D,dar,reflux
f26v,D,cheeol,outlet
f26v,D,ofchdy,unmapped
f26v,D,otedy,unmapped
f26v,D,dy,unmapped
f26v,D,odar,reflux
f26v,D,chedy,unmapped
f26v,D,ytedy,unmapped
f26v,D,okchdy,heat
f26v,D,g,unmapped
f26v,D,yckheody,unmapped
f26v,D,qokedy,heat
f26v,D,deey,unmapped
f26v,D,saldy,unmapped
f26v,D,okedor,heat
f26v,D,or,reflux
f26v,D,cheos,unmapped
f26v,D,oraiin,medium
f26v,D,okeo,heat
f26v,D,chekaiin,medium
f26v,D,deeol,outlet
f26v,D,cheody,unmapped
f26v,D,qoteedy,heat
f26v,D,qokody,heat
f26v,D,qotedy,heat
f26v,D,qotedy,heat
f26v,D,opchedy,unmapped
f26v,D,ofchy,unmapped
f26v,D,chs,unmapped
f26v,D,ar,reflux
f26v,D,toeedy,unmapped
f26v,D,keody,unmapped
f26v,D,shedy,retain
f26v,D,dar,reflux
f26v,D,chedy,unmapped
f26v,D,sches,unmapped
f26v,D,or,reflux
f26v,D,cheeky,unmapped
f26v,D,dar,reflux
f26v,D,chey,unmapped
f26v,D,cheky,unmapped
f26v,D,yteedy,unmapped
f26v,D,pchedy,unmapped
f26v,D,dar,reflux
f26v,D,cheoet,unmapped
f26v,D,chy,unmapped
f26v,D,sair,unmapped
f26v,D,chees,unmapped
f26v,D,odaiiin,unmapped
f26v,D,chkeeey,unmapped
f26v,D,ykey,unmapped
f26v,D,sheey,unmapped
f26v,D,tchedy,unmapped
f26v,D,okeeos,heat
f26v,D,cheeos,unmapped
f26v,D,ysaiin,medium
f26v,D,okcheey,heat
f26v,D,keody,unmapped
f26v,D,s,unmapped
f26v,D,aiin,medium
f26v,D,cheeos,unmapped
f26v,D,qokes,heat
f26v,D,ory,unmapped
f26v,D,ysheey,unmapped
f26v,D,okeshy,heat
f26v,D,shody,unmapped
f26v,D,peshy,unmapped
f26v,D,todydy,unmapped
f27r,D,ksor,reflux
f27r,D,shey,unmapped
f27r,D,shoteo,unmapped
f27r,D,chforaiin,medium
f27r,D,shy,unmapped
f27r,D,shod,unmapped
f27r,D,chary,unmapped
f27r,D,dy,unmapped
f27r,D,ain,unmapped
f27r,D,shol,outlet
f27r,D,dain,unmapped
f27r,D,dar,reflux
f27r,D,shokyd,unmapped
f27r,D,dchol,outlet
f27r,D,cthey,unmapped
f27r,D,ds,unmapped
f27r,D,chol,outlet
f27r,D,shy,unmapped
f27r,D,keol,outlet
f27r,D,chol,outlet
f27r,D,chy,unmapped
f27r,D,shol,outlet
f27r,D,chy,unmapped
f27r,D,daiin,medium
f27r,D,chey,unmapped
f27r,D,dam,drain
f27r,D,qokey,heat
f27r,D,chor,reflux
f27r,D,char,reflux
f27r,D,chy,unmapped
f27r,D,dchy,unmapped
f27r,D,keey,unmapped
f27r,D,chos,unmapped
f27r,D,cthody,unmapped
f27r,D,dor,reflux
f27r,D,chees,unmapped
f27r,D,ctho,unmapped
f27r,D,shy,unmapped
f27r,D,ar,reflux
f27r,D,y,unmapped
f27r,D,daiin,medium
f27r,D,dair,unmapped
f27r,D,chy,unmapped
f27r,D,t,unmapped
f27r,D,chols,unmapped
f27r,D,chor,reflux
f27r,D,cholaiin,medium
f27r,D,shy,unmapped
f27r,D,kchal,outlet
f27r,D,dy,unmapped
f27r,D,kchey,unmapped
f27r,D,chey,unmapped
f27r,D,kcheol,outlet
f27r,D,pcho,unmapped
f27r,D,schey,unmapped
f27r,D,ly,unmapped
f27r,D,chals,unmapped
f27r,D,cham,drain
f27r,D,ytchy,unmapped
f27r,D,chy,unmapped
f27r,D,t,unmapped
f27r,D,chol,outlet
f27r,D,dy,unmapped
f27r,D,t,unmapped
f27r,D,chey,unmapped
f27r,D,dain,unmapped
f27r,D,chol,outlet
f27r,D,dal,outlet
f27r,D,dchey,unmapped
f27r,D,keeod,unmapped
f27r,D,shotchey,unmapped
f27r,D,chol,outlet
f27r,D,oty,unmapped
f27r,D,chy,unmapped
f27r,D,tolg,unmapped
f27r,D,qotchey,heat
f27r,D,shes,unmapped
f27r,D,s,unmapped
f27r,D,y,unmapped
f27r,D,chy,unmapped
f27r,D,tchey,unmapped
f27r,D,dy,unmapped
f27r,D,chol,outlet
f27r,D,daiiin,unmapped
f27r,D,chees,unmapped
f27r,D,chos,unmapped
f27r,D,ey,unmapped
f27r,D,dan,unmapped
f27r,D,dain,unmapped
f27r,D,cheokeey,unmapped
f27r,D,chey,unmapped
f27r,D,cthey,unmapped
f27r,D,otal,outlet
f27r,D,otchodeey,unmapped
f27v,D,pochof,unmapped
f27v,D,chof,unmapped
f27v,D,cho,unmapped
f27v,D,sho,unmapped
f27v,D,soly,unmapped
f27v,D,shol,outlet
f27v,D,ytchar,reflux
f27v,D,opchory,unmapped
f27v,D,kchor,reflux
f27v,D,chor,reflux
f27v,D,dchy,unmapped
f27v,D,chkar,reflux
f27v,D,otchy,unmapped
f27v,D,shy,unmapped
f27v,D,shy,unmapped
f27v,D,dchy,unmapped
f27v,D,dshy,unmapped
f27v,D,kchy,unmapped
f27v,D,cheo,unmapped
f27v,D,daidy,unmapped
f27v,D,dchy,unmapped
f27v,D,kchey,unmapped
f27v,D,kchy,unmapped
f27v,D,dchokchy,unmapped
f27v,D,dsho,unmapped
f27v,D,dr,unmapped
f27v,D,chodchy,unmapped
f27v,D,etcheody,unmapped
f27v,D,shld,unmapped
f27v,D,okcho,heat
f27v,D,chy,unmapped
f27v,D,kcheed,unmapped
f27v,D,chl,unmapped
f27v,D,chol,outlet
f27v,D,kod,unmapped
f27v,D,o,unmapped
f27v,D,oksho,heat
f27v,D,do,unmapped
f27v,D,cheesg,unmapped
f27v,D,qoky,heat
f27v,D,sh,unmapped
f27v,D,keeo,unmapped
f27v,D,scho,unmapped
f27v,D,dar,reflux
f27v,D,shkol,outlet
f27v,D,chotchy,unmapped
f27v,D,ctho,unmapped
f27v,D,dol,outlet
f27v,D,dsho,unmapped
f27v,D,kchrrr,unmapped
f27v,D,okeedy,heat
f27v,D,dchschy,unmapped
f27v,D,sotchdy,unmapped
f27v,D,sho,unmapped
f27v,D,shoykcho,unmapped
f27v,D,shdy,unmapped
f27v,D,dchd,unmapped
f27v,D,chschsy,unmapped
f27v,D,otchdy,unmapped
f27v,D,okshes,heat
f27v,D,okchokshy,heat
f28r,D,pchodar,reflux
f28r,D,shod,unmapped
f28r,D,chocphy,unmapped
f28r,D,opchol,outlet
f28r,D,daiin,medium
f28r,D,otchol,outlet
f28r,D,chy,unmapped
f28r,D,qo,heat
f28r,D,ldy,unmapped
f28r,D,otchor,reflux
f28r,D,otchor,reflux
f28r,D,cthol,outlet
f28r,D,y,unmapped
f28r,D,ctheol,outlet
f28r,D,dy,unmapped
f28r,D,dchar,reflux
f28r,D,chakod,unmapped
f28r,D,dly,unmapped
f28r,D,qotchaiin,heat
f28r,D,shor,reflux
f28r,D,cthol,outlet
f28r,D,cthol,outlet
f28r,D,shor,reflux
f28r,D,chotchy,unmapped
f28r,D,tchodar,reflux
f28r,D,choty,unmapped
f28r,D,chtol,outlet
f28r,D,otol,outlet
f28r,D,chotchy,unmapped
f28r,D,cthol,outlet
f28r,D,otol,outlet
f28r,D,choky,unmapped
f28r,D,qoty,heat
f28r,D,oksho,heat
f28r,D,otorchy,unmapped
f28r,D,kchoror,reflux
f28r,D,chodaiin,medium
f28r,D,sho,unmapped
f28r,D,cthody,unmapped
f28r,D,okoy,heat
f28r,D,qokchol,heat
f28r,D,qodaiin,heat
f28r,D,otcholchy,unmapped
f28r,D,daiin,medium
f28r,D,cho,unmapped
f28r,D,qokol,heat
f28r,D,o,unmapped
f28r,D,kam,drain
f28r,D,sho,unmapped
f28r,D,otor,reflux
f28r,D,shockhy,unmapped
f28r,D,shocthy,unmapped
f28r,D,otoldy,unmapped
f28r,D,dshor,reflux
f28r,D,dol,outlet
f28r,D,dar,reflux
f28r,D,oschotshl,unmapped
f28r,D,daiin,medium
f28r,D,okchey,heat
f28r,D,kol,outlet
f28r,D,daiin,medium
f28r,D,shol,outlet
f28r,D,dsho,unmapped
f28r,D,otaiin,medium
f28r,D,ytchol,outlet
f28r,D,deey,unmapped
f28r,D,yteol,outlet
f28r,D,deaiin,medium
f28v,D,kshol,outlet
f28v,D,qooiiin,heat
f28v,D,shor,reflux
f28v,D,pshoiiin,unmapped
f28v,D,shepchy,unmapped
f28v,D,qoty,heat
f28v,D,dy,unmapped
f28v,D,shory,unmapped
f28v,D,ykcholy,unmapped
f28v,D,qoty,heat
f28v,D,chy,unmapped
f28v,D,dy,unmapped
f28v,D,qokchol,heat
f28v,D,chor,reflux
f28v,D,tchy,unmapped
f28v,D,qokchody,heat
f28v,D,cheor,reflux
f28v,D,o,unmapped
f28v,D,chor,reflux
f28v,D,chol,outlet
f28v,D,chy,unmapped
f28v,D,choiin,unmapped
f28v,D,tshoiin,unmapped
f28v,D,cheor,reflux
f28v,D,chor,reflux
f28v,D,o,unmapped
f28v,D,chty,unmapped
f28v,D,qotol,heat
f28v,D,sheol,outlet
f28v,D,shor,reflux
f28v,D,daiin,medium
f28v,D,qoty,heat
f28v,D,otol,outlet
f28v,D,chol,outlet
f28v,D,daiin,medium
f28v,D,chkaiin,medium
f28v,D,shoiin,unmapped
f28v,D,qotchey,heat
f28v,D,qotshey,heat
f28v,D,daiiin,unmapped
f28v,D,daiin,medium
f28v,D,chkaiin,medium
f28v,D,pchol,outlet
f28v,D,oiir,unmapped
f28v,D,chol,outlet
f28v,D,tsho,unmapped
f28v,D,daiin,medium
f28v,D,sho,unmapped
f28v,D,t,unmapped
f28v,D,chy,unmapped
f28v,D,chtshy,unmapped
f28v,D,dair,unmapped
f28v,D,am,drain
f28v,D,okain,heat
f28v,D,chan,unmapped
f28v,D,chain,unmapped
f28v,D,cthor,reflux
f28v,D,dain,unmapped
f28v,D,yk,unmapped
f28v,D,chy,unmapped
f28v,D,daiin,medium
f28v,D,cthol,outlet
f28v,D,sor,reflux
f28v,D,chear,reflux
f28v,D,chl,unmapped
f28v,D,:s,unmapped
f28v,D,choly,unmapped
f28v,D,dar,reflux
f29r,D,posaiin,medium
f29r,D,she,unmapped
f29r,D,aiin,medium
f29r,D,chep,unmapped
f29r,D,oty,unmapped
f29r,D,chy,unmapped
f29r,D,qotchy,heat
f29r,D,qoty,heat
f29r,D,cheecthy,unmapped
f29r,D,dshe,unmapped
f29r,D,ykchy,unmapped
f29r,D,choty,unmapped
f29r,D,oky,heat
f29r,D,cho,unmapped
f29r,D,l,unmapped
f29r,D,chchoty,unmapped
f29r,D,choky,unmapped
f29r,D,chy,unmapped
f29r,D,ty,unmapped
f29r,D,dy,unmapped
f29r,D,qokchy,heat
f29r,D,qoty,heat
f29r,D,kchaiin,medium
f29r,D,shear,reflux
f29r,D,cthor,reflux
f29r,D,dchor,reflux
f29r,D,choly,unmapped
f29r,D,chocthy,unmapped
f29r,D,qoos,heat
f29r,D,chos,unmapped
f29r,D,kcheol,outlet
f29r,D,cheor,reflux
f29r,D,sheos,unmapped
f29r,D,sheey,unmapped
f29r,D,teey,unmapped
f29r,D,da,unmapped
f29r,D,shos,unmapped
f29r,D,o,unmapped
f29r,D,chokshy,unmapped
f29r,D,shocthy,unmapped
f29r,D,shor,reflux
f29r,D,shor,reflux
f29r,D,daiin,medium
f29r,D,qokaiiin,heat
f29r,D,qokchy,heat
f29r,D,chol,outlet
f29r,D,shokchy,unmapped
f29r,D,qokaiin,heat
f29r,D,choety,unmapped
f29r,D,choty,unmapped
f29r,D,kaiin,medium
f29r,D,shor,reflux
f29r,D,chor,reflux
f29r,D,shosheky,unmapped
f29r,D,shy,unmapped
f29r,D,qoty,heat
f29r,D,kody,unmapped
f29r,D,daiin,medium
f29r,D,cthy,unmapped
f29r,D,qokshe,heat
f29r,D,qor,heat
f29r,D,chey,unmapped
f29r,D,kor,reflux
f29r,D,cheod,unmapped
f29r,D,ychom,unmapped
f29v,D,kooiin,unmapped
f29v,D,shor,reflux
f29v,D,chetchy,unmapped
f29v,D,ol,outlet
f29v,D,ls,unmapped
f29v,D,shytchy,unmapped
f29v,D,cthy,unmapped
f29v,D,shy,unmapped
f29v,D,cho,unmapped
f29v,D,shy,unmapped
f29v,D,daiin,medium
f29v,D,qotcheaiin,heat
f29v,D,s,unmapped
f29v,D,chol,outlet
f29v,D,chol,outlet
f29v,D,cthy,unmapped
f29v,D,chey,unmapped
f29v,D,cthold,unmapped
f29v,D,ytchor,reflux
f29v,D,dary,unmapped
f29v,D,chol,outlet
f29v,D,chol,outlet
f29v,D,kor,reflux
f29v,D,shey,unmapped
f29v,D,odaiin,medium
f29v,D,qotchy,heat
f29v,D,taiin,medium
f29v,D,s,unmapped
f29v,D,she,unmapped
f29v,D,otey,unmapped
f29v,D,sy,unmapped
f29v,D,ysho,unmapped
f29v,D,otshy,unmapped
f29v,D,okaiin,heat
f29v,D,cthy,unmapped
f29v,D,oltchy,unmapped
f29v,D,s,unmapped
f29v,D,shot,unmapped
f29v,D,sho,unmapped
f29v,D,okaiin,heat
f29v,D,tochon,unmapped
f29v,D,chain,unmapped
f29v,D,shan,unmapped
f29v,D,shoty,unmapped
f29v,D,chshy,unmapped
f29v,D,shy,unmapped
f29v,D,dchor,reflux
f29v,D,chol,outlet
f29v,D,chaiin,medium
f29v,D,shaiin,medium
f29v,D,cthod,unmapped
f29v,D,dar,reflux
f29v,D,chs,unmapped
f29v,D,shody,unmapped
f29v,D,qotcho,heat
f29v,D,kchor,reflux
f29v,D,daiin,medium
f29v,D,ykaiin,medium
f29v,D,dy,unmapped
f29v,D,shdy,unmapped
f29v,D,chocthy,unmapped
f29v,D,sheky,unmapped
f29v,D,otol,outlet
f29v,D,shotchor,reflux
f29v,D,cholody,unmapped
f29v,D,dain,unmapped
f29v,D,ch:cth,unmapped
f29v,D,chy,unmapped
f29v,D,cthody,unmapped
f29v,D,dol,outlet
f29v,D,sho,unmapped
f29v,D,chokor,reflux
f29v,D,chor,reflux
f29v,D,chy,unmapped
f29v,D,ydaiin,medium
f29v,D,cho,unmapped
f29v,D,ykeeb,unmapped
f29v,D,oaiin,medium
f29v,D,qokoiin,heat
f29v,D,okaiin,heat
f29v,D,cho,unmapped
f29v,D,:cth,unmapped
f29v,D,chyd,unmapped
f29v,D,chykar,reflux
f29v,D,daiin,medium
f29v,D,chteor,reflux
f29v,D,octhy,unmapped
f29v,D,dar,reflux
f29v,D,chyt,unmapped
f29v,D,otody,unmapped
f29v,D,qekeochor,reflux
f29v,D,otchey,unmapped
f29v,D,s,unmapped
f29v,D,y,unmapped
f30r,D,okeeesy,heat
f30r,D,chey,unmapped
f30r,D,shorchey,unmapped
f30r,D,fcheody,unmapped
f30r,D,shey,unmapped
f30r,D,tchy,unmapped
f30r,D,ches,unmapped
f30r,D,d,unmapped
f30r,D,o,unmapped
f30r,D,shey,unmapped
f30r,D,ychody,unmapped
f30r,D,chey,unmapped
f30r,D,chkeey,unmapped
f30r,D,ksho,unmapped
f30r,D,keeor,reflux
f30r,D,cheor,reflux
f30r,D,shey,unmapped
f30r,D,she,unmapped
f30r,D,keeodol,outlet
f30r,D,sy,unmapped
f30r,D,chodaiin,medium
f30r,D,cho,unmapped
f30r,D,ry,unmapped
f30r,D,chey,unmapped
f30r,D,doiin,unmapped
f30r,D,sain,unmapped
f30r,D,chorain,unmapped
f30r,D,cheey,unmapped
f30r,D,keem,unmapped
f30r,D,qokechy,heat
f30r,D,qoko,heat
f30r,D,qop,heat
f30r,D,char,reflux
f30r,D,soin,unmapped
f30r,D,chan,unmapped
f30r,D,qot,heat
f30r,D,chaiin,medium
f30r,D,choko,unmapped
f30r,D,qokochy,heat
f30r,D,deeey,unmapped
f30r,D,dkeeor,reflux
f30r,D,cheoldain,unmapped
f30r,D,chory,unmapped
f30r,D,dchorol,outlet
f30r,D,sho,unmapped
f30r,D,chor,reflux
f30r,D,cho,unmapped
f30r,D,ro,unmapped
f30r,D,raiin,medium
f30r,D,dor,reflux
f30r,D,chseeor,reflux
f30r,D,dy,unmapped
f30r,D,qor,heat
f30r,D,chain,unmapped
f30r,D,cthorchy,unmapped
f30r,D,opchol,outlet
f30r,D,ol,outlet
f30r,D,chesey,unmapped
f30r,D,scheo,unmapped
f30r,D,r,unmapped
f30r,D,chey,unmapped
f30r,D,okeal,heat
f30r,D,dcheo,unmapped
f30r,D,rchey,unmapped
f30r,D,dchey,unmapped
f30r,D,qochar,heat
f30r,D,chol,outlet
f30r,D,keeaiin,medium
f30r,D,chcthey,unmapped
f30r,D,chor,reflux
f30r,D,cheky,unmapped
f30r,D,chokchaiin,medium
f30r,D,dchor,reflux
f30r,D,chkchean,unmapped
f30r,D,qotchy,heat
f30r,D,chctho,unmapped
f30r,D,rchody,unmapped
f30r,D,qotchor,heat
f30r,D,cheor,reflux
f30r,D,chey,unmapped
f30r,D,cheor,reflux
f30r,D,chey,unmapped
f30r,D,soeeb,unmapped
f30r,D,ydey,unmapped
f30r,D,sor,reflux
f30r,D,daiin,medium
f30r,D,dcheey,unmapped
f30r,D,ckhey,unmapped
f30r,D,ckhey,unmapped
f30r,D,daiin,medium
f30r,D,chkeaiin,medium
f30r,D,dar,reflux
f30r,D,chor,reflux
f30r,D,ychdain,unmapped
f30r,D,chodaiin,medium
f30r,D,chtchey,unmapped
f30r,D,chear,reflux
f30r,D,shy,unmapped
f30r,D,keey,unmapped
f30v,D,sain,unmapped
f30v,D,shosaiin,medium
f30v,D,chocthey,unmapped
f30v,D,sho,unmapped
f30v,D,chepchy,unmapped
f30v,D,shor,reflux
f30v,D,sheaiin,medium
f30v,D,qotchor,heat
f30v,D,chy,unmapped
f30v,D,she,unmapped
f30v,D,kchor,reflux
f30v,D,chory,unmapped
f30v,D,keor,reflux
f30v,D,ol,outlet
f30v,D,chy,unmapped
f30v,D,daiin,medium
f30v,D,ctholdy,unmapped
f30v,D,chotchol,outlet
f30v,D,daiin,medium
f30v,D,cthol,outlet
f30v,D,doiin,unmapped
f30v,D,daiin,medium
f30v,D,chokeor,reflux
f30v,D,dal,outlet
f30v,D,chto:cthy,unmapped
f30v,D,otchey,unmapped
f30v,D,daiin,medium
f30v,D,chor,reflux
f30v,D,checkhy,unmapped
f30v,D,qotchod,heat
f30v,D,daiin,medium
f30v,D,dain,unmapped
f30v,D,choty,unmapped
f30v,D,chkol,outlet
f30v,D,ytor,reflux
f30v,D,cheoldy,unmapped
f30v,D,qokeeor,heat
f30v,D,chokol,outlet
f30v,D,chokeody,unmapped
f30v,D,dair,unmapped
f30v,D,y,unmapped
f30v,D,chakchy,unmapped
f30v,D,sho,unmapped
f30v,D,kcho,unmapped
f30v,D,tcho,unmapped
f30v,D,ctho,unmapped
f30v,D,sos,unmapped
f30v,D,oyshy,unmapped
f30v,D,cheotol,outlet
f30v,D,cphoaiin,medium
f30v,D,cphey,unmapped
f30v,D,qotchor,heat
f30v,D,chor,reflux
f30v,D,sheey,unmapped
f30v,D,cheolsos,unmapped
f30v,D,sho,unmapped
f30v,D,sheoldy,unmapped
f30v,D,otcheor,reflux
f30v,D,daiin,medium
f30v,D,sol,outlet
f30v,D,chokcheey,unmapped
f30v,D,daiin,medium
f30v,D,kchydy,unmapped
f31r,D,keedey,unmapped
f31r,D,qofchedy,heat
f31r,D,shee,unmapped
f31r,D,s,unmapped
f31r,D,aiin,medium
f31r,D,qokee,heat
f31r,D,chepakeo,unmapped
f31r,D,dcheey,unmapped
f31r,D,daiin,medium
f31r,D,okeedy,heat
f31r,D,qokees,heat
f31r,D,s,unmapped
f31r,D,aiin,medium
f31r,D,shekeey,unmapped
f31r,D,qef,unmapped
f31r,D,qokeey,heat
f31r,D,chey,unmapped
f31r,D,daiin,medium
f31r,D,qokeey,heat
f31r,D,sair,unmapped
f31r,D,chekey,unmapped
f31r,D,s,unmapped
f31r,D,aiin,medium
f31r,D,da,unmapped
f31r,D,qotar,heat
f31r,D,chy,unmapped
f31r,D,dar,reflux
f31r,D,lo,unmapped
f31r,D,r,unmapped
f31r,D,ar,reflux
f31r,D,cheey,unmapped
f31r,D,keeol,outlet
f31r,D,chedy,unmapped
f31r,D,qokey,heat
f31r,D,daiin,medium
f31r,D,sheeody,unmapped
f31r,D,qokeor,heat
f31r,D,tshokeody,unmapped
f31r,D,qokedy,heat
f31r,D,qotedy,heat
f31r,D,chepos,unmapped
f31r,D,cheda,unmapped
f31r,D,s,unmapped
f31r,D,aiin,medium
f31r,D,dal,outlet
f31r,D,ykeedar,reflux
f31r,D,saiin,medium
f31r,D,checkhey,unmapped
f31r,D,sheol,outlet
f31r,D,qokedy,heat
f31r,D,ykeedy,unmapped
f31r,D,chedy,unmapped
f31r,D,ldy,unmapped
f31r,D,shedy,retain
f31r,D,qokedy,heat
f31r,D,cheol,outlet
f31r,D,cheod,unmapped
f31r,D,qokeody,heat
f31r,D,cheol,outlet
f31r,D,checthy,unmapped
f31r,D,daiir,unmapped
f31r,D,sheeo,unmapped
f31r,D,shcthey,unmapped
f31r,D,okeol,heat
f31r,D,tol,outlet
f31r,D,shso,unmapped
f31r,D,okedy,heat
f31r,D,okedy,heat
f31r,D,qokedy,heat
f31r,D,qokeedy,heat
f31r,D,dar,reflux
f31r,D,shedshey,retain
f31r,D,olsheol,outlet
f31r,D,qokchy,heat
f31r,D,dal,outlet
f31r,D,chey,unmapped
f31r,D,deey,unmapped
f31r,D,kchy,unmapped
f31r,D,keey,unmapped
f31r,D,okaiiin,heat
f31r,D,ykeey,unmapped
f31r,D,qoaiin,heat
f31r,D,yches,unmapped
f31r,D,okedy,heat
f31r,D,sheey,unmapped
f31r,D,chedaiin,medium
f31r,D,dar,reflux
f31r,D,olsheor,reflux
f31r,D,qoekedy,heat
f31r,D,otedy,unmapped
f31r,D,ykedy,unmapped
f31r,D,dals,unmapped
f31r,D,saiis,unmapped
f31r,D,or,reflux
f31r,D,chedy,unmapped
f31r,D,daiin,medium
f31r,D,okeedy,heat
f31r,D,yshedair,unmapped
f31r,D,sheol,outlet
f31r,D,cheky,unmapped
f31r,D,okedam,drain
f31r,D,oteor,reflux
f31r,D,aiicthy,unmapped
f31v,D,podair,unmapped
f31v,D,sheedy,unmapped
f31v,D,otedy,unmapped
f31v,D,oteedy,unmapped
f31v,D,qotolcheo,heat
f31v,D,s,unmapped
f31v,D,ar,reflux
f31v,D,ar,reflux
f31v,D,oteey,unmapped
f31v,D,dkchrar,reflux
f31v,D,als,unmapped
f31v,D,ytchos,unmapped
f31v,D,ockhey,unmapped
f31v,D,okeeo,heat
f31v,D,s,unmapped
f31v,D,cheody,unmapped
f31v,D,okeey,heat
f31v,D,keeody,unmapped
f31v,D,daiin,medium
f31v,D,cheody,unmapped
f31v,D,keedy,unmapped
f31v,D,ykeeo,unmapped
f31v,D,daiin,medium
f31v,D,shedal,retain
f31v,D,okedy,heat
f31v,D,okey,heat
f31v,D,keo,unmapped
f31v,D,dy,unmapped
f31v,D,okchey,heat
f31v,D,sair,unmapped
f31v,D,okees,heat
f31v,D,o,unmapped
f31v,D,lkedy,unmapped
f31v,D,dair,unmapped
f31v,D,cthedy,unmapped
f31v,D,qokedy,heat
f31v,D,okeody,heat
f31v,D,chedar,reflux
f31v,D,oked,heat
f31v,D,al,outlet
f31v,D,ockhedy,unmapped
f31v,D,okeedy,heat
f31v,D,otas,unmapped
f31v,D,ykeos,unmapped
f31v,D,cheeoy,unmapped
f31v,D,or,reflux
f31v,D,aiin,medium
f31v,D,pcheeody,unmapped
f31v,D,qop,heat
f31v,D,chedal,outlet
f31v,D,checfhy,unmapped
f31v,D,chefchol,outlet
f31v,D,or,reflux
f31v,D,cheef,unmapped
f31v,D,alaiin,medium
f31v,D,opal,outlet
f31v,D,sheo,unmapped
f31v,D,otar,reflux
f31v,D,olkeedam,drain
f31v,D,ches,unmapped
f31v,D,chol,outlet
f31v,D,keeol,outlet
f31v,D,checkhy,unmapped
f31v,D,okeol,heat
f31v,D,okal,heat
f31v,D,oky,heat
f31v,D,cheokar,reflux
f31v,D,okor,heat
f31v,D,ary,unmapped
f31v,D,ykaiin,medium
f31v,D,chee,unmapped
f31v,D,ksheey,unmapped
f31v,D,ychekeeor,reflux
f31v,D,cheor,reflux
f31v,D,o,unmapped
f31v,D,r,unmapped
f31v,D,checthy,unmapped
f31v,D,okechoked,heat
f31v,D,lchey,unmapped
f31v,D,okam,drain
f31v,D,ytecheol,outlet
f31v,D,sheoeky,unmapped
f31v,D,okeos,heat
f31v,D,aiin,medium
f31v,D,a:ckhedy,unmapped
f31v,D,chkaiin,medium
f31v,D,chetchey,unmapped
f31v,D,ctheey,unmapped
f31v,D,okear,heat
f31v,D,dar,reflux
f31v,D,choar,reflux
f31v,D,al,outlet
f31v,D,kar,reflux
f31v,D,oeeeos,unmapped
f31v,D,cheos,unmapped
f31v,D,aiin,medium
f31v,D,o,unmapped
f31v,D,ckhey,unmapped
f31v,D,okeo,heat
f31v,D,kor,reflux
f31v,D,okeol,heat
f31v,D,ain,unmapped
f31v,D,saiin,medium
f31v,D,ar,reflux
f31v,D,ckheos,unmapped
f31v,D,chedy,unmapped
f31v,D,okeey,heat
f31v,D,qoear,heat
f31v,D,oraiin,medium
f31v,D,cheam,drain
f32r,D,fchaiin,medium
f32r,D,shykeody,unmapped
f32r,D,daiiody,unmapped
f32r,D,dain,unmapped
f32r,D,sho,unmapped
f32r,D,tchy,unmapped
f32r,D,oty,unmapped
f32r,D,qopy,heat
f32r,D,okor,heat
f32r,D,okchor,heat
f32r,D,sheor,reflux
f32r,D,ckhy,unmapped
f32r,D,dal,outlet
f32r,D,dshodar,reflux
f32r,D,qotchol,heat
f32r,D,qokchor,heat
f32r,D,chor,reflux
f32r,D,cthol,outlet
f32r,D,chol,outlet
f32r,D,dol,outlet
f32r,D,dcheodain,unmapped
f32r,D,daiin,medium
f32r,D,schor,reflux
f32r,D,dshor,reflux
f32r,D,ytsho,unmapped
f32r,D,dain,unmapped
f32r,D,daiin,medium
f32r,D,choddal,outlet
f32r,D,qotchy,heat
f32r,D,qokchy,heat
f32r,D,daiin,medium
f32r,D,fcho,unmapped
f32r,D,tcheychedy,unmapped
f32r,D,otol,outlet
f32r,D,dol,outlet
f32r,D,ol,outlet
f32r,D,dair,unmapped
f32r,D,qo,heat
f32r,D,ar,reflux
f32r,D,daiin,medium
f32r,D,dam,drain
f32r,D,dytchor,reflux
f32r,D,dary,unmapped
f32r,D,dchor,reflux
f32r,D,ctho,unmapped
f32r,D,daiin,medium
f32r,D,shos,unmapped
f32r,D,chckhol,outlet
f32r,D,n,unmapped
f32r,D,shodaiin,medium
f32r,D,tol,outlet
f32r,D,otcho,unmapped
f32r,D,rol,outlet
f32r,D,dain,unmapped
f32r,D,daiin,medium
f32r,D,cthy,unmapped
f32r,D,schey,unmapped
f32r,D,qot,heat
f32r,D,shey,unmapped
f32r,D,daiin,medium
f32r,D,cths,unmapped
f32r,D,qokchy,heat
f32r,D,qotol,heat
f32r,D,doiir,unmapped
f32r,D,ol,outlet
f32r,D,otchol,outlet
f32r,D,chey,unmapped
f32r,D,soty,unmapped
f32r,D,chokeol,outlet
f32r,D,dchoty,unmapped
f32r,D,doiin,unmapped
f32r,D,sho,unmapped
f32r,D,shy,unmapped
f32r,D,dol,outlet
f32r,D,dchol,outlet
f32r,D,dan,unmapped
f32v,D,kcheodaiin,medium
f32v,D,chol,outlet
f32v,D,kechy,unmapped
f32v,D,qotaiin,heat
f32v,D,daiioam,drain
f32v,D,o,unmapped
f32v,D,chofchody,unmapped
f32v,D,daiin,medium
f32v,D,odar,reflux
f32v,D,chy,unmapped
f32v,D,daiin,medium
f32v,D,chey,unmapped
f32v,D,tchy,unmapped
f32v,D,l,unmapped
f32v,D,dy,unmapped
f32v,D,dain,unmapped
f32v,D,teor,reflux
f32v,D,shor,reflux
f32v,D,daiin,medium
f32v,D,chckhy,unmapped
f32v,D,dsho,unmapped
f32v,D,dain,unmapped
f32v,D,daiin,medium
f32v,D,s,unmapped
f32v,D,shokey,unmapped
f32v,D,ka,unmapped
f32v,D,or,reflux
f32v,D,chr,unmapped
f32v,D,chor,reflux
f32v,D,dor,reflux
f32v,D,chaiin,medium
f32v,D,qotcho,heat
f32v,D,r,unmapped
f32v,D,chy,unmapped
f32v,D,dcho,unmapped
f32v,D,daiin,medium
f32v,D,chokchy,unmapped
f32v,D,daiin,medium
f32v,D,shy,unmapped
f32v,D,chor,reflux
f32v,D,qo,heat
f32v,D,kaiin,medium
f32v,D,dain,unmapped
f32v,D,dchol,outlet
f32v,D,dosg,unmapped
f32v,D,o,unmapped
f32v,D,kchan,unmapped
f32v,D,chol,outlet
f32v,D,shal,outlet
f32v,D,dchcthy,unmapped
f32v,D,ksho,unmapped
f32v,D,cphos,unmapped
f32v,D,she,unmapped
f32v,D,sheaiin,medium
f32v,D,otshcho,unmapped
f32v,D,r,unmapped
f32v,D,dain,unmapped
f32v,D,shckhy,unmapped
f32v,D,s,unmapped
f32v,D,odan,unmapped
f32v,D,otchol,outlet
f32v,D,daiin,medium
f32v,D,daiin,medium
f32v,D,ctho,unmapped
f32v,D,daiin,medium
f32v,D,qotaiin,heat
f32v,D,otchy,unmapped
f32v,D,d,unmapped
f32v,D,shan,unmapped
f32v,D,qotchy,heat
f32v,D,cfhy,unmapped
f32v,D,skey,unmapped
f32v,D,chocthy,unmapped
f32v,D,daiin,medium
f32v,D,cthaiin,medium
f32v,D,daiin,medium
f32v,D,sho,unmapped
f32v,D,keol,outlet
f32v,D,chor,reflux
f32v,D,chol,outlet
f32v,D,daiin,medium
f32v,D,cpho,unmapped
f32v,D,l,unmapped
f32v,D,cthol,outlet
f32v,D,da,unmapped
f32v,D,ar,reflux
f32v,D,ol,outlet
f32v,D,sho,unmapped
f32v,D,chy,unmapped
f33r,E,tshdar,reflux
f33r,E,shdor,reflux
f33r,E,shepchdy,unmapped
f33r,E,cphody,unmapped
f33r,E,yfoldy,unmapped
f33r,E,qofody,heat
f33r,E,otchedy,unmapped
f33r,E,lfchdy,unmapped
f33r,E,daiin,medium
f33r,E,ytchedy,unmapped
f33r,E,qokar,heat
f33r,E,cheky,unmapped
f33r,E,okaldy,heat
f33r,E,qokaldy,heat
f33r,E,otor,reflux
f33r,E,oldar,reflux
f33r,E,qotar,heat
f33r,E,otar,reflux
f33r,E,otardam,drain
f33r,E,laiin,medium
f33r,E,y,unmapped
f33r,E,cheky,unmapped
f33r,E,qokedy,heat
f33r,E,shedy,retain
f33r,E,chdal,outlet
f33r,E,chechdaiin,medium
f33r,E,qokchy,heat
f33r,E,ody,unmapped
f33r,E,chekeedy,unmapped
f33r,E,ykam,drain
f33r,E,taiin,medium
f33r,E,chekey,unmapped
f33r,E,or,reflux
f33r,E,al,outlet
f33r,E,aiiin,unmapped
f33r,E,saiin,medium
f33r,E,okaiin,heat
f33r,E,dar,reflux
f33r,E,cheedy,unmapped
f33r,E,chkeey,unmapped
f33r,E,far,reflux
f33r,E,aiin,medium
f33r,E,s,unmapped
f33r,E,pair,unmapped
f33r,E,or,reflux
f33r,E,aiin,medium
f33r,E,otaiin,medium
f33r,E,ol,outlet
f33r,E,kor,reflux
f33r,E,aiin,medium
f33r,E,okal,heat
f33r,E,otal,outlet
f33r,E,chdal,outlet
f33r,E,shekal,outlet
f33r,E,qokar,heat
f33r,E,otam,drain
f33r,E,yteey,unmapped
f33r,E,shody,unmapped
f33r,E,kchedy,unmapped
f33r,E,dy,unmapped
f33r,E,chekar,reflux
f33r,E,okaiin,heat
f33r,E,okaiin,heat
f33r,E,daiin,medium
f33r,E,okal,heat
f33r,E,dar,reflux
f33r,E,chos,unmapped
f33r,E,aiin,medium
f33r,E,or,reflux
f33r,E,aiin,medium
f33r,E,cheekaiin,medium
f33r,E,okain,heat
f33r,E,ar,reflux
f33r,E,okeeey,heat
f33v,E,tar,reflux
f33v,E,ar,reflux
f33v,E,daiin,medium
f33v,E,ydain,unmapped
f33v,E,cthey,unmapped
f33v,E,dols,unmapped
f33v,E,sheky,unmapped
f33v,E,ar,reflux
f33v,E,aiin,medium
f33v,E,kchdy,unmapped
f33v,E,dam,drain
f33v,E,dy,unmapped
f33v,E,oky,heat
f33v,E,otal,outlet
f33v,E,dain,unmapped
f33v,E,chdy,unmapped
f33v,E,ytam,drain
f33v,E,otam,drain
f33v,E,cham,drain
f33v,E,dar,reflux
f33v,E,chckhy,unmapped
f33v,E,dy,unmapped
f33v,E,dyky,unmapped
f33v,E,ckhdy,unmapped
f33v,E,oky,heat
f33v,E,dam,drain
f33v,E,okar,heat
f33v,E,dy,unmapped
f33v,E,kam,drain
f33v,E,dy,unmapped
f33v,E,tokar,reflux
f33v,E,shdy,unmapped
f33v,E,dal,outlet
f33v,E,qokar,heat
f33v,E,shd,unmapped
f33v,E,otody,unmapped
f33v,E,chedy,unmapped
f33v,E,ykedy,unmapped
f33v,E,dodl,unmapped
f33v,E,dain,unmapped
f33v,E,tchdy,unmapped
f33v,E,chody,unmapped
f33v,E,okaiin,heat
f33v,E,chckhy,unmapped
f33v,E,dor,reflux
f33v,E,arl,unmapped
f33v,E,cthy,unmapped
f33v,E,dy,unmapped
f33v,E,ty,unmapped
f33v,E,dy,unmapped
f33v,E,ykar,reflux
f33v,E,cheky,unmapped
f33v,E,dy,unmapped
f33v,E,ycheo,unmapped
f33v,E,dar,reflux
f33v,E,olaiin,medium
f33v,E,okar,heat
f33v,E,chdy,unmapped
f33v,E,chdy,unmapped
f33v,E,oldy,unmapped
f33v,E,okar,heat
f33v,E,chdy,unmapped
f33v,E,tshdy,unmapped
f33v,E,shefchdy,unmapped
f33v,E,shckhdy,unmapped
f33v,E,oltedy,unmapped
f33v,E,daiin,medium
f33v,E,oky,heat
f33v,E,cheol,outlet
f33v,E,orain,unmapped
f33v,E,chdyshdy,unmapped
f33v,E,porar,reflux
f33v,E,dar,reflux
f33v,E,ar,reflux
f33v,E,sheey,unmapped
f33v,E,keedy,unmapped
f33v,E,okchy,heat
f33v,E,okar,heat
f33v,E,okedy,heat
f33v,E,chy,unmapped
f33v,E,daiin,medium
f33v,E,dy',unmapped
f33v,E,dy,unmapped
f33v,E,dar,reflux
f33v,E,aiin,medium
f33v,E,okary,heat
f33v,E,sar,reflux
f33v,E,or,reflux
f33v,E,aiin,medium
f33v,E,chor,reflux
f33v,E,or,reflux
f33v,E,shkair,unmapped
f33v,E,shol,outlet
f33v,E,or,reflux
f33v,E,chckhy,unmapped
f33v,E,ar,reflux
f33v,E,aiin,medium
f33v,E,okain,heat
f33v,E,dal,outlet
f33v,E,dy,unmapped
f33v,E,lcho,unmapped
f33v,E,ar,reflux
f33v,E,or,reflux
f33v,E,chey,unmapped
f33v,E,lodaiin,medium
f33v,E,o,unmapped
f33v,E,or,reflux
f33v,E,okeedy,heat
f33v,E,okaly,heat
f33v,E,tar,reflux
f33v,E,al,outlet
f33v,E,keey,unmapped
f33v,E,oram,drain
f34r,E,pcheoepchy,unmapped
f34r,E,olar,reflux
f34r,E,yl,unmapped
f34r,E,yfody,unmapped
f34r,E,okedody,heat
f34r,E,shod,unmapped
f34r,E,ololdy,unmapped
f34r,E,dar,reflux
f34r,E,ytey,unmapped
f34r,E,ytar,reflux
f34r,E,sheody,unmapped
f34r,E,o,unmapped
f34r,E,lam,drain
f34r,E,octhedy,unmapped
f34r,E,otedy,unmapped
f34r,E,chdain,unmapped
f34r,E,oltey,unmapped
f34r,E,kchy,unmapped
f34r,E,ty,unmapped
f34r,E,qotedy,heat
f34r,E,chyty,unmapped
f34r,E,chdaly,unmapped
f34r,E,dar,reflux
f34r,E,chd,unmapped
f34r,E,otedy,unmapped
f34r,E,qotol,heat
f34r,E,okedy,heat
f34r,E,dody,unmapped
f34r,E,ody,unmapped
f34r,E,kam,drain
f34r,E,ytedy,unmapped
f34r,E,daiin,medium
f34r,E,chey,unmapped
f34r,E,aiin,medium
f34r,E,shy,unmapped
f34r,E,chckhyoltchedy,unmapped
f34r,E,otedy,unmapped
f34r,E,dam,drain
f34r,E,checthy,unmapped
f34r,E,qoteedy,heat
f34r,E,shedy,retain
f34r,E,shedy,retain
f34r,E,ol,outlet
f34r,E,okes,heat
f34r,E,arykeed,unmapped
f34r,E,l,unmapped
f34r,E,chedy,unmapped
f34r,E,otey,unmapped
f34r,E,okaiin,heat
f34r,E,oteol,outlet
f34r,E,chekey,unmapped
f34r,E,chetey,unmapped
f34r,E,oll,unmapped
f34r,E,chesydaiin,medium
f34r,E,cheky,unmapped
f34r,E,fas,unmapped
f34r,E,aiir,unmapped
f34r,E,amg,unmapped
f34r,E,qokedy,heat
f34r,E,dal,outlet
f34r,E,chdy,unmapped
f34r,E,olchy,unmapped
f34r,E,ykchyykedy,unmapped
f34r,E,qokchdy,heat
f34r,E,s,unmapped
f34r,E,as,unmapped
f34r,E,oldam,drain
f34r,E,otchy,unmapped
f34r,E,qoky,heat
f34r,E,olk,unmapped
f34r,E,checkhyys,unmapped
f34r,E,air,unmapped
f34r,E,air,unmapped
f34r,E,chodar,reflux
f34r,E,tam,drain
f34r,E,ykchdy,unmapped
f34r,E,qod,heat
f34r,E,ar,reflux
f34r,E,ch,unmapped
f34r,E,a:ckhyor,reflux
f34r,E,lchey,unmapped
f34r,E,todaly,unmapped
f34r,E,okaiin,heat
f34r,E,dardy,unmapped
f34r,E,tcheo,unmapped
f34r,E,olchckhy,unmapped
f34r,E,oly,unmapped
f34r,E,otchdy,unmapped
f34r,E,chefalchhs,unmapped
f34r,E,qokeey,heat
f34r,E,sh,unmapped
f34r,E,kaldaiin,medium
f34r,E,cheky,unmapped
f34r,E,cthdaly,unmapped
f34r,E,otchedy,unmapped
f34r,E,chty,unmapped
f34r,E,s,unmapped
f34r,E,aiin,medium
f34r,E,char,reflux
f34r,E,aiin,medium
f34r,E,okor,heat
f34r,E,ar,reflux
f34r,E,tol,outlet
f34r,E,qokar,heat
f34r,E,chckhy,unmapped
f34r,E,chdal,outlet
f34r,E,ked,unmapped
f34r,E,qokar,heat
f34r,E,ar,reflux
f34r,E,daiin,medium
f34r,E,dam,drain
f34r,E,ykeo,unmapped
f34r,E,lor,reflux
f34r,E,ochey,unmapped
f34r,E,oly,unmapped
f34r,E,okaly,heat
f34r,E,kechdy,unmapped
f34r,E,qokchdy,heat
f34r,E,chor,reflux
f34r,E,ar,reflux
f34r,E,aiiin,unmapped
f34r,E,daly,unmapped
f34r,E,or,reflux
f34r,E,ar,reflux
f34r,E,y,unmapped
f34r,E,kar,reflux
f34r,E,ol,outlet
f34r,E,al,outlet
f34r,E,oky,heat
f34r,E,chody,unmapped
f34r,E,qokal,heat
f34r,E,chedy,unmapped
f34r,E,chcthedy,unmapped
f34r,E,cheky,unmapped
f34r,E,daram,drain
f34r,E,sair,unmapped
f34r,E,chekar,reflux
f34r,E,cheky,unmapped
f34r,E,shek,unmapped
f34r,E,cholchedy,unmapped
f34r,E,qokedy,heat
f34r,E,yk,unmapped
f34r,E,cheolchcthy,unmapped
f34v,E,ke'chdy,unmapped
f34v,E,chdy,unmapped
f34v,E,chefchy,unmapped
f34v,E,shdy,unmapped
f34v,E,qopchdy,heat
f34v,E,shdydy,unmapped
f34v,E,chdalchdy,unmapped
f34v,E,ypchdy,unmapped
f34v,E,chcthdy,unmapped
f34v,E,spaiin,medium
f34v,E,tol,outlet
f34v,E,qokchy,heat
f34v,E,dychedy,unmapped
f34v,E,okchy,heat
f34v,E,chckhdy,unmapped
f34v,E,chdaiin,medium
f34v,E,ckhy,unmapped
f34v,E,loees,unmapped
f34v,E,ykar,reflux
f34v,E,aiin,medium
f34v,E,oldam,drain
f34v,E,ytal,outlet
f34v,E,shor,reflux
f34v,E,chdal,outlet
f34v,E,olchdy,unmapped
f34v,E,char,reflux
f34v,E,or,reflux
f34v,E,ol,outlet
f34v,E,kedaiiin,unmapped
f34v,E,chcthy,unmapped
f34v,E,okchdy,heat
f34v,E,chckhy,unmapped
f34v,E,dasam,drain
f34v,E,tchdaiin,medium
f34v,E,chekal,outlet
f34v,E,shedy,retain
f34v,E,qokedar,heat
f34v,E,chdaiin,medium
f34v,E,oldar,reflux
f34v,E,qoldar,heat
f34v,E,chedy,unmapped
f34v,E,daiin,medium
f34v,E,otam,drain
f34v,E,lshaiir,unmapped
f34v,E,or,reflux
f34v,E,air,unmapped
f34v,E,shedy,retain
f34v,E,chechey,unmapped
f34v,E,dykey,unmapped
f34v,E,kair,unmapped
f34v,E,chedy,unmapped
f34v,E,qokar,heat
f34v,E,chekaly,unmapped
f34v,E,chalky,unmapped
f34v,E,pchedar,reflux
f34v,E,shear,reflux
f34v,E,qokchdy,heat
f34v,E,qokees,heat
f34v,E,cheol,outlet
f34v,E,ypchdaiin,medium
f34v,E,chedy,unmapped
f34v,E,lr,unmapped
f34v,E,ar,reflux
f34v,E,chedain,unmapped
f34v,E,olchdaiin,medium
f34v,E,chedy,unmapped
f34v,E,chey,unmapped
f34v,E,keedy,unmapped
f34v,E,chy,unmapped
f34v,E,kedy,unmapped
f34v,E,dy,unmapped
f34v,E,qokedy,heat
f34v,E,okey,heat
f34v,E,s,unmapped
f34v,E,air,unmapped
f34v,E,chkain,unmapped
f34v,E,otain,unmapped
f34v,E,ysheos,unmapped
f34v,E,otar,reflux
f34v,E,ar,reflux
f34v,E,choraiin,medium
f34v,E,cheky,unmapped
f34v,E,olchdaiin,medium
f34v,E,or,reflux
f34v,E,oldar,reflux
f34v,E,chdar,reflux
f34v,E,okam,drain
f34v,E,lsheody,unmapped
f34v,E,cphy,unmapped
f34v,E,qokeey,heat
f34v,E,keedy,unmapped
f34v,E,kchdy,unmapped
f34v,E,chedy,unmapped
f34v,E,qokedy,heat
f34v,E,chdy,unmapped
f34v,E,kal,outlet
f34v,E,shs,unmapped
f34v,E,oldaiin,medium
f34v,E,daiin,medium
f34v,E,chdy,unmapped
f34v,E,tedy,unmapped
f34v,E,kchdy,unmapped
f34v,E,okeedy,heat
f34v,E,checkhy,unmapped
f34v,E,chdy,unmapped
f34v,E,kain,unmapped
f34v,E,chear,reflux
f34v,E,or,reflux
f34v,E,okedy,heat
f34v,E,okam,drain
f34v,E,yshos,unmapped
f34v,E,ody,unmapped
f34v,E,s,unmapped
f34v,E,aiin,medium
f34v,E,okey,heat
f34v,E,okal,heat
f34v,E,shedy,retain
f35r,E,oo,unmapped
f35r,E,r,unmapped
f35r,E,choly,unmapped
f35r,E,y,unmapped
f35r,E,choty,unmapped
f35r,E,char,reflux
f35r,E,dy,unmapped
f35r,E,qokeeaiin,heat
f35r,E,chokaiin,medium
f35r,E,qo,heat
f35r,E,tchy,unmapped
f35r,E,daiin,medium
f35r,E,dchaiin,medium
f35r,E,cthey,unmapped
f35r,E,qotchey,heat
f35r,E,taiin,medium
f35r,E,cthory,unmapped
f35r,E,qotchy,heat
f35r,E,shet,unmapped
f35r,E,chy,unmapped
f35r,E,ckhol,outlet
f35r,E,cheey,unmapped
f35r,E,daiin,medium
f35r,E,dainl,unmapped
f35r,E,otchor,reflux
f35r,E,sho,unmapped
f35r,E,tcheey,unmapped
f35r,E,scheey,unmapped
f35r,E,daiin,medium
f35r,E,dain,unmapped
f35r,E,or,reflux
f35r,E,schaiin,medium
f35r,E,char,reflux
f35r,E,chan,unmapped
f35r,E,daiin,medium
f35r,E,shosaiin,medium
f35r,E,tchor,reflux
f35r,E,choky,unmapped
f35r,E,qokeey,heat
f35r,E,ky,unmapped
f35r,E,kaiin,medium
f35r,E,daiin,medium
f35r,E,paiin,medium
f35r,E,chear,reflux
f35r,E,aiin,medium
f35r,E,chear,reflux
f35r,E,shorchaiin,medium
f35r,E,o,unmapped
f35r,E,aiin,medium
f35r,E,chaiin,medium
f35r,E,ckhy,unmapped
f35r,E,r,unmapped
f35r,E,chl,unmapped
f35r,E,s,unmapped
f35r,E,chochy,unmapped
f35r,E,daiin,medium
f35r,E,sh:cheaiin,medium
f35r,E,chol,outlet
f35r,E,cthaiin,medium
f35r,E,l,unmapped
f35r,E,chaiin,medium
f35r,E,lchal,outlet
f35r,E,dal,outlet
f35r,E,dair,unmapped
f35r,E,aldy,unmapped
f35r,E,n,unmapped
f35r,E,olor,reflux
f35r,E,chy,unmapped
f35r,E,chaiin,medium
f35r,E,chy,unmapped
f35r,E,taiin,medium
f35r,E,kchey,unmapped
f35r,E,koldy,unmapped
f35r,E,chetchaiin,medium
f35r,E,qokoiin,heat
f35r,E,chaiin,medium
f35r,E,qokchaiin,heat
f35r,E,lshy,unmapped
f35r,E,lodaly,unmapped
f35r,E,oteey,unmapped
f35r,E,taiin,medium
f35r,E,cthol,outlet
f35r,E,chol,outlet
f35r,E,aiin,medium
f35r,E,qotchy,heat
f35r,E,otchor,reflux
f35r,E,daiin,medium
f35r,E,shol,outlet
f35r,E,qotaiin,heat
f35r,E,ochor,reflux
f35r,E,s,unmapped
f35r,E,chiin,unmapped
f35r,E,daiin,medium
f35r,E,ytain,unmapped
f35v,E,parchor,reflux
f35v,E,chocthy,unmapped
f35v,E,roaiin,medium
f35v,E,ar,reflux
f35v,E,qotchy,heat
f35v,E,o,unmapped
f35v,E,tchey,unmapped
f35v,E,kchor,reflux
f35v,E,yty,unmapped
f35v,E,dchor,reflux
f35v,E,choty,unmapped
f35v,E,chyty,unmapped
f35v,E,daiin,medium
f35v,E,ytchy,unmapped
f35v,E,qotchy,heat
f35v,E,dchy,unmapped
f35v,E,cthy,unmapped
f35v,E,dchokchy,unmapped
f35v,E,chocthy,unmapped
f35v,E,chckhor,reflux
f35v,E,shol,outlet
f35v,E,tcheey,unmapped
f35v,E,chkcheeu,unmapped
f35v,E,chcthaiin,medium
f35v,E,tcho,unmapped
f35v,E,tchor,reflux
f35v,E,shol,outlet
f35v,E,sho,unmapped
f35v,E,kol,outlet
f35v,E,daiin,medium
f35v,E,oaiin,medium
f35v,E,tchor,reflux
f35v,E,cho,unmapped
f35v,E,chotchy,unmapped
f35v,E,dchold,unmapped
f35v,E,qokchaiin,heat
f35v,E,cho,unmapped
f35v,E,ksho,unmapped
f35v,E,l,unmapped
f35v,E,choiin,unmapped
f35v,E,okcheey,heat
f35v,E,chosar,reflux
f35v,E,shory,unmapped
f35v,E,qotcheeaiin,heat
f35v,E,chodaiin,medium
f35v,E,dchaiin,medium
f35v,E,d,unmapped
f35v,E,aiin,medium
f35v,E,d,unmapped
f35v,E,aiin,medium
f35v,E,dal,outlet
f35v,E,s,unmapped
f35v,E,ol,outlet
f35v,E,char,reflux
f35v,E,od,unmapped
f35v,E,ar,reflux
f35v,E,chear,reflux
f35v,E,tcheain,unmapped
f35v,E,shy,unmapped
f35v,E,tar,reflux
f35v,E,dain,unmapped
f35v,E,ykol,outlet
f35v,E,cheol,outlet
f35v,E,okchy,heat
f35v,E,tch,unmapped
f35v,E,ydaiin,medium
f35v,E,okeey,heat
f35v,E,d,unmapped
f35v,E,aiin,medium
f35v,E,daiin,medium
f35v,E,dain,unmapped
f35v,E,chkaly,unmapped
f35v,E,choly,unmapped
f35v,E,daiin,medium
f35v,E,qokeeeb,heat
f35v,E,chokeeo,unmapped
f35v,E,r,unmapped
f35v,E,schokey,unmapped
f35v,E,y,unmapped
f35v,E,keol,outlet
f35v,E,chol,outlet
f35v,E,daiin,medium
f35v,E,sodaiin,medium
f35v,E,shy,unmapped
f35v,E,dchy,unmapped
f35v,E,ckhy,unmapped
f35v,E,dan,unmapped
f35v,E,doiin,unmapped
f35v,E,chor,reflux
f35v,E,chor,reflux
f36r,E,pchadan,unmapped
f36r,E,qorain,heat
f36r,E,chcfhal,outlet
f36r,E,soiin,unmapped
f36r,E,cphor,reflux
f36r,E,shaiin,medium
f36r,E,cthy,unmapped
f36r,E,dair,unmapped
f36r,E,oral,outlet
f36r,E,shor,reflux
f36r,E,ytaiin,medium
f36r,E,qotaiin,heat
f36r,E,qooldy,heat
f36r,E,chty,unmapped
f36r,E,chol,outlet
f36r,E,dy,unmapped
f36r,E,tor,reflux
f36r,E,qotchy,heat
f36r,E,tchy,unmapped
f36r,E,daiin,medium
f36r,E,aiin,medium
f36r,E,dolsain,unmapped
f36r,E,podaiir,unmapped
f36r,E,cphy,unmapped
f36r,E,qoypchol,heat
f36r,E,som,unmapped
f36r,E,chy,unmapped
f36r,E,dchy,unmapped
f36r,E,fchom,unmapped
f36r,E,dar,reflux
f36r,E,daiin,medium
f36r,E,qor,heat
f36r,E,chol,outlet
f36r,E,ctholy,unmapped
f36r,E,s,unmapped
f36r,E,o,unmapped
f36r,E,r,unmapped
f36r,E,chy,unmapped
f36r,E,sy,unmapped
f36r,E,chytaroiin,unmapped
f36r,E,okaiin,heat
f36r,E,cthor,reflux
f36r,E,y,unmapped
f36r,E,kaiiin,unmapped
f36r,E,s,unmapped
f36r,E,dain,unmapped
f36r,E,an,unmapped
f36r,E,dan,unmapped
f36r,E,qotol,heat
f36r,E,cthol,outlet
f36r,E,okol,heat
f36r,E,dy,unmapped
f36r,E,okchy,heat
f36r,E,ytorory,unmapped
f36r,E,sold,unmapped
f36r,E,ytchor,reflux
f36r,E,cthol,outlet
f36r,E,chaiin,medium
f36r,E,yd,unmapped
f36r,E,ytodaly,unmapped
f36r,E,daiin,medium
f36r,E,otaro,unmapped
f36v,E,pchar,reflux
f36v,E,asy,unmapped
f36v,E,qoforom,heat
f36v,E,shoaiin,medium
f36v,E,tchey,unmapped
f36v,E,ch:y,unmapped
f36v,E,otaiin,medium
f36v,E,cphar,reflux
f36v,E,daiin,medium
f36v,E,qotor,heat
f36v,E,chol,outlet
f36v,E,daiin,medium
f36v,E,otaiin,medium
f36v,E,qotor,heat
f36v,E,ytar,reflux
f36v,E,ochor,reflux
f36v,E,chety,unmapped
f36v,E,ckhor,reflux
f36v,E,dom,unmapped
f36v,E,dchytchy,unmapped
f36v,E,ytor,reflux
f36v,E,s,unmapped
f36v,E,otaiin,medium
f36v,E,qopchor,heat
f36v,E,otar,reflux
f36v,E,otchaiin,medium
f36v,E,s,unmapped
f36v,E,qotchor,heat
f36v,E,y,unmapped
f36v,E,ky,unmapped
f36v,E,ty,unmapped
f36v,E,dy,unmapped
f36v,E,daiin,medium
f36v,E,cthor,reflux
f36v,E,tchor,reflux
f36v,E,ckhoiin,unmapped
f36v,E,daiin,medium
f36v,E,cphchar,reflux
f36v,E,daiin,medium
f36v,E,cthor,reflux
f36v,E,daiin,medium
f36v,E,dal,outlet
f36v,E,dys,unmapped
f36v,E,qoky,heat
f36v,E,keol,outlet
f36v,E,okchor,heat
f36v,E,o,unmapped
f36v,E,s,unmapped
f36v,E,chy,unmapped
f36v,E,shan,unmapped
f36v,E,ykshy,unmapped
f36v,E,ytchy,unmapped
f36v,E,dol,outlet
f36v,E,y,unmapped
f36v,E,tydy,unmapped
f36v,E,yky,unmapped
f36v,E,okaiin,heat
f36v,E,y,unmapped
f36v,E,kcholqod,unmapped
f36v,E,chory,unmapped
f36v,E,ykchotchy,unmapped
f36v,E,daiin,medium
f36v,E,daiild,unmapped
f36v,E,oty,unmapped
f36v,E,chcthy,unmapped
f36v,E,ytoryd,unmapped
f36v,E,ytol,outlet
f36v,E,kchy,unmapped
f36v,E,oty,unmapped
f36v,E,chd,unmapped
f36v,E,oky,heat
f36v,E,she,unmapped
f36v,E,cthol,outlet
f36v,E,oty,unmapped
f36v,E,soiin,unmapped
f36v,E,chtain,unmapped
f37r,E,tocphol,outlet
f37r,E,shaiin,medium
f37r,E,qotor,heat
f37r,E,ofchor,reflux
f37r,E,oty,unmapped
f37r,E,chory,unmapped
f37r,E,daiin,medium
f37r,E,otod,unmapped
f37r,E,or,reflux
f37r,E,ykoiin,unmapped
f37r,E,cthor,reflux
f37r,E,okaiin,heat
f37r,E,qo,heat
f37r,E,tchy,unmapped
f37r,E,ytody,unmapped
f37r,E,qokaiin,heat
f37r,E,sho,unmapped
f37r,E,ytaiin,medium
f37r,E,qo,heat
f37r,E,shy,unmapped
f37r,E,qokaiin,heat
f37r,E,cthol,outlet
f37r,E,dy,unmapped
f37r,E,ckhor,reflux
f37r,E,oky,heat
f37r,E,dy,unmapped
f37r,E,pchotchy,unmapped
f37r,E,daiin,medium
f37r,E,cfholdar,reflux
f37r,E,chol,outlet
f37r,E,daiin,medium
f37r,E,yd,unmapped
f37r,E,yky,unmapped
f37r,E,qokchy,heat
f37r,E,qotchor,heat
f37r,E,chkol,outlet
f37r,E,otoly,unmapped
f37r,E,shor,reflux
f37r,E,shol,outlet
f37r,E,qokchy,heat
f37r,E,qotomody,heat
f37r,E,dchol,outlet
f37r,E,daiin,medium
f37r,E,sor,reflux
f37r,E,chey,unmapped
f37r,E,kor,reflux
f37r,E,qokor,heat
f37r,E,daiin,medium
f37r,E,koiin,unmapped
f37r,E,chorody,unmapped
f37r,E,qokaiin,heat
f37r,E,ory,unmapped
f37r,E,otal,outlet
f37r,E,shor,reflux
f37r,E,sheor,reflux
f37r,E,dar,reflux
f37r,E,ykchody,unmapped
f37r,E,qotchy,heat
f37r,E,ykaiin,medium
f37r,E,chy,unmapped
f37r,E,qotordy,heat
f37r,E,otcho,unmapped
f37r,E,loldaiin,medium
f37r,E,qoto,heat
f37r,E,o,unmapped
f37r,E,kchochor,reflux
f37r,E,dchor,reflux
f37r,E,chy,unmapped
f37r,E,shy,unmapped
f37r,E,daiin,medium
f37r,E,ychey,unmapped
f37r,E,kol,outlet
f37r,E,daiir,unmapped
f37r,E,okchor,heat
f37r,E,daiin,medium
f37r,E,ckhy,unmapped
f37r,E,dain,unmapped
f37r,E,daiin,medium
f37v,E,tshody,unmapped
f37v,E,qocthy,heat
f37v,E,qotoldy,heat
f37v,E,chopdain,unmapped
f37v,E,sol,outlet
f37v,E,dor,reflux
f37v,E,chol,outlet
f37v,E,cthor,reflux
f37v,E,orchochor,reflux
f37v,E,daiin,medium
f37v,E,qokchon,heat
f37v,E,shy,unmapped
f37v,E,chon,unmapped
f37v,E,daiin,medium
f37v,E,dy,unmapped
f37v,E,dshor,reflux
f37v,E,dytory,unmapped
f37v,E,dshor,reflux
f37v,E,daiin,medium
f37v,E,dchor,reflux
f37v,E,qotol,heat
f37v,E,ykchon,unmapped
f37v,E,dain,unmapped
f37v,E,yokor,reflux
f37v,E,ytchor,reflux
f37v,E,saiin,medium
f37v,E,oty,unmapped
f37v,E,qotchor,heat
f37v,E,daiin,medium
f37v,E,qotor,heat
f37v,E,choiin,unmapped
f37v,E,chetchy,unmapped
f37v,E,daiin,medium
f37v,E,dor,reflux
f37v,E,chor,reflux
f37v,E,sho,unmapped
f37v,E,daiiin,unmapped
f37v,E,daiin,medium
f37v,E,soiin,unmapped
f37v,E,ey,unmapped
f37v,E,o,unmapped
f37v,E,koiin,unmapped
f37v,E,chey,unmapped
f37v,E,tom,unmapped
f37v,E,qotoiin,heat
f37v,E,choror,reflux
f37v,E,cthol,outlet
f37v,E,daiin,medium
f37v,E,chor,reflux
f37v,E,shyly,unmapped
f37v,E,sheaiin,medium
f37v,E,do,unmapped
f37v,E,tody,unmapped
f37v,E,sotoiiin,unmapped
f37v,E,todain,unmapped
f37v,E,cphaiin,medium
f37v,E,cphorods,unmapped
f37v,E,soiiin,unmapped
f37v,E,cheoky,unmapped
f37v,E,daiin,medium
f37v,E,dain,unmapped
f37v,E,qotor,heat
f37v,E,daiin,medium
f37v,E,chotaiin,medium
f37v,E,sokchor,reflux
f37v,E,qokoiiin,heat
f37v,E,ykeeols,unmapped
f37v,E,oyteey,unmapped
f37v,E,daiin,medium
f37v,E,daiinody,unmapped
f37v,E,daiin,medium
f37v,E,qkaiin,medium
f37v,E,qotal,heat
f37v,E,daiin,medium
f37v,E,y,unmapped
f37v,E,choy,unmapped
f37v,E,ykol,outlet
f37v,E,daiin,medium
f37v,E,s,unmapped
f37v,E,oshctho,unmapped
f37v,E,do,unmapped
f37v,E,daiin,medium
f37v,E,cthols,unmapped
f37v,E,qotol,heat
f37v,E,ytoiin,unmapped
f37v,E,choy,unmapped
f37v,E,yto,unmapped
f37v,E,chol,outlet
f37v,E,daiin,medium
f38r,E,tolor,reflux
f38r,E,chockhy,unmapped
f38r,E,oky,heat
f38r,E,choiin,unmapped
f38r,E,okshol,heat
f38r,E,oly,unmapped
f38r,E,oky,heat
f38r,E,okshey,heat
f38r,E,chodys,unmapped
f38r,E,ytoiin,unmapped
f38r,E,otaiin,medium
f38r,E,otaiin,medium
f38r,E,cthar,reflux
f38r,E,qokor,heat
f38r,E,okaiin,heat
f38r,E,otaiin,medium
f38r,E,qo,heat
f38r,E,kchol,outlet
f38r,E,chokokor,reflux
f38r,E,ychok,unmapped
f38r,E,chey,unmapped
f38r,E,chckh,unmapped
f38r,E,chy,unmapped
f38r,E,chko,unmapped
f38r,E,r,unmapped
f38r,E,odaiin,medium
f38r,E,d,unmapped
f38r,E,aiin,medium
f38r,E,sy,unmapped
f38r,E,o,unmapped
f38r,E,kor,reflux
f38r,E,chey,unmapped
f38r,E,kain,unmapped
f38r,E,chor,reflux
f38r,E,ctho,unmapped
f38r,E,dain,unmapped
f38r,E,ckholdy,unmapped
f38r,E,ysho,unmapped
f38r,E,sho,unmapped
f38r,E,kos,unmapped
f38r,E,daiin,medium
f38r,E,okoy,heat
f38r,E,chochor,reflux
f38r,E,daiin,medium
f38v,E,okchop,heat
f38v,E,chol,outlet
f38v,E,shotol,outlet
f38v,E,oteol,outlet
f38v,E,okeea,heat
f38v,E,s,unmapped
f38v,E,chor,reflux
f38v,E,d,unmapped
f38v,E,aiin,medium
f38v,E,d,unmapped
f38v,E,choiin,unmapped
f38v,E,shey,unmapped
f38v,E,key,unmapped
f38v,E,sho,unmapped
f38v,E,oiin,unmapped
f38v,E,s,unmapped
f38v,E,chol,outlet
f38v,E,ldy,unmapped
f38v,E,okeaiin,heat
f38v,E,o,unmapped
f38v,E,kom,unmapped
f38v,E,qokeey,heat
f38v,E,keor,reflux
f38v,E,daiin,medium
f38v,E,okey,heat
f38v,E,keey,unmapped
f38v,E,daiin,medium
f38v,E,dair,unmapped
f38v,E,daiin,medium
f38v,E,s,unmapped
f38v,E,okeey,heat
f38v,E,d,unmapped
f38v,E,aiin,medium
f38v,E,qokeey,heat
f38v,E,chotey,unmapped
f38v,E,tody,unmapped
f38v,E,oky,heat
f38v,E,aiiin,unmapped
f38v,E,d,unmapped
f38v,E,qoty,heat
f38v,E,daiin,medium
f38v,E,chol,outlet
f38v,E,oteeol,outlet
f38v,E,dody,unmapped
f38v,E,cheod,unmapped
f38v,E,chody,unmapped
f38v,E,sho,unmapped
f38v,E,keeey,unmapped
f38v,E,key,unmapped
f38v,E,tey,unmapped
f38v,E,daiin,medium
f38v,E,daiiin,unmapped
f38v,E,dain,unmapped
f38v,E,dain,unmapped
f38v,E,daiin,medium
f38v,E,qol,heat
f38v,E,chy,unmapped
f38v,E,dain,unmapped
f38v,E,or,reflux
f38v,E,daiin,medium
f38v,E,dain,unmapped
f38v,E,daldy,unmapped
f38v,E,o,unmapped
f38v,E,aiin,medium
f38v,E,char,reflux
f38v,E,chshol,outlet
f38v,E,chokaiin,medium
f39r,E,tedo,unmapped
f39r,E,chshd,unmapped
f39r,E,cphhofy,unmapped
f39r,E,chdain,unmapped
f39r,E,shey,unmapped
f39r,E,fshy,unmapped
f39r,E,dy,unmapped
f39r,E,orain,unmapped
f39r,E,cheepaiin,medium
f39r,E,ofy,unmapped
f39r,E,shey,unmapped
f39r,E,kaly,unmapped
f39r,E,dy,unmapped
f39r,E,olchey,unmapped
f39r,E,cheky,unmapped
f39r,E,qokedy,heat
f39r,E,shekshey,unmapped
f39r,E,qolain,heat
f39r,E,chy,unmapped
f39r,E,chdy,unmapped
f39r,E,dair,unmapped
f39r,E,shckhey,unmapped
f39r,E,dold,unmapped
f39r,E,qokalchdy,heat
f39r,E,chekaiin,medium
f39r,E,checkhy,unmapped
f39r,E,darshed,unmapped
f39r,E,qokeedar,heat
f39r,E,eeedy,unmapped
f39r,E,dar,reflux
f39r,E,ar,reflux
f39r,E,cheey,unmapped
f39r,E,dyckhy,unmapped
f39r,E,tchedy,unmapped
f39r,E,chdy,unmapped
f39r,E,olaiin,medium
f39r,E,chedy,unmapped
f39r,E,shckhdchy,unmapped
f39r,E,chol,outlet
f39r,E,or,reflux
f39r,E,ordy,unmapped
f39r,E,chees,unmapped
f39r,E,aly,unmapped
f39r,E,okalcheg,heat
f39r,E,dchdy,unmapped
f39r,E,chdy,unmapped
f39r,E,ykaiin,medium
f39r,E,pchdaiin,medium
f39r,E,she,unmapped
f39r,E,dam,drain
f39r,E,qofchedy,heat
f39r,E,shedy,retain
f39r,E,kchdy,unmapped
f39r,E,dydy,unmapped
f39r,E,opchekaiin,medium
f39r,E,shoy,unmapped
f39r,E,shdalo,unmapped
f39r,E,ry,unmapped
f39r,E,dchdar,reflux
f39r,E,chedy,unmapped
f39r,E,cholal,outlet
f39r,E,qokedar,heat
f39r,E,chdy,unmapped
f39r,E,chckhdy,unmapped
f39r,E,dar,reflux
f39r,E,ar,reflux
f39r,E,al,outlet
f39r,E,ydy,unmapped
f39r,E,eee,unmapped
f39r,E,s,unmapped
f39r,E,aiiin,unmapped
f39r,E,lchedy,unmapped
f39r,E,shedy,retain
f39r,E,qokaiin,heat
f39r,E,chkeey,unmapped
f39r,E,fchedy,unmapped
f39r,E,okam,drain
f39r,E,chy,unmapped
f39r,E,saiin,medium
f39r,E,chckhy,unmapped
f39r,E,daisog,unmapped
f39r,E,tchedy,unmapped
f39r,E,shol,outlet
f39r,E,odal,outlet
f39r,E,qokaiin,heat
f39r,E,shdaiin,medium
f39r,E,pchdar,reflux
f39r,E,shedy,retain
f39r,E,ar,reflux
f39r,E,aiir,unmapped
f39r,E,okair,heat
f39r,E,ykeols,unmapped
f39r,E,shedy,retain
f39r,E,qockhdy,heat
f39r,E,laiin,medium
f39r,E,ky,unmapped
f39r,E,dshdy,unmapped
f39r,E,ar,reflux
f39r,E,aiin,medium
f39r,E,y,unmapped
f39r,E,yken:,unmapped
f39r,E,chdy,unmapped
f39r,E,ykal,outlet
f39r,E,olkaiin,medium
f39r,E,qokaldar,heat
f39r,E,cheol,outlet
f39r,E,dar,reflux
f39r,E,aiin,medium
f39r,E,tolchdaiin,medium
f39r,E,chckhy,unmapped
f39r,E,s,unmapped
f39r,E,aiin,medium
f39r,E,olor,reflux
f39r,E,chls,unmapped
f39r,E,aiin,medium
f39r,E,oky,heat
f39r,E,ches,unmapped
f39r,E,aiin,medium
f39r,E,dal,outlet
f39r,E,ytor,reflux
f39r,E,chdar,reflux
f39r,E,shey,unmapped
f39r,E,qokaiin,heat
f39r,E,chor,reflux
f39r,E,kar,reflux
f39r,E,sheolkedy,unmapped
f39r,E,otedy,unmapped
f39r,E,tedy,unmapped
f39r,E,s,unmapped
f39r,E,aiin,medium
f39r,E,daiin,medium
f39r,E,shckhy,unmapped
f39r,E,chekl,unmapped
f39r,E,ol,outlet
f39r,E,daiin,medium
f39r,E,chedy,unmapped
f39r,E,ykeey,unmapped
f39r,E,daiin,medium
f39r,E,otal,outlet
f39r,E,chdam,drain
f39r,E,qokam,drain
f39r,E,qolkain,heat
f39r,E,ol,outlet
f39r,E,cheol,outlet
f39r,E,daiin,medium
f39r,E,dar,reflux
f39r,E,ol,outlet
f39r,E,dld,unmapped
f39r,E,ar,reflux
f39r,E,ador,reflux
f39r,E,aiin,medium
f39r,E,ofcheefar,reflux
f39r,E,oteol,outlet
f39r,E,cholkal,outlet
f39r,E,qokal,heat
f39r,E,dar,reflux
f39r,E,ykdy,unmapped
f39v,E,pdair,unmapped
f39v,E,chdy,unmapped
f39v,E,fdykain,unmapped
f39v,E,or,reflux
f39v,E,air,unmapped
f39v,E,sheykaiiin,unmapped
f39v,E,ofchy,unmapped
f39v,E,kar,reflux
f39v,E,or,reflux
f39v,E,aiin,medium
f39v,E,dolky,unmapped
f39v,E,osh:dy,unmapped
f39v,E,sor,reflux
f39v,E,shy,unmapped
f39v,E,kar,reflux
f39v,E,chol,outlet
f39v,E,qoty,heat
f39v,E,kchdy,unmapped
f39v,E,olky,unmapped
f39v,E,dar,reflux
f39v,E,chdy,unmapped
f39v,E,ykar,reflux
f39v,E,olkedaiin,medium
f39v,E,ody,unmapped
f39v,E,dy,unmapped
f39v,E,daiin,medium
f39v,E,chor,reflux
f39v,E,okain,heat
f39v,E,okaii,heat
f39v,E,fchody,unmapped
f39v,E,saiin,medium
f39v,E,or,reflux
f39v,E,aiin,medium
f39v,E,qokaiin,heat
f39v,E,ytodaiin,medium
f39v,E,okam,drain
f39v,E,y,unmapped
f39v,E,okeey,heat
f39v,E,chody,unmapped
f39v,E,cheor,reflux
f39v,E,aiin,medium
f39v,E,okody,heat
f39v,E,chodal,outlet
f39v,E,ykedy,unmapped
f39v,E,qokedy,heat
f39v,E,dal,outlet
f39v,E,o,unmapped
f39v,E,d,unmapped
f39v,E,aiin,medium
f39v,E,shky,unmapped
f39v,E,ytedykor,reflux
f39v,E,or,reflux
f39v,E,sheky,unmapped
f39v,E,kain,unmapped
f39v,E,otar,reflux
f39v,E,or,reflux
f39v,E,aiin,medium
f39v,E,okaiin,heat
f39v,E,ckhol,outlet
f39v,E,ol,outlet
f39v,E,kor,reflux
f39v,E,oto,unmapped
f39v,E,r,unmapped
f39v,E,ofchy,unmapped
f39v,E,lkedy,unmapped
f39v,E,okchey,heat
f39v,E,shor,reflux
f39v,E,qoykam,drain
f39v,E,cho,unmapped
f39v,E,ckhy,unmapped
f39v,E,or,reflux
f39v,E,aly,unmapped
f39v,E,shody,unmapped
f39v,E,pardy,unmapped
f39v,E,shedy,retain
f39v,E,qokar,heat
f39v,E,sheedy,unmapped
f39v,E,oraly,unmapped
f39v,E,olaiir,unmapped
f39v,E,okar,heat
f39v,E,ar,reflux
f39v,E,oar,reflux
f39v,E,aiin,medium
f39v,E,olkaiin,medium
f39v,E,olky,unmapped
f39v,E,dar,reflux
f39v,E,ald,unmapped
f39v,E,shek,unmapped
f39v,E,chek,unmapped
f39v,E,qokchy,heat
f39v,E,dar,reflux
f39v,E,ain,unmapped
f39v,E,tar,reflux
f39v,E,aiin,medium
f39v,E,dal,outlet
f39v,E,ar,reflux
f39v,E,ain,unmapped
f39v,E,cheor,reflux
f39v,E,ydam,drain
f39v,E,shody,unmapped
f39v,E,okal,heat
f39v,E,shd,unmapped
f39v,E,y,unmapped
f39v,E,kshy,unmapped
f39v,E,or,reflux
f39v,E,dar,reflux
f39v,E,ar,reflux
f39v,E,ykar,reflux
f39v,E,or,reflux
f39v,E,yky,unmapped
f39v,E,chdy,unmapped
f39v,E,fchor,reflux
f39v,E,qokain,heat
f39v,E,ar,reflux
f39v,E,sheedy,unmapped
f39v,E,olchef,unmapped
f39v,E,sarol,outlet
f39v,E,chedy,unmapped
f39v,E,shekam,drain
f39v,E,qokar,heat
f39v,E,chl,unmapped
f39v,E,ykeedy,unmapped
f39v,E,chckhy,unmapped
f39v,E,dalor,reflux
f39v,E,dy,unmapped
f39v,E,paiin,medium
f39v,E,alaiin,medium
f39v,E,otal,outlet
f39v,E,chd,unmapped
f39v,E,okar,heat
f39v,E,am,drain
f39v,E,okar,heat
f39v,E,cheodal,outlet
f39v,E,ockhy,unmapped
f39v,E,dain,unmapped
f39v,E,ockhedy,unmapped
f39v,E,otedy,unmapped
f39v,E,okedy,heat
f39v,E,lchdy,unmapped
f39v,E,okaiin,heat
f39v,E,daiiin,unmapped
f39v,E,y,unmapped
f39v,E,tar,reflux
f39v,E,aiin,medium
f39v,E,okaiin,heat
f39v,E,cholody,unmapped
f40r,E,pchey,unmapped
f40r,E,k,unmapped
f40r,E,eodar,reflux
f40r,E,aldydy,unmapped
f40r,E,qoky,heat
f40r,E,okal,heat
f40r,E,shdy,unmapped
f40r,E,olkedy,unmapped
f40r,E,opches,unmapped
f40r,E,ar,reflux
f40r,E,ordaiin,medium
f40r,E,qokar,heat
f40r,E,okar,heat
f40r,E,okedy,heat
f40r,E,dar,reflux
f40r,E,ykchey,unmapped
f40r,E,kaiin,medium
f40r,E,okas,heat
f40r,E,chedy,unmapped
f40r,E,okar,heat
f40r,E,a,unmapped
f40r,E,ralos,unmapped
f40r,E,shy,unmapped
f40r,E,qokal,heat
f40r,E,chdy,unmapped
f40r,E,chckhd,unmapped
f40r,E,otor,reflux
f40r,E,aiir,unmapped
f40r,E,o,unmapped
f40r,E,ky,unmapped
f40r,E,okolchy,heat
f40r,E,qokar,heat
f40r,E,okam,drain
f40r,E,or,reflux
f40r,E,aiin,medium
f40r,E,chekody,unmapped
f40r,E,dar,reflux
f40r,E,qokol,heat
f40r,E,okaiin,heat
f40r,E,okar,heat
f40r,E,oky,heat
f40r,E,okoldy,heat
f40r,E,ol,outlet
f40r,E,lokar,reflux
f40r,E,qokar,heat
f40r,E,okar,heat
f40r,E,okol,heat
f40r,E,ol,outlet
f40r,E,chedy,unmapped
f40r,E,qokchd,heat
f40r,E,ar,reflux
f40r,E,ar,reflux
f40r,E,or,reflux
f40r,E,dag,unmapped
f40r,E,tor,reflux
f40r,E,or,reflux
f40r,E,ar,reflux
f40r,E,shok,unmapped
f40r,E,or,reflux
f40r,E,am,drain
f40r,E,o,unmapped
f40r,E,lshedy,unmapped
f40r,E,qokam,drain
f40r,E,chdy,unmapped
f40r,E,kar,reflux
f40r,E,oraiin,medium
f40r,E,yaiin,medium
f40r,E,chekaiin,medium
f40r,E,oky,heat
f40r,E,ycheey,unmapped
f40r,E,ksheo,unmapped
f40r,E,keeey,unmapped
f40r,E,dar,reflux
f40r,E,aig,unmapped
f40r,E,kcheo,unmapped
f40r,E,cfhdy,unmapped
f40r,E,or,reflux
f40r,E,ain,unmapped
f40r,E,chefal,outlet
f40r,E,daiin,medium
f40r,E,dg,unmapped
f40r,E,taiin,medium
f40r,E,ol,outlet
f40r,E,olaiin,medium
f40r,E,or,reflux
f40r,E,dain,unmapped
f40r,E,okaiin,heat
f40r,E,okaiin,heat
f40r,E,okaiin,heat
f40r,E,daram,drain
f40r,E,saiin,medium
f40r,E,olcheey,unmapped
f40r,E,chdy,unmapped
f40r,E,ychey,unmapped
f40r,E,kaar,reflux
f40r,E,oky,heat
f40r,E,ykedy,unmapped
f40r,E,okair,heat
f40r,E,ody,unmapped
f40r,E,toar,reflux
f40r,E,ykaiin,medium
f40r,E,ory,unmapped
f40r,E,dal,outlet
f40v,E,pchedain,unmapped
f40v,E,chefaiin,medium
f40v,E,oldy,unmapped
f40v,E,todar,reflux
f40v,E,qokaiin,heat
f40v,E,ol,outlet
f40v,E,arag,unmapped
f40v,E,s,unmapped
f40v,E,air,unmapped
f40v,E,ain,unmapped
f40v,E,okaiin,heat
f40v,E,okam,drain
f40v,E,taraiin,medium
f40v,E,okaiin,heat
f40v,E,ch,unmapped
f40v,E,solaiin,medium
f40v,E,okar,heat
f40v,E,oly,unmapped
f40v,E,chckhy,unmapped
f40v,E,qoeedaiin,heat
f40v,E,ol,outlet
f40v,E,chedy,unmapped
f40v,E,daiin,medium
f40v,E,shody,unmapped
f40v,E,qokol,heat
f40v,E,chedy,unmapped
f40v,E,s,unmapped
f40v,E,ar,reflux
f40v,E,chodaiin,medium
f40v,E,chkalykedy,unmapped
f40v,E,okal,heat
f40v,E,tchy,unmapped
f40v,E,pchody,unmapped
f40v,E,pchdy,unmapped
f40v,E,kor,reflux
f40v,E,ol,outlet
f40v,E,tchkaiin,medium
f40v,E,tchedy,unmapped
f40v,E,qokaiin,heat
f40v,E,oraiin,medium
f40v,E,schedy,unmapped
f40v,E,qokol,heat
f40v,E,chedy,unmapped
f40v,E,dalor,reflux
f40v,E,ay,unmapped
f40v,E,ycheekeey,unmapped
f40v,E,daiin,medium
f40v,E,okaiin,heat
f40v,E,toees,unmapped
f40v,E,chedy,unmapped
f40v,E,kedy,unmapped
f40v,E,olfchedy,unmapped
f40v,E,qokedy,heat
f40v,E,daiin,medium
f40v,E,chefain,unmapped
f40v,E,saiin,medium
f40v,E,o,unmapped
f40v,E,lchey,unmapped
f40v,E,kchedy,unmapped
f40v,E,okar,heat
f40v,E,qokchdy,heat
f40v,E,dy,unmapped
f40v,E,qokees,heat
f40v,E,am,drain
f40v,E,chdy,unmapped
f40v,E,qokchey,heat
f40v,E,qody,heat
f40v,E,or,reflux
f40v,E,aiiin,unmapped
f40v,E,o,unmapped
f40v,E,kaiin,medium
f40v,E,o,unmapped
f40v,E,ckhy,unmapped
f40v,E,sheod,unmapped
f40v,E,faimy,unmapped
f40v,E,shol,outlet
f40v,E,kedy,unmapped
f40v,E,lor,reflux
f40v,E,ar,reflux
f40v,E,okar,heat
f40v,E,qoky,heat
f40v,E,kedy,unmapped
f40v,E,r,unmapped
f40v,E,yteey,unmapped
f40v,E,qokam,drain
f40v,E,tochey,unmapped
f40v,E,qokeedy,heat
f40v,E,qokaiin,heat
f40v,E,okeos,heat
f40v,E,qokar,heat
f40v,E,okees,heat
f40v,E,ar,reflux
f40v,E,oky,heat
f40v,E,saiin,medium
f40v,E,otain,unmapped
f40v,E,chckhy,unmapped
f40v,E,okal,heat
f40v,E,okair,heat
f40v,E,arol,outlet
f40v,E,qokey,heat
f40v,E,okary,heat
f40v,E,pchedy,unmapped
f40v,E,chetar,reflux
f40v,E,ofair,unmapped
f40v,E,arody,unmapped
f41r,F,pshey,unmapped
f41r,F,kedaleey,unmapped
f41r,F,oked,heat
f41r,F,seekeeey,unmapped
f41r,F,opshes,unmapped
f41r,F,opchd,unmapped
f41r,F,qotchedy,heat
f41r,F,shkakeedy,unmapped
f41r,F,ykeeo,unmapped
f41r,F,alshey,unmapped
f41r,F,ykedy,unmapped
f41r,F,kesh,unmapped
f41r,F,dy,unmapped
f41r,F,dy,unmapped
f41r,F,dor,reflux
f41r,F,ycheoky,unmapped
f41r,F,qokeed,heat
f41r,F,chpy,unmapped
f41r,F,qokedy,heat
f41r,F,dy,unmapped
f41r,F,qok,heat
f41r,F,say,unmapped
f41r,F,qokedy,heat
f41r,F,ychdykchdy,unmapped
f41r,F,qokedy,heat
f41r,F,qokedy,heat
f41r,F,shekchy,unmapped
f41r,F,cheky,unmapped
f41r,F,daly,unmapped
f41r,F,chdchy,unmapped
f41r,F,ytcheeky,unmapped
f41r,F,ypchedy,unmapped
f41r,F,schdy,unmapped
f41r,F,ytedy,unmapped
f41r,F,y,unmapped
f41r,F,chees,unmapped
f41r,F,oteey,unmapped
f41r,F,otal,outlet
f41r,F,dam,drain
f41r,F,qotchy,heat
f41r,F,sal,outlet
f41r,F,yteedy,unmapped
f41r,F,kchdy,unmapped
f41r,F,dchedy,unmapped
f41r,F,keedy,unmapped
f41r,F,dchedy,unmapped
f41r,F,dalain,unmapped
f41r,F,shedey,retain
f41r,F,polchedy,unmapped
f41r,F,qokeey,heat
f41r,F,chekedy,unmapped
f41r,F,ytey,unmapped
f41r,F,chkeeod,unmapped
f41r,F,ypchedpy,unmapped
f41r,F,shepy,unmapped
f41r,F,shedy,retain
f41r,F,parchdy,unmapped
f41r,F,kchey,unmapped
f41r,F,yteedy,unmapped
f41r,F,qokeodo,heat
f41r,F,okedy,heat
f41r,F,chkedy,unmapped
f41r,F,qokedy,heat
f41r,F,chedy,unmapped
f41r,F,qokedy,heat
f41r,F,dair,unmapped
f41r,F,chedy,unmapped
f41r,F,chckhy,unmapped
f41r,F,qokey,heat
f41r,F,lchdy,unmapped
f41r,F,qokedy,heat
f41r,F,qokal,heat
f41r,F,chekedy,unmapped
f41r,F,qodar,heat
f41r,F,ag,unmapped
f41r,F,qokeedy,heat
f41r,F,okedy,heat
f41r,F,chekedy,unmapped
f41r,F,chedy,unmapped
f41r,F,chckheody,unmapped
f41r,F,chekol,outlet
f41r,F,daiin,medium
f41r,F,cheo,unmapped
f41r,F,al,outlet
f41r,F,otedy,unmapped
f41r,F,sshok,unmapped
f41r,F,shedy,retain
f41r,F,qekchdy,unmapped
f41r,F,dchdaldy,unmapped
f41r,F,ykedy,unmapped
f41r,F,qokeedy,heat
f41r,F,qokedy,heat
f41r,F,qokeg,heat
f41r,F,ykeod,unmapped
f41r,F,ykeedy,unmapped
f41r,F,chekeedy,unmapped
f41r,F,cheked,unmapped
f41v,F,keeredal,outlet
f41v,F,pcheody,unmapped
f41v,F,qofcheepy,heat
f41v,F,ofchdy,unmapped
f41v,F,cfhekchdy,unmapped
f41v,F,ypchedy,unmapped
f41v,F,chepchefy,unmapped
f41v,F,shdchdy,unmapped
f41v,F,qotal,heat
f41v,F,dar,reflux
f41v,F,dshedy,unmapped
f41v,F,tchey,unmapped
f41v,F,s,unmapped
f41v,F,aiin,medium
f41v,F,shekey,unmapped
f41v,F,okedy,heat
f41v,F,okaly,heat
f41v,F,daiin,medium
f41v,F,okedy,heat
f41v,F,ykeeody,unmapped
f41v,F,choy,unmapped
f41v,F,keoy,unmapped
f41v,F,dam,drain
f41v,F,qokeody,heat
f41v,F,okey,heat
f41v,F,qokeody,heat
f41v,F,oleeol,outlet
f41v,F,lkedy,unmapped
f41v,F,lkeeody,unmapped
f41v,F,qokeedy,heat
f41v,F,okeey,heat
f41v,F,qokol,heat
f41v,F,sheols,unmapped
f41v,F,ycheos,unmapped
f41v,F,olchey,unmapped
f41v,F,daiin,medium
f41v,F,or,reflux
f41v,F,cholalaiin,medium
f41v,F,oteedy,unmapped
f41v,F,qoteol,heat
f41v,F,oteodar,reflux
f41v,F,orain,unmapped
f41v,F,tadaiin,medium
f41v,F,ol,outlet
f41v,F,cheos,unmapped
f41v,F,yteedy,unmapped
f41v,F,okal,heat
f41v,F,old,unmapped
f41v,F,oteol,outlet
f41v,F,qokal,heat
f41v,F,or,reflux
f41v,F,oteody,unmapped
f41v,F,ykeey,unmapped
f41v,F,okey,heat
f41v,F,ykeeol,outlet
f41v,F,ckhdy,unmapped
f41v,F,chdal,outlet
f41v,F,ykeo,unmapped
f41v,F,aiin,medium
f41v,F,okeody,heat
f41v,F,oly,unmapped
f41v,F,daiin,medium
f41v,F,olkeeo,unmapped
f41v,F,lkol,outlet
f41v,F,chedy,unmapped
f41v,F,okeey,heat
f42r,F,o,unmapped
f42r,F,ofaiin,medium
f42r,F,cthay,unmapped
f42r,F,otcheey,unmapped
f42r,F,pchear,reflux
f42r,F,solkaiin,medium
f42r,F,char,reflux
f42r,F,cheky,unmapped
f42r,F,otshaiin,medium
f42r,F,daiiry,unmapped
f42r,F,toshy,unmapped
f42r,F,chtshar,reflux
f42r,F,chotar,reflux
f42r,F,chain,unmapped
f42r,F,dal,outlet
f42r,F,shor,reflux
f42r,F,chetar,reflux
f42r,F,chotais,unmapped
f42r,F,dar,reflux
f42r,F,cthaiin,medium
f42r,F,qokar,heat
f42r,F,chockhy,unmapped
f42r,F,chotor,reflux
f42r,F,chy,unmapped
f42r,F,kary,unmapped
f42r,F,dorain,unmapped
f42r,F,:char,reflux
f42r,F,pcho,unmapped
f42r,F,chy,unmapped
f42r,F,kshaiin,medium
f42r,F,shotaiin,medium
f42r,F,cham,drain
f42r,F,shan,unmapped
f42r,F,yshol,outlet
f42r,F,chees,unmapped
f42r,F,cthol,outlet
f42r,F,shor,reflux
f42r,F,shol,outlet
f42r,F,ety,unmapped
f42r,F,char,reflux
f42r,F,y,unmapped
f42r,F,qotchar,heat
f42r,F,otchol,outlet
f42r,F,ctho,unmapped
f42r,F,kchodan,unmapped
f42r,F,chkchory,unmapped
f42r,F,choty,unmapped
f42r,F,dol,outlet
f42r,F,ksheo,unmapped
f42r,F,cthor,reflux
f42r,F,otol,outlet
f42r,F,cthol,outlet
f42r,F,chol,outlet
f42r,F,shol,outlet
f42r,F,dain,unmapped
f42r,F,qotor,heat
f42r,F,cho,unmapped
f42r,F,chody,unmapped
f42r,F,daiin,medium
f42r,F,shol,outlet
f42r,F,ctheey,unmapped
f42r,F,dar,reflux
f42r,F,chy,unmapped
f42r,F,daiidy,unmapped
f42r,F,dcheey,unmapped
f42r,F,chol,outlet
f42r,F,shol,outlet
f42r,F,chokaiin,medium
f42r,F,choeky,unmapped
f42r,F,d,unmapped
f42r,F,dain,unmapped
f42r,F,dal,outlet
f42r,F,qopor,heat
f42r,F,shol,outlet
f42r,F,shot,unmapped
f42r,F,shol,outlet
f42r,F,shol,outlet
f42r,F,daiin,medium
f42r,F,dain,unmapped
f42r,F,s,unmapped
f42r,F,cheam,drain
f42r,F,sho,unmapped
f42r,F,kshey,unmapped
f42r,F,choty,unmapped
f42r,F,chdain,unmapped
f42r,F,chodaiin,medium
f42r,F,daiin,medium
f42r,F,dam,drain
f42r,F,pchody,unmapped
f42r,F,otshey,unmapped
f42r,F,dodaiin,medium
f42r,F,pydaiin,medium
f42r,F,sheor,reflux
f42r,F,shaiin,medium
f42r,F,tsh,unmapped
f42r,F,olchy,unmapped
f42r,F,sholy,unmapped
f42r,F,shotol,outlet
f42r,F,shol,outlet
f42r,F,chety,unmapped
f42r,F,daiin,medium
f42r,F,chokchy,unmapped
f42r,F,chkaiin,medium
f42r,F,qody,heat
f42r,F,cthochy,unmapped
f42r,F,otaiin,medium
f42r,F,shy,unmapped
f42r,F,kshes,unmapped
f42r,F,chorain,unmapped
f42r,F,otchoty,unmapped
f42r,F,daiin,medium
f42r,F,chot,unmapped
f42r,F,sho,unmapped
f42r,F,y,unmapped
f42r,F,s,unmapped
f42r,F,os,unmapped
f42r,F,shol,outlet
f42r,F,chol,outlet
f42r,F,shoky,unmapped
f42r,F,okol,heat
f42r,F,sho,unmapped
f42r,F,chol,outlet
f42r,F,shol,outlet
f42r,F,chal,outlet
f42r,F,shol,outlet
f42r,F,chol,outlet
f42r,F,chol,outlet
f42r,F,shol,outlet
f42r,F,oiin,unmapped
f42r,F,s,unmapped
f42r,F,odan,unmapped
f42r,F,kchaiin,medium
f42r,F,chos,unmapped
f42r,F,ckhaiin,medium
f42r,F,choro,unmapped
f42r,F,r,unmapped
f42r,F,chaiin,medium
f42r,F,okchol,heat
f42r,F,shol,outlet
f42r,F,kolschees,unmapped
f42v,F,cho,unmapped
f42v,F,sheey,unmapped
f42v,F,qocho,heat
f42v,F,taiin,medium
f42v,F,shols,unmapped
f42v,F,chol,outlet
f42v,F,chor,reflux
f42v,F,dain,unmapped
f42v,F,dshey,unmapped
f42v,F,tchey,unmapped
f42v,F,y,unmapped
f42v,F,kchey,unmapped
f42v,F,chtchy,unmapped
f42v,F,y,unmapped
f42v,F,dan,unmapped
f42v,F,dain,unmapped
f42v,F,otol,outlet
f42v,F,daiin,medium
f42v,F,sho,unmapped
f42v,F,chotody,unmapped
f42v,F,chotol,outlet
f42v,F,oky,heat
f42v,F,chol,outlet
f42v,F,chol,outlet
f42v,F,dl,unmapped
f42v,F,chcthy,unmapped
f42v,F,otoy,unmapped
f42v,F,qotchy,heat
f42v,F,chkchy,unmapped
f42v,F,sar,reflux
f42v,F,dy,unmapped
f42v,F,odaiil,unmapped
f42v,F,ykchy,unmapped
f42v,F,o,unmapped
f42v,F,kol,outlet
f42v,F,dg,unmapped
f42v,F,chokeeo,unmapped
f42v,F,r,unmapped
f42v,F,chey,unmapped
f42v,F,chetan,unmapped
f42v,F,s,unmapped
f42v,F,ary,unmapped
f42v,F,okol,heat
f42v,F,chetaiin,medium
f42v,F,okeokear,heat
f42v,F,cheotchar,reflux
f42v,F,sy,unmapped
f42v,F,saiin,medium
f42v,F,cthar,reflux
f42v,F,d,unmapped
f42v,F,am,drain
f42v,F,chok,unmapped
f42v,F,sheo,unmapped
f42v,F,key,unmapped
f42v,F,keeeyd,unmapped
f42v,F,chekeesshy,unmapped
f42v,F,sodal,outlet
f42v,F,saiin,medium
f42v,F,posheor,reflux
f42v,F,sho,unmapped
f42v,F,char,reflux
f42v,F,chekchey,unmapped
f42v,F,qokod,heat
f42v,F,sho,unmapped
f42v,F,cpheo,unmapped
f42v,F,rchy,unmapped
f42v,F,schor,reflux
f42v,F,okchey,heat
f42v,F,chy,unmapped
f42v,F,shol,outlet
f42v,F,olor,reflux
f42v,F,cheaiin,medium
f42v,F,chy,unmapped
f42v,F,tcheeb,unmapped
f42v,F,d,unmapped
f42v,F,qo,heat
f42v,F,aiin,medium
f42v,F,qokeey,heat
f42v,F,kchol,outlet
f42v,F,cheal,outlet
f42v,F,o,unmapped
f42v,F,t,unmapped
f42v,F,eold,unmapped
f42v,F,shey,unmapped
f42v,F,teaiin,medium
f42v,F,d,unmapped
f42v,F,chotcheey,unmapped
f42v,F,chol,outlet
f42v,F,ol,outlet
f42v,F,chaiin,medium
f42v,F,oteeaiin,medium
f42v,F,chkchy,unmapped
f42v,F,taiin,medium
f42v,F,y,unmapped
f42v,F,sho,unmapped
f42v,F,chey,unmapped
f42v,F,teor,reflux
f42v,F,shey,unmapped
f42v,F,chey,unmapped
f42v,F,daiin,medium
f42v,F,chokeey,unmapped
f42v,F,daiin,medium
f42v,F,qoteey,heat
f42v,F,chy,unmapped
f42v,F,kchy,unmapped
f42v,F,cthy,unmapped
f42v,F,ees,unmapped
f42v,F,choly,unmapped
f42v,F,sarar,reflux
f42v,F,aral,outlet
f42v,F,chokey,unmapped
f42v,F,chol,outlet
f42v,F,okey,heat
f42v,F,okor,heat
f42v,F,odeey,unmapped
f43r,F,tarodaiin,medium
f43r,F,ytedy,unmapped
f43r,F,eeody,unmapped
f43r,F,ofchtar,reflux
f43r,F,chcphedy,unmapped
f43r,F,ypar,reflux
f43r,F,shol,outlet
f43r,F,folor,reflux
f43r,F,aiin,medium
f43r,F,cphey,unmapped
f43r,F,dar,reflux
f43r,F,yteody,unmapped
f43r,F,oteol,outlet
f43r,F,ytedy,unmapped
f43r,F,ar,reflux
f43r,F,chety,unmapped
f43r,F,dar,reflux
f43r,F,aiir,unmapped
f43r,F,okaldy,heat
f43r,F,daral,outlet
f43r,F,otchdy,unmapped
f43r,F,daiin,medium
f43r,F,dals,unmapped
f43r,F,yty,unmapped
f43r,F,yty,unmapped
f43r,F,oty,unmapped
f43r,F,she,unmapped
f43r,F,ody,unmapped
f43r,F,shy,unmapped
f43r,F,olor,reflux
f43r,F,yteedy,unmapped
f43r,F,kaiin,medium
f43r,F,chky,unmapped
f43r,F,qotydy,heat
f43r,F,dar,reflux
f43r,F,aiin,medium
f43r,F,ykam,drain
f43r,F,das,unmapped
f43r,F,ar,reflux
f43r,F,ytey,unmapped
f43r,F,tedy,unmapped
f43r,F,kar,reflux
f43r,F,arar,reflux
f43r,F,she,unmapped
f43r,F,kalchdy,unmapped
f43r,F,cholky,unmapped
f43r,F,qotaly,heat
f43r,F,chedy,unmapped
f43r,F,oty,unmapped
f43r,F,otam,drain
f43r,F,ykar,reflux
f43r,F,chedy,unmapped
f43r,F,shekody,unmapped
f43r,F,qotody,heat
f43r,F,qotar,heat
f43r,F,okedy,heat
f43r,F,dar,reflux
f43r,F,choetchy,unmapped
f43r,F,dam,drain
f43r,F,otain,unmapped
f43r,F,y,unmapped
f43r,F,tam,drain
f43r,F,kchedy,unmapped
f43r,F,chedy,unmapped
f43r,F,daly,unmapped
f43r,F,cheody,unmapped
f43r,F,cheolkeepchy,unmapped
f43r,F,pshesy,unmapped
f43r,F,otey,unmapped
f43r,F,kshdy,unmapped
f43r,F,opchdy,unmapped
f43r,F,kedar,reflux
f43r,F,okedy,heat
f43r,F,chdy,unmapped
f43r,F,shoy,unmapped
f43r,F,dyty,unmapped
f43r,F,dy,unmapped
f43r,F,pchdy,unmapped
f43r,F,kedy,unmapped
f43r,F,dam,drain
f43r,F,ytchedy,unmapped
f43r,F,chedy,unmapped
f43r,F,cheody,unmapped
f43r,F,shy,unmapped
f43r,F,qoiiin,heat
f43r,F,sheeeky,unmapped
f43r,F,chedy,unmapped
f43r,F,dain,unmapped
f43r,F,shy,unmapped
f43r,F,ykolor,reflux
f43r,F,otaiin,medium
f43r,F,old,unmapped
f43r,F,dshedy,unmapped
f43r,F,qotedy,heat
f43r,F,dor,reflux
f43r,F,cheey,unmapped
f43r,F,odain,unmapped
f43r,F,pshdar,reflux
f43r,F,shed,retain
f43r,F,ody,unmapped
f43r,F,qotedy,heat
f43r,F,yfchdy,unmapped
f43r,F,qody,heat
f43r,F,opchdy,unmapped
f43r,F,daiin,medium
f43r,F,qokedy,heat
f43r,F,dydydy,unmapped
f43r,F,qotar,heat
f43r,F,ytchedy,unmapped
f43r,F,ty,unmapped
f43r,F,shol,outlet
f43r,F,toldy,unmapped
f43r,F,shody,unmapped
f43r,F,oteedy,unmapped
f43r,F,shdy,unmapped
f43r,F,otolol,outlet
f43r,F,shd,unmapped
f43r,F,olky,unmapped
f43r,F,ytol,outlet
f43r,F,otary,unmapped
f43r,F,cheky,unmapped
f43r,F,dy,unmapped
f43r,F,dor,reflux
f43r,F,shol,outlet
f43r,F,qokol,heat
f43r,F,shedy,retain
f43r,F,qotedy,heat
f43r,F,qokeedy,heat
f43r,F,qokody,heat
f43r,F,okeedy,heat
f43r,F,otedy,unmapped
f43r,F,shedy,retain
f43r,F,oty,unmapped
f43r,F,yty,unmapped
f43r,F,dy,unmapped
f43r,F,saiin,medium
f43r,F,tshed,unmapped
f43r,F,qosheckhey,heat
f43r,F,odeeedy,unmapped
f43r,F,qeokeey,unmapped
f43r,F,qotedy,heat
f43r,F,daiin,medium
f43r,F,shodody,unmapped
f43r,F,shochol,outlet
f43r,F,chckhy,unmapped
f43r,F,y,unmapped
f43r,F,kedydy,unmapped
f43r,F,ykeody,unmapped
f43r,F,checkhy,unmapped
f43r,F,choteey,unmapped
f43r,F,odain,unmapped
f43r,F,chy,unmapped
f43r,F,chokoraiin,medium
f43v,F,pdsairy,unmapped
f43v,F,dalteoshy,unmapped
f43v,F,doly,unmapped
f43v,F,sheet,unmapped
f43v,F,or,reflux
f43v,F,arodl,unmapped
f43v,F,lkeo,unmapped
f43v,F,r,unmapped
f43v,F,araiin,medium
f43v,F,otedy,unmapped
f43v,F,opolde,unmapped
f43v,F,shedy,retain
f43v,F,octhy,unmapped
f43v,F,otedy,unmapped
f43v,F,chedy,unmapped
f43v,F,dar,reflux
f43v,F,chesy,unmapped
f43v,F,okeody,heat
f43v,F,oky,heat
f43v,F,okaldy,heat
f43v,F,kchdy,unmapped
f43v,F,okar,heat
f43v,F,tody,unmapped
f43v,F,teedy,unmapped
f43v,F,qot,heat
f43v,F,chocthy,unmapped
f43v,F,chky,unmapped
f43v,F,oky,heat
f43v,F,chdy,unmapped
f43v,F,okedy,heat
f43v,F,ykaiin,medium
f43v,F,chey,unmapped
f43v,F,ody,unmapped
f43v,F,dary,unmapped
f43v,F,dey,unmapped
f43v,F,ykeedy,unmapped
f43v,F,chees,unmapped
f43v,F,ain,unmapped
f43v,F,shy,unmapped
f43v,F,qocthedy,heat
f43v,F,chey,unmapped
f43v,F,qokar,heat
f43v,F,checkhy,unmapped
f43v,F,okam,drain
f43v,F,qokchedy,heat
f43v,F,oralody,unmapped
f43v,F,otedol,outlet
f43v,F,chcthdy,unmapped
f43v,F,chtey,unmapped
f43v,F,tolkchdy,unmapped
f43v,F,okedy,heat
f43v,F,qokedal,heat
f43v,F,shedy,retain
f43v,F,okedal,heat
f43v,F,shedy,retain
f43v,F,pchdol,outlet
f43v,F,otey,unmapped
f43v,F,dalorain,unmapped
f43v,F,ytshedy,unmapped
f43v,F,ykeody,unmapped
f43v,F,oykeedy,unmapped
f43v,F,chedy,unmapped
f43v,F,tedy,unmapped
f43v,F,chcthy,unmapped
f43v,F,otam,drain
f43v,F,ot,unmapped
f43v,F,ytaiin,medium
f43v,F,otas,unmapped
f43v,F,shetcheodchs,unmapped
f43v,F,ochedy,unmapped
f43v,F,oteody,unmapped
f43v,F,chedy,unmapped
f43v,F,chody,unmapped
f43v,F,daiin,medium
f43v,F,sheody,unmapped
f43v,F,ykar,reflux
f43v,F,chef,unmapped
f43v,F,ytchdy,unmapped
f43v,F,olos,unmapped
f43v,F,aiin,medium
f43v,F,ockhy,unmapped
f43v,F,tarchor,reflux
f43v,F,ar,reflux
f43v,F,aldar,reflux
f43v,F,chdy,unmapped
f43v,F,daldar,reflux
f43v,F,chepy,unmapped
f43v,F,yteedy,unmapped
f43v,F,s,unmapped
f43v,F,ypchey,unmapped
f43v,F,pchedy,unmapped
f43v,F,yfor,reflux
f43v,F,ysheey,unmapped
f43v,F,or,reflux
f43v,F,air,unmapped
f43v,F,yteey,unmapped
f43v,F,cheody,unmapped
f43v,F,ar,reflux
f43v,F,sheo,unmapped
f43v,F,qody,heat
f43v,F,chckhy,unmapped
f43v,F,chdy,unmapped
f43v,F,choty,unmapped
f43v,F,she,unmapped
f43v,F,yshee,unmapped
f43v,F,kedy,unmapped
f43v,F,dar,reflux
f43v,F,chey,unmapped
f43v,F,qotedy,heat
f43v,F,etaiin,medium
f43v,F,chedy,unmapped
f43v,F,cthey,unmapped
f43v,F,oteol,outlet
f43v,F,or,reflux
f43v,F,aiin,medium
f43v,F,odain,unmapped
f43v,F,dshedy,unmapped
f43v,F,tedy,unmapped
f43v,F,ckhedy,unmapped
f43v,F,chekcheey,unmapped
f43v,F,dy,unmapped
f43v,F,keody,unmapped
f43v,F,otedy,unmapped
f43v,F,cheetam,drain
f43v,F,okedar,heat
f43v,F,amam,drain
f43v,F,dykeedain,unmapped
f43v,F,chedy,unmapped
f43v,F,okeedy,heat
f43v,F,chedal,outlet
f43v,F,olkey,unmapped
f43v,F,cheky,unmapped
f43v,F,choal,outlet
f43v,F,chedy,unmapped
f43v,F,oteorom,unmapped
f43v,F,oteod,unmapped
f43v,F,qolkeey,heat
f43v,F,kaldy,unmapped
f43v,F,chy,unmapped
f43v,F,darody,unmapped
f43v,F,qokeey,heat
f43v,F,kol,outlet
f43v,F,dary,unmapped
f43v,F,taros,unmapped
f43v,F,ol,outlet
f43v,F,eees,unmapped
f43v,F,aiin,medium
f43v,F,oloaiin,medium
f43v,F,oteos,unmapped
f43v,F,qoky,heat
f43v,F,chey,unmapped
f44r,F,tshodpy,unmapped
f44r,F,oray,unmapped
f44r,F,koees,unmapped
f44r,F,ypsholy,unmapped
f44r,F,shy,unmapped
f44r,F,otoloaiin,medium
f44r,F,ydsh,unmapped
f44r,F,dyeees,unmapped
f44r,F,y,unmapped
f44r,F,ty,unmapped
f44r,F,oky,heat
f44r,F,okchey,heat
f44r,F,qykchey,unmapped
f44r,F,dchy,unmapped
f44r,F,dy,unmapped
f44r,F,oair,unmapped
f44r,F,ekokeey,unmapped
f44r,F,kshotol,outlet
f44r,F,otal,outlet
f44r,F,daiin,medium
f44r,F,ototaykal,outlet
f44r,F,ychor,reflux
f44r,F,ykchey,unmapped
f44r,F,ykchy,unmapped
f44r,F,chody,unmapped
f44r,F,dam,drain
f44r,F,toy,unmapped
f44r,F,shysho,unmapped
f44r,F,qoteey,heat
f44r,F,char,reflux
f44r,F,cheeky,unmapped
f44r,F,sheey,unmapped
f44r,F,ytey,unmapped
f44r,F,daiin,medium
f44r,F,dshor,reflux
f44r,F,y,unmapped
f44r,F,tchol,outlet
f44r,F,shy,unmapped
f44r,F,o,unmapped
f44r,F,cheekchy,unmapped
f44r,F,qotchy,heat
f44r,F,otchy,unmapped
f44r,F,dar,reflux
f44r,F,qot,heat
f44r,F,oqd,unmapped
f44r,F,shol,outlet
f44r,F,qotshy,heat
f44r,F,oyty,unmapped
f44r,F,chom,unmapped
f44r,F,pshy,unmapped
f44r,F,opchey,unmapped
f44r,F,qopchy,heat
f44r,F,ofchey,unmapped
f44r,F,roiry,unmapped
f44r,F,sholos,unmapped
f44r,F,ykchy,unmapped
f44r,F,otchol,outlet
f44r,F,ol,outlet
f44r,F,dchckhy,unmapped
f44r,F,qoky,heat
f44r,F,qotchy,heat
f44r,F,qokchy,heat
f44r,F,qokyd,heat
f44r,F,qokchor,heat
f44r,F,okchy,heat
f44r,F,qoto,heat
f44r,F,ykol,outlet
f44r,F,choky,unmapped
f44r,F,choky,unmapped
f44r,F,chol,outlet
f44r,F,dam,drain
f44r,F,ytsho,unmapped
f44r,F,qockhy,heat
f44r,F,okchody,heat
f44v,F,tsho,unmapped
f44v,F,qotshy,heat
f44v,F,cthol,outlet
f44v,F,d,unmapped
f44v,F,chor,reflux
f44v,F,otol,outlet
f44v,F,shol,outlet
f44v,F,tol,outlet
f44v,F,qotshol,heat
f44v,F,otoldy,unmapped
f44v,F,yolkol,outlet
f44v,F,cheol,outlet
f44v,F,qokchain,heat
f44v,F,daly,unmapped
f44v,F,otchol,outlet
f44v,F,daiin,medium
f44v,F,shol,outlet
f44v,F,qotor,heat
f44v,F,ar,reflux
f44v,F,tol,outlet
f44v,F,okchor,heat
f44v,F,shcthy,unmapped
f44v,F,otol,outlet
f44v,F,daiin,medium
f44v,F,cthy,unmapped
f44v,F,cthy,unmapped
f44v,F,yokalod,unmapped
f44v,F,shaiin,medium
f44v,F,shor,reflux
f44v,F,shorody,unmapped
f44v,F,shky,unmapped
f44v,F,sho,unmapped
f44v,F,y,unmapped
f44v,F,tchy,unmapped
f44v,F,opchod,unmapped
f44v,F,opy,unmapped
f44v,F,oain,unmapped
f44v,F,shol,outlet
f44v,F,cthy,unmapped
f44v,F,cphaiin,medium
f44v,F,ykchor,reflux
f44v,F,otchy,unmapped
f44v,F,qoty,heat
f44v,F,ytchear,reflux
f44v,F,cthain,unmapped
f44v,F,tol,outlet
f44v,F,dair,unmapped
f44v,F,ytaiin,medium
f44v,F,dol,outlet
f44v,F,y,unmapped
f44v,F,kchain,unmapped
f44v,F,oty,unmapped
f44v,F,keey,unmapped
f44v,F,otchol,outlet
f44v,F,ytaiin,medium
f44v,F,dy,unmapped
f44v,F,oky,heat
f44v,F,tchaiin,medium
f44v,F,cthol,outlet
f44v,F,dy,unmapped
f44v,F,cheol,outlet
f44v,F,ololy,unmapped
f44v,F,tsheody,unmapped
f44v,F,cthaiin,medium
f44v,F,odaiin,medium
f44v,F,shol,outlet
f44v,F,shey,unmapped
f44v,F,cthy,unmapped
f44v,F,ykoda,unmapped
f44v,F,ol,outlet
f44v,F,dshor,reflux
f44v,F,cthees,unmapped
f44v,F,l,unmapped
f44v,F,o,unmapped
f44v,F,lkeees,unmapped
f44v,F,ckhy,unmapped
f44v,F,chcthy,unmapped
f44v,F,lo,unmapped
f44v,F,lsho,unmapped
f44v,F,qokchy,heat
f44v,F,tshy,unmapped
f44v,F,cphaiin,medium
f44v,F,cthal,outlet
f44v,F,kal,outlet
f44v,F,okal,heat
f44v,F,chol,outlet
f44v,F,chol,outlet
f44v,F,choky,unmapped
f44v,F,okaiin,heat
f44v,F,cthy,unmapped
f44v,F,otal,outlet
f44v,F,ychey,unmapped
f44v,F,teol,outlet
f44v,F,chaiin,medium
f44v,F,chcthy,unmapped
f44v,F,ctho,unmapped
f44v,F,cthol,outlet
f44v,F,lchor,reflux
f44v,F,shol,outlet
f44v,F,dairl,unmapped
f45r,F,pykydal,outlet
f45r,F,shay,unmapped
f45r,F,oty,unmapped
f45r,F,shey,unmapped
f45r,F,qop,heat
f45r,F,char,reflux
f45r,F,opchal,outlet
f45r,F,ypchor,reflux
f45r,F,ofchar,reflux
f45r,F,shor,reflux
f45r,F,cthy,unmapped
f45r,F,qoky,heat
f45r,F,qokol,heat
f45r,F,qokaiin,heat
f45r,F,chol,outlet
f45r,F,chol,outlet
f45r,F,ykaiin,medium
f45r,F,dar,reflux
f45r,F,om,unmapped
f45r,F,qo,heat
f45r,F,chcthy,unmapped
f45r,F,kchol,outlet
f45r,F,daiin,medium
f45r,F,qoaiin,heat
f45r,F,cthy,unmapped
f45r,F,chaiin,medium
f45r,F,ykeey,unmapped
f45r,F,cthom,unmapped
f45r,F,lor,reflux
f45r,F,y,unmapped
f45r,F,kaiin,medium
f45r,F,ykeol,outlet
f45r,F,ykeol,outlet
f45r,F,cham,drain
f45r,F,kol,outlet
f45r,F,sho,unmapped
f45r,F,pchor,reflux
f45r,F,kchey,unmapped
f45r,F,ty,unmapped
f45r,F,opchaldy,unmapped
f45r,F,otshy,unmapped
f45r,F,qokchy,heat
f45r,F,dol,outlet
f45r,F,daiin,medium
f45r,F,otchar,reflux
f45r,F,okchar,heat
f45r,F,daiin,medium
f45r,F,ytchody,unmapped
f45r,F,tcholol,outlet
f45r,F,otar,reflux
f45r,F,dal,outlet
f45r,F,dary,unmapped
f45r,F,lchar,reflux
f45r,F,qor,heat
f45r,F,y,unmapped
f45r,F,kar,reflux
f45r,F,dar,reflux
f45r,F,tchol,outlet
f45r,F,cthy,unmapped
f45r,F,qodaiin,heat
f45r,F,cthy,unmapped
f45r,F,dain,unmapped
f45r,F,ey,unmapped
f45r,F,otydal,outlet
f45r,F,daiin,medium
f45r,F,g,unmapped
f45r,F,or,reflux
f45r,F,or,reflux
f45r,F,chain,unmapped
f45r,F,dain,unmapped
f45r,F,ykolody,unmapped
f45r,F,ytaiin,medium
f45r,F,qotchol,heat
f45r,F,kol,outlet
f45r,F,dy,unmapped
f45r,F,okaiin,heat
f45r,F,shar,reflux
f45r,F,yky,unmapped
f45r,F,oky,heat
f45r,F,kair,unmapped
f45r,F,daldy,unmapped
f45r,F,dalor,reflux
f45r,F,cheol,outlet
f45r,F,dal,outlet
f45r,F,l,unmapped
f45r,F,okaiin,heat
f45r,F,okcho,heat
f45r,F,laldan,unmapped
f45r,F,daldaiin,medium
f45v,F,korary,unmapped
f45v,F,chko,unmapped
f45v,F,kol,outlet
f45v,F,chey,unmapped
f45v,F,fsholom,unmapped
f45v,F,shor,reflux
f45v,F,ykchy,unmapped
f45v,F,dod,unmapped
f45v,F,opchaiin,medium
f45v,F,olald,unmapped
f45v,F,okol,heat
f45v,F,chor,reflux
f45v,F,daiin,medium
f45v,F,cthy,unmapped
f45v,F,okchol,heat
f45v,F,chom,unmapped
f45v,F,okolor,heat
f45v,F,dy,unmapped
f45v,F,okchol,heat
f45v,F,s,unmapped
f45v,F,qokchy,heat
f45v,F,l,unmapped
f45v,F,or,reflux
f45v,F,cheol,outlet
f45v,F,qotol,heat
f45v,F,qotol,heat
f45v,F,chy,unmapped
f45v,F,ky,unmapped
f45v,F,cthod,unmapped
f45v,F,ykar,reflux
f45v,F,yd,unmapped
f45v,F,okchy,heat
f45v,F,qockhy,heat
f45v,F,dain,unmapped
f45v,F,dail,unmapped
f45v,F,dair,unmapped
f45v,F,shy,unmapped
f45v,F,qotol,heat
f45v,F,choiin,unmapped
f45v,F,okchar,heat
f45v,F,dar,reflux
f45v,F,oty,unmapped
f45v,F,shoto,unmapped
f45v,F,dol,outlet
f45v,F,py,unmapped
f45v,F,otytam,drain
f45v,F,s,unmapped
f45v,F,aiin,medium
f45v,F,cphor,reflux
f45v,F,qok,heat
f45v,F,tod,unmapped
f45v,F,ytchdy,unmapped
f45v,F,dy,unmapped
f45v,F,dy,unmapped
f45v,F,cheg,unmapped
f45v,F,tchtcho,unmapped
f45v,F,kchol,outlet
f45v,F,dshy,unmapped
f45v,F,o,unmapped
f45v,F,tyol,outlet
f45v,F,ytchom,unmapped
f45v,F,yksheor,reflux
f45v,F,odal,outlet
f45v,F,sho,unmapped
f45v,F,dy,unmapped
f45v,F,pchom,unmapped
f45v,F,otor,reflux
f45v,F,oaiir,unmapped
f45v,F,ychor,reflux
f45v,F,cthy,unmapped
f45v,F,chol,outlet
f45v,F,qokom,heat
f45v,F,sy,unmapped
f45v,F,sa,unmapped
f45v,F,ykchom,unmapped
f45v,F,dshor,reflux
f45v,F,otshy,unmapped
f45v,F,oky,heat
f45v,F,tsholol,outlet
f45v,F,ytchord,unmapped
f45v,F,or,reflux
f45v,F,chor,reflux
f45v,F,ytchy,unmapped
f45v,F,doiin,unmapped
f45v,F,dcholdy,unmapped
f46r,F,pcheocphy,unmapped
f46r,F,qotedy,heat
f46r,F,chety,unmapped
f46r,F,dy,unmapped
f46r,F,chepchx,unmapped
f46r,F,yfcheky,unmapped
f46r,F,osaiin,medium
f46r,F,shee,unmapped
f46r,F,qoteol,heat
f46r,F,daiin,medium
f46r,F,shee,unmapped
f46r,F,dy,unmapped
f46r,F,daly,unmapped
f46r,F,sodaiin,medium
f46r,F,sheeoly,unmapped
f46r,F,qoor,heat
f46r,F,sheo,unmapped
f46r,F,teoly,unmapped
f46r,F,chckhy,unmapped
f46r,F,daiin,medium
f46r,F,sh:ek,unmapped
f46r,F,sheet,unmapped
f46r,F,shedy,retain
f46r,F,xor,reflux
f46r,F,aiin,medium
f46r,F,sheckhy,unmapped
f46r,F,daiin,medium
f46r,F,shor,reflux
f46r,F,ykal,outlet
f46r,F,che:y,unmapped
f46r,F,daiin,medium
f46r,F,she,unmapped
f46r,F,dalshedy,unmapped
f46r,F,qokol,heat
f46r,F,s,unmapped
f46r,F,aiin,medium
f46r,F,shee,unmapped
f46r,F,ykar,reflux
f46r,F,daiin,medium
f46r,F,tshedar,reflux
f46r,F,chol,outlet
f46r,F,kaldy,unmapped
f46r,F,chckhy,unmapped
f46r,F,qokaldy,heat
f46r,F,chekal,outlet
f46r,F,chckhy,unmapped
f46r,F,sheky,unmapped
f46r,F,sheky,unmapped
f46r,F,daloy,unmapped
f46r,F,okeedy,heat
f46r,F,shekeey,unmapped
f46r,F,ykey,unmapped
f46r,F,shedy,retain
f46r,F,chdy,unmapped
f46r,F,shky,unmapped
f46r,F,qotsheod,heat
f46r,F,ytedy,unmapped
f46r,F,ytey,unmapped
f46r,F,cheor,reflux
f46r,F,tedy,unmapped
f46r,F,dytedy,unmapped
f46r,F,shee,unmapped
f46r,F,keedy,unmapped
f46r,F,ypchedy,unmapped
f46r,F,chdalor,reflux
f46r,F,sheedy,unmapped
f46r,F,odos,unmapped
f46r,F,aiin,medium
f46r,F,opchedy,unmapped
f46r,F,dykedy,unmapped
f46r,F,chdam,drain
f46r,F,xol,outlet
f46r,F,shol,outlet
f46r,F,qokaiin,heat
f46r,F,ytchdy,unmapped
f46r,F,qokchdy,heat
f46r,F,s,unmapped
f46r,F,ar,reflux
f46r,F,chdy,unmapped
f46r,F,cthy,unmapped
f46r,F,otedy,unmapped
f46r,F,chedy,unmapped
f46r,F,qokar,heat
f46r,F,chcthy,unmapped
f46r,F,m,unmapped
f46r,F,dsheol,outlet
f46r,F,chy,unmapped
f46r,F,chckhy,unmapped
f46r,F,shy,unmapped
f46r,F,shdy,unmapped
f46r,F,chky,unmapped
f46r,F,chody,unmapped
f46r,F,cthdy,unmapped
f46r,F,s,unmapped
f46r,F,cheos,unmapped
f46r,F,chey,unmapped
f46r,F,tshdy,unmapped
f46r,F,shdy,unmapped
f46r,F,fchedy,unmapped
f46r,F,dyfchdy,unmapped
f46r,F,shol,outlet
f46r,F,kees,unmapped
f46r,F,ytaly,unmapped
f46r,F,fchdy,unmapped
f46r,F,dy,unmapped
f46r,F,karal,outlet
f46r,F,shky,unmapped
f46r,F,yty,unmapped
f46r,F,dardam,drain
f46r,F,tchey,unmapped
f46r,F,shy,unmapped
f46r,F,chkal,outlet
f46r,F,chd,unmapped
f46r,F,qokdy,heat
f46r,F,shdy,unmapped
f46r,F,adoldy,unmapped
f46r,F,olaiir,unmapped
f46r,F,sheol,outlet
f46r,F,pchdair,unmapped
f46r,F,shd,unmapped
f46r,F,shep,unmapped
f46r,F,daiin,medium
f46r,F,shdy,unmapped
f46r,F,oedy,unmapped
f46r,F,qopchdy,heat
f46r,F,ldy,unmapped
f46r,F,shear,reflux
f46r,F,opdarshdy,unmapped
f46r,F,s,unmapped
f46r,F,yfchedy,unmapped
f46r,F,techy,unmapped
f46r,F,daiin,medium
f46r,F,sheockhy,unmapped
f46r,F,choky,unmapped
f46r,F,r,unmapped
f46r,F,aiin,medium
f46r,F,ches,unmapped
f46r,F,shey,unmapped
f46r,F,kar,reflux
f46r,F,sheckhy,unmapped
f46r,F,chdy,unmapped
f46r,F,chckham,drain
f46r,F,ar,reflux
f46r,F,akaiin,medium
f46r,F,shol,outlet
f46r,F,okeey,heat
f46r,F,chol,outlet
f46r,F,dar,reflux
f46r,F,ols,unmapped
f46r,F,lain,unmapped
f46r,F,y,unmapped
f46r,F,otchealkar,reflux
f46r,F,sholkshy,unmapped
f46r,F,qokar,heat
f46r,F,cheol,outlet
f46r,F,okal,heat
f46r,F,dam,drain
f46r,F,chdam,drain
f46r,F,qokam,drain
f46r,F,qokar,heat
f46r,F,shol,outlet
f46r,F,kal,outlet
f46r,F,alkeody,unmapped
f46v,F,pody,unmapped
f46v,F,lshed,unmapped
f46v,F,ypdy,unmapped
f46v,F,shedy,retain
f46v,F,opchedy,unmapped
f46v,F,ytedy,unmapped
f46v,F,oepchol,outlet
f46v,F,yfchey,unmapped
f46v,F,tochsy,unmapped
f46v,F,okas,heat
f46v,F,ykchdy,unmapped
f46v,F,daiin,medium
f46v,F,ytair,unmapped
f46v,F,aiin,medium
f46v,F,otchdy,unmapped
f46v,F,okaly,heat
f46v,F,daiin,medium
f46v,F,qokedy,heat
f46v,F,otar,reflux
f46v,F,ar,reflux
f46v,F,oldy,unmapped
f46v,F,otedy,unmapped
f46v,F,saim,unmapped
f46v,F,okey,heat
f46v,F,tody,unmapped
f46v,F,daiin,medium
f46v,F,ytchey,unmapped
f46v,F,keody,unmapped
f46v,F,chockhdy,unmapped
f46v,F,chotal,outlet
f46v,F,okalshdy,heat
f46v,F,shy,unmapped
f46v,F,qokar,heat
f46v,F,oty,unmapped
f46v,F,qoty,heat
f46v,F,shedy,retain
f46v,F,chedy,unmapped
f46v,F,dam,drain
f46v,F,ydaiin,medium
f46v,F,chckhy,unmapped
f46v,F,chdal,outlet
f46v,F,olar,reflux
f46v,F,chckhdy,unmapped
f46v,F,chdody,unmapped
f46v,F,tar,reflux
f46v,F,cham,drain
f46v,F,kedy,unmapped
f46v,F,daiin,medium
f46v,F,y,unmapped
f46v,F,kaiir,unmapped
f46v,F,shckhefy,unmapped
f46v,F,lodaiin,medium
f46v,F,shedy,retain
f46v,F,qokedy,heat
f46v,F,chdy,unmapped
f46v,F,okedy,heat
f46v,F,dykaly,unmapped
f46v,F,daiin,medium
f46v,F,chedy,unmapped
f46v,F,okeedy,heat
f46v,F,s,unmapped
f46v,F,ar,reflux
f46v,F,air,unmapped
f46v,F,cthy,unmapped
f46v,F,tor,reflux
f46v,F,aiirchar,reflux
f46v,F,shedy,retain
f46v,F,olaiin,medium
f46v,F,qotedy,heat
f46v,F,sheedy,unmapped
f46v,F,qokaldy,heat
f46v,F,qokedy,heat
f46v,F,doir,unmapped
f46v,F,chody,unmapped
f46v,F,cthey,unmapped
f46v,F,m,unmapped
f46v,F,dchedy,unmapped
f46v,F,cheeky,unmapped
f46v,F,dam,drain
f46v,F,ched,unmapped
f46v,F,lchedy,unmapped
f46v,F,chedy,unmapped
f46v,F,okeedchsy,heat
f46v,F,qokeedy,heat
f46v,F,chetedar,reflux
f46v,F,or,reflux
f46v,F,aiy,unmapped
f46v,F,yteedy,unmapped
f46v,F,shedy,retain
f46v,F,cheedy,unmapped
f46v,F,chtedy,unmapped
f46v,F,daim,unmapped
f46v,F,sheol,outlet
f46v,F,ar,reflux
f46v,F,chey,unmapped
f46v,F,okaiin,heat
f46v,F,daim,unmapped
f46v,F,oty,unmapped
f46v,F,om,unmapped
f46v,F,tolshey,unmapped
f46v,F,otedy,unmapped
f46v,F,chocpheod,unmapped
f46v,F,oty,unmapped
f46v,F,dam,drain
f46v,F,dair,unmapped
f46v,F,aly,unmapped
f46v,F,chdam,drain
f46v,F,chcthy,unmapped
f46v,F,chdam,drain
f46v,F,ykar,reflux
f46v,F,chedy,unmapped
f47r,F,chair,unmapped
f47r,F,oly,unmapped
f47r,F,sheaiin,medium
f47r,F,shol,outlet
f47r,F,daiin,medium
f47r,F,chdy,unmapped
f47r,F,chokchol,outlet
f47r,F,chol,outlet
f47r,F,choldy,unmapped
f47r,F,dair,unmapped
f47r,F,chad,unmapped
f47r,F,aiin,medium
f47r,F,dor,reflux
f47r,F,chol,outlet
f47r,F,chy,unmapped
f47r,F,chaiin,medium
f47r,F,ckhey,unmapped
f47r,F,chol,outlet
f47r,F,dain,unmapped
f47r,F,okaiin,heat
f47r,F,qokcheo,heat
f47r,F,cthey,unmapped
f47r,F,chokain,unmapped
f47r,F,chol,outlet
f47r,F,daiin,medium
f47r,F,kchdal,outlet
f47r,F,dain,unmapped
f47r,F,olshey,unmapped
f47r,F,chokolg,unmapped
f47r,F,folr,unmapped
f47r,F,chey,unmapped
f47r,F,so,unmapped
f47r,F,chol,outlet
f47r,F,shol,outlet
f47r,F,aiin,medium
f47r,F,shol,outlet
f47r,F,shol,outlet
f47r,F,chdy,unmapped
f47r,F,cholol,outlet
f47r,F,schesy,unmapped
f47r,F,kchor,reflux
f47r,F,cthaiin,medium
f47r,F,chol,outlet
f47r,F,chol,outlet
f47r,F,chol,outlet
f47r,F,chor,reflux
f47r,F,ey,unmapped
f47r,F,shokeey,unmapped
f47r,F,chy,unmapped
f47r,F,tchod,unmapped
f47r,F,choy,unmapped
f47r,F,sho,unmapped
f47r,F,chtchy,unmapped
f47r,F,char,reflux
f47r,F,ctham,drain
f47r,F,qoko,heat
f47r,F,kor,reflux
f47r,F,chaiin,medium
f47r,F,okal,heat
f47r,F,chol,outlet
f47r,F,daiin,medium
f47r,F,okcho,heat
f47r,F,kchorsy,unmapped
f47r,F,shy,unmapped
f47r,F,otcho,unmapped
f47r,F,keey,unmapped
f47r,F,tor,reflux
f47r,F,chey,unmapped
f47r,F,otchy,unmapped
f47r,F,tchol,outlet
f47r,F,dain,unmapped
f47r,F,dam,drain
f47r,F,dsho,unmapped
f47r,F,cphy,unmapped
f47r,F,daiin,medium
f47r,F,daiiny,unmapped
f47v,F,psheot,unmapped
f47v,F,cheor,reflux
f47v,F,cholsho,unmapped
f47v,F,chopchy,unmapped
f47v,F,sal,outlet
f47v,F,sary,unmapped
f47v,F,dsheey,unmapped
f47v,F,shy,unmapped
f47v,F,cphy,unmapped
f47v,F,otchey,unmapped
f47v,F,daiidy,unmapped
f47v,F,chory,unmapped
f47v,F,daiiy,unmapped
f47v,F,shol,outlet
f47v,F,char,reflux
f47v,F,oteol,outlet
f47v,F,dor,reflux
f47v,F,otchol,outlet
f47v,F,chkchy,unmapped
f47v,F,daiin,medium
f47v,F,qotol,heat
f47v,F,sheey,unmapped
f47v,F,kol,outlet
f47v,F,sho,unmapped
f47v,F,keechy,unmapped
f47v,F,qoty,heat
f47v,F,cthy,unmapped
f47v,F,dsholy,unmapped
f47v,F,shees,unmapped
f47v,F,chor,reflux
f47v,F,ody,unmapped
f47v,F,shy,unmapped
f47v,F,sy,unmapped
f47v,F,sary,unmapped
f47v,F,chody,unmapped
f47v,F,cheor,reflux
f47v,F,saiin,medium
f47v,F,dochod,unmapped
f47v,F,chol,outlet
f47v,F,pchodaiin,medium
f47v,F,dair,unmapped
f47v,F,dcthy,unmapped
f47v,F,daiin,medium
f47v,F,cheotar,reflux
f47v,F,chodaly,unmapped
f47v,F,sal,outlet
f47v,F,qotcheey,heat
f47v,F,chety,unmapped
f47v,F,chol,outlet
f47v,F,chol,outlet
f47v,F,dain,unmapped
f47v,F,chotcho,unmapped
f47v,F,ltchey,unmapped
f47v,F,o,unmapped
f47v,F,tcho,unmapped
f47v,F,tchy,unmapped
f47v,F,dy,unmapped
f47v,F,chol,outlet
f47v,F,chody,unmapped
f47v,F,dar,reflux
f47v,F,oteey,unmapped
f47v,F,cho,unmapped
f47v,F,chdy,unmapped
f47v,F,chy,unmapped
f47v,F,key,unmapped
f47v,F,chyky,unmapped
f47v,F,dchy,unmapped
f47v,F,daiin,medium
f47v,F,chy,unmapped
f47v,F,chy,unmapped
f47v,F,cho,unmapped
f47v,F,keesy,unmapped
f47v,F,chy,unmapped
f47v,F,chy,unmapped
f47v,F,cheky,unmapped
f47v,F,chochy,unmapped
f47v,F,daiin,medium
f47v,F,dshy,unmapped
f47v,F,daiin,medium
f47v,F,chdlety,unmapped
f47v,F,chaiin,medium
f47v,F,dcheey,unmapped
f47v,F,otald,unmapped
f47v,F,chol,outlet
f47v,F,chey,unmapped
f48r,F,pshdaiin,medium
f48r,F,ypchdy,unmapped
f48r,F,opchey,unmapped
f48r,F,y,unmapped
f48r,F,dal,outlet
f48r,F,sheodaiin,medium
f48r,F,sheokeol,outlet
f48r,F,ykeeody,unmapped
f48r,F,olaiin,medium
f48r,F,opaldy,unmapped
f48r,F,daiin,medium
f48r,F,yteeol,outlet
f48r,F,cheody,unmapped
f48r,F,kechodshey,unmapped
f48r,F,qotedy,heat
f48r,F,chtaiin,medium
f48r,F,otchdy,unmapped
f48r,F,tedain,unmapped
f48r,F,okain,heat
f48r,F,ckhy,unmapped
f48r,F,sheody,unmapped
f48r,F,she,unmapped
f48r,F,teoteey,unmapped
f48r,F,oteodaiin,medium
f48r,F,ody,unmapped
f48r,F,qoteo,heat
f48r,F,l,unmapped
f48r,F,kedy,unmapped
f48r,F,dol,outlet
f48r,F,odal,outlet
f48r,F,qotar,heat
f48r,F,opchety,unmapped
f48r,F,ldy,unmapped
f48r,F,tolkeol,outlet
f48r,F,dain,unmapped
f48r,F,otaiin,medium
f48r,F,ykeedy,unmapped
f48r,F,chet,unmapped
f48r,F,ytedy,unmapped
f48r,F,tedy,unmapped
f48r,F,qokdy,heat
f48r,F,tshdy,unmapped
f48r,F,chetedy,unmapped
f48r,F,ctheety,unmapped
f48r,F,r,unmapped
f48r,F,yteey,unmapped
f48r,F,teol,outlet
f48r,F,okeody,heat
f48r,F,cheockhy,unmapped
f48r,F,olsheey,unmapped
f48r,F,qoekaiin,heat
f48r,F,octhey,unmapped
f48r,F,cholkar,reflux
f48r,F,aiin,medium
f48r,F,cthar,reflux
f48r,F,od,unmapped
f48r,F,alshey,unmapped
f48r,F,lkeedy,unmapped
f48r,F,ytchedy,unmapped
f48r,F,qokedy,heat
f48r,F,lotal,outlet
f48r,F,qotol,heat
f48r,F,otal,outlet
f48r,F,ched,unmapped
f48r,F,o,unmapped
f48r,F,key,unmapped
f48r,F,ykeey,unmapped
f48r,F,daldy,unmapped
f48r,F,tocthy,unmapped
f48r,F,qokeol,heat
f48r,F,yteedy,unmapped
f48r,F,lolkeol,outlet
f48r,F,otolches,unmapped
f48r,F,al,outlet
f48r,F,ar,reflux
f48r,F,ykeeodam,drain
f48r,F,okedy,heat
f48r,F,okam,drain
f48r,F,otchdain,unmapped
f48r,F,shol,outlet
f48r,F,oteol,outlet
f48r,F,oteoly,unmapped
f48r,F,ykeey,unmapped
f48r,F,dam,drain
f48r,F,dr,unmapped
f48r,F,yteched,unmapped
f48r,F,ar,reflux
f48r,F,olkey,unmapped
f48r,F,okeoam,drain
f48v,F,pcheodchy,unmapped
f48v,F,dshedy,unmapped
f48v,F,fchedy,unmapped
f48v,F,los,unmapped
f48v,F,aiin,medium
f48v,F,ykeeedy,unmapped
f48v,F,shey,unmapped
f48v,F,ypchedy,unmapped
f48v,F,teedy,unmapped
f48v,F,chdy,unmapped
f48v,F,ypair,unmapped
f48v,F,y,unmapped
f48v,F,chedyty,unmapped
f48v,F,chey,unmapped
f48v,F,tedy,unmapped
f48v,F,otchody,unmapped
f48v,F,ykeedy,unmapped
f48v,F,otar,reflux
f48v,F,yotedy,unmapped
f48v,F,cthdy,unmapped
f48v,F,okain,heat
f48v,F,chety,unmapped
f48v,F,choolkeey,unmapped
f48v,F,alchey,unmapped
f48v,F,kor,reflux
f48v,F,y,unmapped
f48v,F,keody,unmapped
f48v,F,olkeeey,unmapped
f48v,F,chody,unmapped
f48v,F,chedy,unmapped
f48v,F,daly,unmapped
f48v,F,okeeor,heat
f48v,F,aiin,medium
f48v,F,otar,reflux
f48v,F,air,unmapped
f48v,F,am,drain
f48v,F,dchedy,unmapped
f48v,F,tchddy,unmapped
f48v,F,otsh,unmapped
f48v,F,okeey,heat
f48v,F,ty,unmapped
f48v,F,otar,reflux
f48v,F,alchdy,unmapped
f48v,F,yteedy,unmapped
f48v,F,oteed,unmapped
f48v,F,y,unmapped
f48v,F,kedy,unmapped
f48v,F,m,unmapped
f48v,F,lkeey,unmapped
f48v,F,qocthedy,heat
f48v,F,taiin,medium
f48v,F,shed,retain
f48v,F,qokar,heat
f48v,F,otedy,unmapped
f48v,F,dy,unmapped
f48v,F,dain,unmapped
f48v,F,tolkain,unmapped
f48v,F,otam,drain
f48v,F,shdy,unmapped
f48v,F,qokain,heat
f48v,F,okar,heat
f48v,F,otar,reflux
f48v,F,or,reflux
f48v,F,otees,unmapped
f48v,F,ol,outlet
f48v,F,or,reflux
f48v,F,ain,unmapped
f48v,F,otal,outlet
f48v,F,ok,heat
f48v,F,y,unmapped
f48v,F,tar,reflux
f48v,F,chedy,unmapped
f48v,F,am,drain
f48v,F,pchedar,reflux
f48v,F,chey,unmapped
f48v,F,ypchedy,unmapped
f48v,F,otedy,unmapped
f48v,F,shef,unmapped
f48v,F,eeedy,unmapped
f48v,F,al,outlet
f48v,F,shedy,retain
f48v,F,otedy,unmapped
f48v,F,fcheodal,outlet
f48v,F,cpheeg,unmapped
f48v,F,oteody,unmapped
f48v,F,chkey,unmapped
f48v,F,okedy,heat
f48v,F,chckhedy,unmapped
f48v,F,ykedy,unmapped
f48v,F,oldy,unmapped
f48v,F,otoly,unmapped
f48v,F,chey,unmapped
f48v,F,kaly,unmapped
f48v,F,tokar,reflux
f48v,F,otam,drain
f48v,F,tor,reflux
f48v,F,shody,unmapped
f48v,F,okal,heat
f48v,F,otchedy,unmapped
f48v,F,cheky,unmapped
f48v,F,oly,unmapped
f48v,F,loldy,unmapped
f48v,F,lol,outlet
f48v,F,otchdy,unmapped
f48v,F,otoldy,unmapped
f48v,F,ytam,drain
f48v,F,otedy,unmapped
f48v,F,tol,outlet
f48v,F,chedy,unmapped
f48v,F,ytedy,unmapped
f48v,F,ykeol,outlet
f48v,F,chdy,unmapped
f48v,F,chdor,reflux
f48v,F,chtol,outlet
f48v,F,chdy,unmapped
f48v,F,ytchedal,outlet
f48v,F,cthey,unmapped
f48v,F,okar,heat
f48v,F,ar,reflux
f48v,F,ary,unmapped
f48v,F,ykeedal,outlet
f48v,F,chckhy,unmapped
f48v,F,ykal,outlet
f48v,F,y,unmapped
f48v,F,tam,drain
f48v,F,or,reflux
f48v,F,cheedls,unmapped
f48v,F,sary,unmapped
f49r,G,pychol,outlet
f49r,G,dy,unmapped
f49r,G,shor,reflux
f49r,G,shol,outlet
f49r,G,shtchy,unmapped
f49r,G,shorpchor,reflux
f49r,G,opchor,reflux
f49r,G,shor,reflux
f49r,G,kchy,unmapped
f49r,G,qotor,heat
f49r,G,sho,unmapped
f49r,G,chotchy,unmapped
f49r,G,choshy,unmapped
f49r,G,qopchar,heat
f49r,G,q'o,unmapped
f49r,G,dor,reflux
f49r,G,daiin,medium
f49r,G,dsho,unmapped
f49r,G,dchor,reflux
f49r,G,dchor,reflux
f49r,G,daiin,medium
f49r,G,dor,reflux
f49r,G,cheoraiin,medium
f49r,G,ksho,unmapped
f49r,G,qodain,heat
f49r,G,chotshy,unmapped
f49r,G,dodar,reflux
f49r,G,chor,reflux
f49r,G,sheor,reflux
f49r,G,chey,unmapped
f49r,G,teey,unmapped
f49r,G,qotan,heat
f49r,G,ol,outlet
f49r,G,or,reflux
f49r,G,shes,unmapped
f49r,G,sheoty,unmapped
f49r,G,choldaiin,medium
f49r,G,qokeor,heat
f49r,G,cheey,unmapped
f49r,G,qokchy,heat
f49r,G,qotody,heat
f49r,G,chot,unmapped
f49r,G,chor,reflux
f49r,G,chy,unmapped
f49r,G,cheet,unmapped
f49r,G,qolsor,heat
f49r,G,oykeeey,unmapped
f49r,G,chey,unmapped
f49r,G,kshey,unmapped
f49r,G,choroiin,unmapped
f49r,G,sho,unmapped
f49r,G,r,unmapped
f49r,G,choiin,unmapped
f49r,G,shor,reflux
f49r,G,shor,reflux
f49r,G,shy,unmapped
f49r,G,chotcheol,outlet
f49r,G,dchol,outlet
f49r,G,podaiin,medium
f49r,G,cheo,unmapped
f49r,G,kcho,unmapped
f49r,G,daiin,medium
f49r,G,chcthy,unmapped
f49r,G,d,unmapped
f49r,G,chol,outlet
f49r,G,y,unmapped
f49r,G,tcheol,outlet
f49r,G,daiin,medium
f49r,G,cthodd,unmapped
f49r,G,q'o,unmapped
f49r,G,shoqoky,unmapped
f49r,G,shor,reflux
f49r,G,sheor,reflux
f49r,G,otol,outlet
f49r,G,daiin,medium
f49r,G,ochol,outlet
f49r,G,chol,outlet
f49r,G,chody,unmapped
f49r,G,dchodaiin,medium
f49r,G,da'iin,unmapped
f49r,G,q'ocho,unmapped
f49r,G,cheey,unmapped
f49r,G,dchey,unmapped
f49r,G,qotchody,heat
f49r,G,olol,outlet
f49r,G,ol,outlet
f49r,G,chey,unmapped
f49r,G,chey,unmapped
f49r,G,kchy,unmapped
f49r,G,qotchol,heat
f49r,G,chosory,unmapped
f49r,G,sheor,reflux
f49r,G,cheol,outlet
f49r,G,od,unmapped
f49r,G,cho,unmapped
f49r,G,dcheeey,unmapped
f49r,G,qot,heat
f49r,G,chotchy,unmapped
f49r,G,dcheo,unmapped
f49r,G,r,unmapped
f49r,G,cheey,unmapped
f49r,G,keolchey,unmapped
f49r,G,chokchol,outlet
f49r,G,chokan,unmapped
f49r,G,qotcho,heat
f49r,G,chods,unmapped
f49r,G,cho,unmapped
f49r,G,chochy,unmapped
f49r,G,chs,unmapped
f49r,G,oriin,unmapped
f49r,G,odcho,unmapped
f49r,G,chor,reflux
f49r,G,ety,unmapped
f49r,G,shol,outlet
f49v,G,f,unmapped
f49v,G,kshor,reflux
f49v,G,shol,outlet
f49v,G,cphokchol,outlet
f49v,G,chy,unmapped
f49v,G,o,unmapped
f49v,G,qokchy,heat
f49v,G,qokchod,heat
f49v,G,sho,unmapped
f49v,G,ckhy,unmapped
f49v,G,r,unmapped
f49v,G,chotchy,unmapped
f49v,G,chcthy,unmapped
f49v,G,cthey,unmapped
f49v,G,koddy,unmapped
f49v,G,y,unmapped
f49v,G,okeodsho,heat
f49v,G,chotshol,outlet
f49v,G,dam,drain
f49v,G,e,unmapped
f49v,G,shol,outlet
f49v,G,shodaiin,medium
f49v,G,qotchar,heat
f49v,G,qotchy,heat
f49v,G,chokchy,unmapped
f49v,G,choky,unmapped
f49v,G,k,unmapped
f49v,G,chotchy,unmapped
f49v,G,chodaiin,medium
f49v,G,dan,unmapped
f49v,G,s,unmapped
f49v,G,qoteees,heat
f49v,G,cheo,unmapped
f49v,G,daiin,medium
f49v,G,dol,outlet
f49v,G,p,unmapped
f49v,G,ochor,reflux
f49v,G,sheeod,unmapped
f49v,G,ksheo,unmapped
f49v,G,dl,unmapped
f49v,G,o,unmapped
f49v,G,q'oksho,unmapped
f49v,G,daiin,medium
f49v,G,shckhy,unmapped
f49v,G,dar,reflux
f49v,G,dchol,outlet
f49v,G,cthol,outlet
f49v,G,daiin,medium
f49v,G,choky,unmapped
f49v,G,y,unmapped
f49v,G,ochokeey,unmapped
f49v,G,ckhey,unmapped
f49v,G,daiin,medium
f49v,G,dain,unmapped
f49v,G,chokag,unmapped
f49v,G,e,unmapped
f49v,G,qokeol,heat
f49v,G,chokeeody,unmapped
f49v,G,otol,outlet
f49v,G,kcho,unmapped
f49v,G,s,unmapped
f49v,G,chol,outlet
f49v,G,daiin,medium
f49v,G,fchochor,reflux
f49v,G,shol,outlet
f49v,G,tchol,outlet
f49v,G,opcheodal,outlet
f49v,G,dchsy,unmapped
f49v,G,chotchy,unmapped
f49v,G,dcho,unmapped
f49v,G,d,unmapped
f49v,G,chol,outlet
f49v,G,chokchodaiin,medium
f49v,G,chokchy,unmapped
f49v,G,tchol,outlet
f49v,G,okchokol,heat
f49v,G,p,unmapped
f49v,G,tchotchey,unmapped
f49v,G,chokeeodol,outlet
f49v,G,rcheey,unmapped
f49v,G,otchodar,reflux
f49v,G,dcho,unmapped
f49v,G,dchog,unmapped
f49v,G,o,unmapped
f49v,G,shocho,unmapped
f49v,G,oaiin,medium
f49v,G,sheo,unmapped
f49v,G,choty,unmapped
f49v,G,qotcho,heat
f49v,G,cheol,outlet
f49v,G,chol,outlet
f49v,G,s,unmapped
f49v,G,cho,unmapped
f49v,G,chcthey,unmapped
f49v,G,dcheol,outlet
f49v,G,chotchody,unmapped
f49v,G,y,unmapped
f49v,G,chokeo,unmapped
f49v,G,sho,unmapped
f49v,G,cheor,reflux
f49v,G,cheokchet,unmapped
f49v,G,chor,reflux
f49v,G,daiin,medium
f49v,G,dy,unmapped
f49v,G,daiin,medium
f49v,G,qokg,heat
f49v,G,e,unmapped
f49v,G,oaiin,medium
f49v,G,chy,unmapped
f49v,G,daiin,medium
f49v,G,chol,outlet
f49v,G,chaiin,medium
f49v,G,kshardy,unmapped
f49v,G,chokchy,unmapped
f49v,G,qokeaiin,heat
f49v,G,cheo,unmapped
f49v,G,chor,reflux
f49v,G,choteey,unmapped
f49v,G,kcheol,outlet
f49v,G,dain,unmapped
f49v,G,cho,unmapped
f49v,G,daisin,unmapped
f49v,G,d,unmapped
f49v,G,chokaiin,medium
f49v,G,cho,unmapped
f49v,G,dls,unmapped
f49v,G,chariin,unmapped
f49v,G,daiin,medium
f49v,G,chain,unmapped
f49v,G,dy,unmapped
f49v,G,chetcho,unmapped
f49v,G,dy,unmapped
f49v,G,y,unmapped
f49v,G,oaiin,medium
f49v,G,cheky,unmapped
f49v,G,cho,unmapped
f49v,G,rchseesy,unmapped
f49v,G,kchor,reflux
f49v,G,sol,outlet
f49v,G,chctho,unmapped
f49v,G,s,unmapped
f49v,G,e,unmapped
f49v,G,qotcheol,heat
f49v,G,chey,unmapped
f49v,G,chor,reflux
f49v,G,chokaly,unmapped
f49v,G,chor,reflux
f49v,G,dal,outlet
f49v,G,chaiin,medium
f49v,G,d,unmapped
f49v,G,k,unmapped
f49v,G,chol,outlet
f49v,G,chor,reflux
f49v,G,ches,unmapped
f49v,G,chkalchy,unmapped
f49v,G,chokeeoky,unmapped
f49v,G,chokoran,unmapped
f49v,G,y,unmapped
f49v,G,ykchokeo,unmapped
f49v,G,r,unmapped
f49v,G,cheey,unmapped
f49v,G,daiin,medium
f50r,G,psheor,reflux
f50r,G,olkair,unmapped
f50r,G,olfchedy,unmapped
f50r,G,qopeeedar,heat
f50r,G,opchey,unmapped
f50r,G,dair,unmapped
f50r,G,o,unmapped
f50r,G,laiin,medium
f50r,G,chefchdy,unmapped
f50r,G,sor,reflux
f50r,G,orsheckhy,unmapped
f50r,G,ockhody,unmapped
f50r,G,shos,unmapped
f50r,G,alol,outlet
f50r,G,dy,unmapped
f50r,G,kar,reflux
f50r,G,oky,heat
f50r,G,daiiin,unmapped
f50r,G,okar,heat
f50r,G,ar,reflux
f50r,G,okam,drain
f50r,G,tshol,outlet
f50r,G,kar,reflux
f50r,G,sheedy,unmapped
f50r,G,okeody,heat
f50r,G,qokedy,heat
f50r,G,chody,unmapped
f50r,G,kchdy,unmapped
f50r,G,pchdy,unmapped
f50r,G,chkaiin,medium
f50r,G,odam,drain
f50r,G,tchdy,unmapped
f50r,G,qokas,heat
f50r,G,chedy,unmapped
f50r,G,qokchdy,heat
f50r,G,qokaiin,heat
f50r,G,or,reflux
f50r,G,ar,reflux
f50r,G,alol,outlet
f50r,G,keodaiin,medium
f50r,G,ols,unmapped
f50r,G,solkchy,unmapped
f50r,G,chckhy,unmapped
f50r,G,qokchdy,heat
f50r,G,qokchdy,heat
f50r,G,okar,heat
f50r,G,ar,reflux
f50r,G,y,unmapped
f50r,G,qokchdy,heat
f50r,G,kar,reflux
f50r,G,ar,reflux
f50r,G,okain,heat
f50r,G,ykain,unmapped
f50r,G,sh:ear,reflux
f50r,G,ol,outlet
f50r,G,kchedy,unmapped
f50r,G,okal,heat
f50r,G,qotor,heat
f50r,G,cheeor,reflux
f50r,G,olkeedy,unmapped
f50r,G,daiin,medium
f50r,G,qoky,heat
f50r,G,todalain,unmapped
f50r,G,qotal,heat
f50r,G,kaiin,medium
f50r,G,otaiin,medium
f50r,G,otal,outlet
f50r,G,she,unmapped
f50r,G,kar,reflux
f50r,G,ariin,unmapped
f50r,G,okchedy,heat
f50r,G,dariin,unmapped
f50r,G,yk,unmapped
f50r,G,ykaiin,medium
f50r,G,sheekar,reflux
f50r,G,otchdy,unmapped
f50r,G,dar,reflux
f50r,G,kar,reflux
f50r,G,shedain,retain
f50r,G,taipar,reflux
f50r,G,orolkain,unmapped
f50r,G,ytchdy,unmapped
f50r,G,kchedy,unmapped
f50r,G,ykeey,unmapped
f50r,G,kaiin,medium
f50r,G,qokain,heat
f50r,G,ald,unmapped
f50r,G,alosam,drain
f50r,G,solkaiin,medium
f50r,G,opalke,unmapped
f50r,G,chckhy,unmapped
f50r,G,darin,unmapped
f50r,G,chky,unmapped
f50v,G,tchy,unmapped
f50v,G,do,unmapped
f50v,G,ldar,reflux
f50v,G,shotchdy,unmapped
f50v,G,qokchdy,heat
f50v,G,opchedy,unmapped
f50v,G,qokol,heat
f50v,G,shor,reflux
f50v,G,ofar,reflux
f50v,G,fardam,drain
f50v,G,tchodain,unmapped
f50v,G,oeeey,unmapped
f50v,G,okaiin,heat
f50v,G,shedy,retain
f50v,G,qokaly,heat
f50v,G,chdy,unmapped
f50v,G,oky,heat
f50v,G,keody,unmapped
f50v,G,cheey,unmapped
f50v,G,okain,heat
f50v,G,pochedy,unmapped
f50v,G,qokody,heat
f50v,G,checkhy,unmapped
f50v,G,shckhy,unmapped
f50v,G,dalol,outlet
f50v,G,ykeeey,unmapped
f50v,G,qokedy,heat
f50v,G,okain,heat
f50v,G,okal,heat
f50v,G,dar,reflux
f50v,G,qoain,heat
f50v,G,olaiin,medium
f50v,G,ols,unmapped
f50v,G,aiin,medium
f50v,G,o,unmapped
f50v,G,l,unmapped
f50v,G,okeedy,heat
f50v,G,okchdy,heat
f50v,G,otar,reflux
f50v,G,chckhey,unmapped
f50v,G,or,reflux
f50v,G,y,unmapped
f50v,G,chy,unmapped
f50v,G,tair,unmapped
f50v,G,chckhy,unmapped
f50v,G,qekaiin,medium
f50v,G,qodaiin,heat
f50v,G,olcheky,unmapped
f50v,G,chedy,unmapped
f50v,G,chkedy,unmapped
f50v,G,okedyd,heat
f50v,G,daiin,medium
f50v,G,kedair,unmapped
f50v,G,okal,heat
f50v,G,chody,unmapped
f50v,G,qokedy,heat
f50v,G,okar,heat
f50v,G,okchey,heat
f50v,G,okedy,heat
f50v,G,otar,reflux
f50v,G,chkeey,unmapped
f50v,G,tedaiin,medium
f50v,G,odaiin,medium
f50v,G,or,reflux
f50v,G,okaiin,heat
f50v,G,ykor,reflux
f50v,G,daiin,medium
f50v,G,choky,unmapped
f50v,G,qotchdy,heat
f50v,G,k:ey,unmapped
f50v,G,dairam,drain
f50v,G,ykar,reflux
f50v,G,okair,heat
f50v,G,otor,reflux
f50v,G,qokedy,heat
f50v,G,ykchol,outlet
f50v,G,kar,reflux
f50v,G,chckhy,unmapped
f50v,G,olkaiin,medium
f50v,G,okain,heat
f50v,G,qo'd,heat
f50v,G,ytsheod,unmapped
f50v,G,ain,unmapped
f50v,G,sheshy,unmapped
f50v,G,echedy,unmapped
f50v,G,kchdy,unmapped
f50v,G,otaiin,medium
f50v,G,okaiin,heat
f50v,G,oky,heat
f50v,G,dchedy,unmapped
f50v,G,okaiin,heat
f50v,G,olchdy,unmapped
f50v,G,oloeedy,unmapped
f50v,G,ykeeod,unmapped
f50v,G,ar,reflux
f50v,G,arood,unmapped
f50v,G,lchey,unmapped
f50v,G,kar,reflux
f50v,G,ykchy,unmapped
f50v,G,kchdy,unmapped
f51r,G,tsholdchy,unmapped
f51r,G,qotchy,heat
f51r,G,opchear,reflux
f51r,G,ypchedy,unmapped
f51r,G,dcheodaiin,medium
f51r,G,ckheody,unmapped
f51r,G,ckhody,unmapped
f51r,G,chody,unmapped
f51r,G,ydchody,unmapped
f51r,G,ckhey,unmapped
f51r,G,oty,unmapped
f51r,G,ckheodar,reflux
f51r,G,qoky,heat
f51r,G,daiin,medium
f51r,G,es,unmapped
f51r,G,okol,heat
f51r,G,cheody,unmapped
f51r,G,ckhy,unmapped
f51r,G,cheeey,unmapped
f51r,G,tcheody,unmapped
f51r,G,qodaiin,heat
f51r,G,okeey,heat
f51r,G,qockhey,heat
f51r,G,taiin,medium
f51r,G,ycho,unmapped
f51r,G,daiin,medium
f51r,G,chokaiin,medium
f51r,G,ykchodaiin,medium
f51r,G,ykald,unmapped
f51r,G,ychos,unmapped
f51r,G,ar,reflux
f51r,G,eeckhy,unmapped
f51r,G,kcho,unmapped
f51r,G,qokchy,heat
f51r,G,qotal,heat
f51r,G,oshol,outlet
f51r,G,odaiin,medium
f51r,G,ckhe:y,unmapped
f51r,G,ckheody,unmapped
f51r,G,qokey,heat
f51r,G,otydy,unmapped
f51r,G,tol,outlet
f51r,G,daiin,medium
f51r,G,daim,unmapped
f51r,G,qchodal,outlet
f51r,G,dal,outlet
f51r,G,qody,heat
f51r,G,qoetam,drain
f51r,G,ykchol,outlet
f51r,G,dor,reflux
f51r,G,shey,unmapped
f51r,G,qokeol,heat
f51r,G,kchey,unmapped
f51r,G,shol,outlet
f51r,G,okam,drain
f51r,G,tchodaiin,medium
f51r,G,:cpheody,unmapped
f51r,G,qokol,heat
f51r,G,oteodaiin,medium
f51r,G,kol,outlet
f51r,G,otag,unmapped
f51r,G,yoees,unmapped
f51r,G,ckheey,unmapped
f51r,G,kol,outlet
f51r,G,cheeal,outlet
f51r,G,okeor,heat
f51r,G,qockhey,heat
f51r,G,pchodal,outlet
f51r,G,oaiin,medium
f51r,G,ckhol,outlet
f51r,G,ykieol,outlet
f51r,G,otchey,unmapped
f51r,G,cpheo,unmapped
f51r,G,daiin,medium
f51r,G,ykeoldy,unmapped
f51r,G,daiiy,unmapped
f51r,G,qodaiin,heat
f51r,G,kaiiidal,outlet
f51r,G,cphodal,outlet
f51r,G,s,unmapped
f51r,G,al,outlet
f51r,G,dam,drain
f51r,G,qokol,heat
f51r,G,cheor,reflux
f51r,G,ckhal,outlet
f51r,G,s,unmapped
f51r,G,or,reflux
f51r,G,aldy,unmapped
f51r,G,otal,outlet
f51v,G,poshody,unmapped
f51v,G,qokodar,heat
f51v,G,shodaiin,medium
f51v,G,qotal,heat
f51v,G,dscheey,unmapped
f51v,G,saiin,medium
f51v,G,dy,unmapped
f51v,G,dshody,unmapped
f51v,G,ckhody,unmapped
f51v,G,qokol,heat
f51v,G,dykaiin,medium
f51v,G,chy,unmapped
f51v,G,qokey,heat
f51v,G,daiin,medium
f51v,G,cthy,unmapped
f51v,G,tchody,unmapped
f51v,G,cthy,unmapped
f51v,G,chckhey,unmapped
f51v,G,qod,heat
f51v,G,ytchody,unmapped
f51v,G,dchol,outlet
f51v,G,saiin,medium
f51v,G,ytam,drain
f51v,G,otaiin,medium
f51v,G,qodal,heat
f51v,G,ytol,outlet
f51v,G,cheodar,reflux
f51v,G,s,unmapped
f51v,G,ody,unmapped
f51v,G,oteo,unmapped
f51v,G,daiin,medium
f51v,G,shokog,unmapped
f51v,G,todaiin,medium
f51v,G,ytady,unmapped
f51v,G,qokol,heat
f51v,G,shodol,outlet
f51v,G,qockhy,heat
f51v,G,ykol,outlet
f51v,G,otaiin,medium
f51v,G,dar,reflux
f51v,G,y,unmapped
f51v,G,okor,heat
f51v,G,ctheody,unmapped
f51v,G,qocphy,heat
f51v,G,qokal,heat
f51v,G,qotaiin,heat
f51v,G,otykol,outlet
f51v,G,chol,outlet
f51v,G,daiin,medium
f51v,G,qotol,heat
f51v,G,chodaiin,medium
f51v,G,qokcheody,heat
f51v,G,cho,unmapped
f51v,G,r,unmapped
f51v,G,chod,unmapped
f51v,G,ycthol,outlet
f51v,G,s,unmapped
f51v,G,olcheety,unmapped
f51v,G,olkeeody,unmapped
f51v,G,qokal,heat
f51v,G,qodaiin,heat
f51v,G,or,reflux
f51v,G,::l,unmapped
f51v,G,daiin,medium
f51v,G,ckhol,outlet
f51v,G,shain,unmapped
f51v,G,kcholol,outlet
f51v,G,ykeol,outlet
f51v,G,sheo,unmapped
f51v,G,qokody,heat
f51v,G,fold,unmapped
f51v,G,ycheoky,unmapped
f51v,G,sheey,unmapped
f51v,G,ykeey,unmapped
f51v,G,chey,unmapped
f51v,G,ochockhy,unmapped
f51v,G,daiin,medium
f51v,G,cho,unmapped
f51v,G,ckhey,unmapped
f51v,G,daiin,medium
f51v,G,cheol,outlet
f51v,G,cheodain,unmapped
f52r,G,tdokchcfhy,unmapped
f52r,G,ycphko,unmapped
f52r,G,ytair,unmapped
f52r,G,shar,reflux
f52r,G,qofy,heat
f52r,G,daiin,medium
f52r,G,ypchy,unmapped
f52r,G,otchol,outlet
f52r,G,dar,reflux
f52r,G,yty,unmapped
f52r,G,oty,unmapped
f52r,G,shor,reflux
f52r,G,ykoldy,unmapped
f52r,G,qoky,heat
f52r,G,koldal,outlet
f52r,G,oteees,unmapped
f52r,G,dals,unmapped
f52r,G,otar,reflux
f52r,G,dl,unmapped
f52r,G,tchotshey,unmapped
f52r,G,qoty,heat
f52r,G,okchol,heat
f52r,G,tchody,unmapped
f52r,G,qotam,drain
f52r,G,oky,heat
f52r,G,ytoldy,unmapped
f52r,G,l,unmapped
f52r,G,shopchy,unmapped
f52r,G,qoky,heat
f52r,G,qotchy,heat
f52r,G,oty,unmapped
f52r,G,dar,reflux
f52r,G,oty,unmapped
f52r,G,dam,drain
f52r,G,ychcthod,unmapped
f52r,G,oky,heat
f52r,G,chor,reflux
f52r,G,okchal,heat
f52r,G,okchar,heat
f52r,G,shor,reflux
f52r,G,tol,outlet
f52r,G,ykair,unmapped
f52r,G,ytchdam,drain
f52r,G,daiin,medium
f52r,G,shedaiin,retain
f52r,G,qodal,heat
f52r,G,dy,unmapped
f52r,G,chokam,drain
f52r,G,otchordy,unmapped
f52r,G,okchol,heat
f52r,G,do,unmapped
f52r,G,qok:y,heat
f52r,G,qockhom,heat
f52r,G,dals,unmapped
f52r,G,shodaim,unmapped
f52r,G,tcham,drain
f52r,G,dody,unmapped
f52r,G,ykeey,unmapped
f52r,G,daig,unmapped
f52r,G,am,drain
f52r,G,or,reflux
f52r,G,cheey,unmapped
f52r,G,dor,reflux
f52r,G,shey,unmapped
f52r,G,kom,unmapped
f52r,G,s,unmapped
f52r,G,cheey,unmapped
f52r,G,dchom,unmapped
f52r,G,daiin,medium
f52v,G,pchor,reflux
f52v,G,chcphol,outlet
f52v,G,cphaiiin,unmapped
f52v,G,otcheor,reflux
f52v,G,ytor,reflux
f52v,G,kol,outlet
f52v,G,chocphar,reflux
f52v,G,ytchey,unmapped
f52v,G,chol,outlet
f52v,G,ctho,unmapped
f52v,G,daiir,unmapped
f52v,G,shy,unmapped
f52v,G,kor,reflux
f52v,G,ese,unmapped
f52v,G,chor,reflux
f52v,G,chy,unmapped
f52v,G,dam,drain
f52v,G,oor,reflux
f52v,G,chor,reflux
f52v,G,chochar,reflux
f52v,G,ls,unmapped
f52v,G,chteeor,reflux
f52v,G,ytol,outlet
f52v,G,sheol,outlet
f52v,G,otam,drain
f52v,G,tchor,reflux
f52v,G,ctheor,reflux
f52v,G,ctheol,outlet
f52v,G,cheeor,reflux
f52v,G,cheol,outlet
f52v,G,chckheey,unmapped
f52v,G,sody,unmapped
f52v,G,yteey,unmapped
f52v,G,cthor,reflux
f52v,G,cheos,unmapped
f52v,G,cpheodar,reflux
f52v,G,dy,unmapped
f52v,G,sarg,unmapped
f52v,G,qotodaiin,heat
f52v,G,cthor,reflux
f52v,G,oty,unmapped
f52v,G,kcholy,unmapped
f52v,G,pcheol,outlet
f52v,G,sholoiin,unmapped
f52v,G,cthor,reflux
f52v,G,aiin,medium
f52v,G,kodaiin,medium
f52v,G,cthy,unmapped
f52v,G,qokeey,heat
f52v,G,s,unmapped
f52v,G,ol,outlet
f52v,G,daiin,medium
f52v,G,ckheol,outlet
f52v,G,chol,outlet
f52v,G,qokeyl,heat
f52v,G,daiin,medium
f52v,G,yokeey,unmapped
f52v,G,qokody,heat
f52v,G,chol,outlet
f52v,G,sol,outlet
f52v,G,s,unmapped
f52v,G,aiin,medium
f52v,G,daiin,medium
f52v,G,shor,reflux
f52v,G,qodaiin,heat
f52v,G,ckhey,unmapped
f52v,G,sal,outlet
f52v,G,qoekar,heat
f52v,G,ckhol,outlet
f52v,G,ykchody,unmapped
f52v,G,ckhy,unmapped
f52v,G,ykor,reflux
f52v,G,okaiiin,heat
f52v,G,ckheeey,unmapped
f52v,G,daiig,unmapped
f52v,G,odar,reflux
f52v,G,cheokor,reflux
f52v,G,ckheey,unmapped
f53r,G,kodam,drain
f53r,G,chocthody,unmapped
f53r,G,oty,unmapped
f53r,G,dol,outlet
f53r,G,dain,unmapped
f53r,G,s,unmapped
f53r,G,cho,unmapped
f53r,G,she,unmapped
f53r,G,oty,unmapped
f53r,G,sho,unmapped
f53r,G,as,unmapped
f53r,G,chokan,unmapped
f53r,G,ody,unmapped
f53r,G,ytchodaiin,medium
f53r,G,yky,unmapped
f53r,G,otchey,unmapped
f53r,G,otod,unmapped
f53r,G,oksh,heat
f53r,G,otol,outlet
f53r,G,cfhy,unmapped
f53r,G,cphodol,outlet
f53r,G,ykody,unmapped
f53r,G,qokchod,heat
f53r,G,otcho,unmapped
f53r,G,qot,heat
f53r,G,oty,unmapped
f53r,G,ykeodar,reflux
f53r,G,oqoor,reflux
f53r,G,o,unmapped
f53r,G,odor,reflux
f53r,G,chain,unmapped
f53r,G,qokod,heat
f53r,G,ykchdy,unmapped
f53r,G,chees,unmapped
f53r,G,dal,outlet
f53r,G,sodar,reflux
f53r,G,otos,unmapped
f53r,G,qoy,heat
f53r,G,tchy,unmapped
f53r,G,otey,unmapped
f53r,G,chos,unmapped
f53r,G,okod,heat
f53r,G,ykchody,unmapped
f53r,G,qokchy,heat
f53r,G,qotchol,heat
f53r,G,dar,reflux
f53r,G,qoty,heat
f53r,G,chtor,reflux
f53r,G,oltsho,unmapped
f53r,G,ykeeod,unmapped
f53r,G,o,unmapped
f53r,G,y,unmapped
f53r,G,toyd,unmapped
f53r,G,otol,outlet
f53r,G,chol,outlet
f53r,G,ctheees,unmapped
f53r,G,os,unmapped
f53r,G,orol,outlet
f53r,G,chod,unmapped
f53r,G,qoty,heat
f53v,G,tshor,reflux
f53v,G,shey,unmapped
f53v,G,qodckhy,heat
f53v,G,eo,unmapped
f53v,G,oltshey,unmapped
f53v,G,daiin,medium
f53v,G,qopchy,heat
f53v,G,okeey,heat
f53v,G,daiin,medium
f53v,G,sheekol,outlet
f53v,G,shom,unmapped
f53v,G,shol,outlet
f53v,G,cthy,unmapped
f53v,G,dchom,unmapped
f53v,G,do,unmapped
f53v,G,ydaiin,medium
f53v,G,cphom,unmapped
f53v,G,chol,outlet
f53v,G,dockhy,unmapped
f53v,G,cthol,outlet
f53v,G,dam,drain
f53v,G,oty,unmapped
f53v,G,qokol,heat
f53v,G,daiiin,unmapped
f53v,G,qockhor,heat
f53v,G,okchor,heat
f53v,G,daiio,unmapped
f53v,G,dain,unmapped
f53v,G,d,unmapped
f53v,G,ysheey,unmapped
f53v,G,ckhol,outlet
f53v,G,chckhey,unmapped
f53v,G,daiin,medium
f53v,G,ctheody,unmapped
f53v,G,ydy,unmapped
f53v,G,ochoiky,unmapped
f53v,G,dshey,unmapped
f53v,G,chol,outlet
f53v,G,ykcheody,unmapped
f53v,G,choldam,drain
f53v,G,todaiin,medium
f53v,G,shodaiin,medium
f53v,G,qotea,heat
f53v,G,dchy,unmapped
f53v,G,qotod,heat
f53v,G,odaiin,medium
f53v,G,sheey,unmapped
f53v,G,kshody,unmapped
f53v,G,tsheody,unmapped
f53v,G,sheody,unmapped
f53v,G,sheetchy,unmapped
f53v,G,opod,unmapped
f53v,G,octheody,unmapped
f53v,G,shody,unmapped
f53v,G,qodal,heat
f53v,G,cthody,unmapped
f53v,G,sheos,unmapped
f53v,G,shodaiin,medium
f53v,G,ychocthy,unmapped
f53v,G,qodal,heat
f53v,G,shodaiin,medium
f53v,G,otsho,unmapped
f53v,G,or,reflux
f53v,G,chear,reflux
f53v,G,sheod,unmapped
f53v,G,chkodal,outlet
f53v,G,ycheey,unmapped
f53v,G,kchy,unmapped
f53v,G,oky,heat
f53v,G,kody,unmapped
f53v,G,ydam,drain
f53v,G,yckhodaiin,medium
f53v,G,otoldy,unmapped
f54r,G,podaiin,medium
f54r,G,shodal,outlet
f54r,G,qopchol,heat
f54r,G,cfheody,unmapped
f54r,G,opcheol,outlet
f54r,G,chocphy,unmapped
f54r,G,ytodaiin,medium
f54r,G,otchey,unmapped
f54r,G,otchey,unmapped
f54r,G,qockhodal,heat
f54r,G,sockhody,unmapped
f54r,G,sar,reflux
f54r,G,daiir,unmapped
f54r,G,cthody,unmapped
f54r,G,otal,outlet
f54r,G,ekchody,unmapped
f54r,G,ol,outlet
f54r,G,s,unmapped
f54r,G,or,reflux
f54r,G,y,unmapped
f54r,G,ytchey,unmapped
f54r,G,dam,drain
f54r,G,tor,reflux
f54r,G,ockhol,outlet
f54r,G,shokchy,unmapped
f54r,G,kol,outlet
f54r,G,chom,unmapped
f54r,G,s,unmapped
f54r,G,chey,unmapped
f54r,G,ctheotol,outlet
f54r,G,sar,reflux
f54r,G,sh,unmapped
f54r,G,okeodain,heat
f54r,G,chokey,unmapped
f54r,G,korare,unmapped
f54r,G,ckhos,unmapped
f54r,G,shofom,unmapped
f54r,G,cher,unmapped
f54r,G,chom,unmapped
f54r,G,kcheor,reflux
f54r,G,she,unmapped
f54r,G,qkchol,outlet
f54r,G,dam,drain
f54r,G,dor,reflux
f54r,G,s,unmapped
f54r,G,sheey,unmapped
f54r,G,ksheody,unmapped
f54r,G,sho,unmapped
f54r,G,or,reflux
f54r,G,cheey,unmapped
f54r,G,chety,unmapped
f54r,G,sol,outlet
f54r,G,desh,unmapped
f54r,G,dam,drain
f54r,G,dam,drain
f54r,G,toshey,unmapped
f54r,G,kodl,unmapped
f54r,G,ckho,unmapped
f54r,G,dar,reflux
f54r,G,sheekal,outlet
f54r,G,s,unmapped
f54r,G,aiin,medium
f54r,G,okeam,drain
f54r,G,etchal,outlet
f54r,G,oaiin,medium
f54r,G,or,reflux
f54r,G,ol,outlet
f54r,G,sal,outlet
f54r,G,qokor,heat
f54r,G,chor,reflux
f54r,G,ckhol,outlet
f54r,G,s,unmapped
f54r,G,s,unmapped
f54r,G,sho,unmapped
f54r,G,chol,outlet
f54r,G,daiin,medium
f54r,G,tor,reflux
f54r,G,ol,outlet
f54r,G,dol,outlet
f54r,G,or,reflux
f54r,G,chol,outlet
f54r,G,chol,outlet
f54r,G,ckhol,outlet
f54r,G,okol,heat
f54r,G,oky,heat
f54r,G,ytchor,reflux
f54r,G,ol,outlet
f54r,G,koldy,unmapped
f54r,G,daiin,medium
f54r,G,okor,heat
f54r,G,or,reflux
f54r,G,ol,outlet
f54r,G,ckhol,outlet
f54r,G,chor,reflux
f54r,G,cho,unmapped
f54r,G,dam,drain
f54r,G,or,reflux
f54r,G,sho,unmapped
f54r,G,chol,outlet
f54r,G,dom,unmapped
f54r,G,yor,reflux
f54r,G,shodal,outlet
f54r,G,o,unmapped
f54r,G,aiin,medium
f54r,G,al,outlet
f54r,G,dol,outlet
f54r,G,choek,unmapped
f54r,G,air,unmapped
f54r,G,o,unmapped
f54r,G,ldam,drain
f54v,G,pcheodar,reflux
f54v,G,chpal,outlet
f54v,G,oloiin,unmapped
f54v,G,ckhey,unmapped
f54v,G,dar,reflux
f54v,G,qokeey,heat
f54v,G,cpheeain,unmapped
f54v,G,s,unmapped
f54v,G,al,outlet
f54v,G,dcheain,unmapped
f54v,G,cphaiin,medium
f54v,G,s,unmapped
f54v,G,ar,reflux
f54v,G,cheor,reflux
f54v,G,qodaiin,heat
f54v,G,cthaildy,unmapped
f54v,G,ypchal,outlet
f54v,G,yair,unmapped
f54v,G,ykar,reflux
f54v,G,oky,heat
f54v,G,cham,drain
f54v,G,chody,unmapped
f54v,G,ykoldam,drain
f54v,G,cheol,outlet
f54v,G,am,drain
f54v,G,dar,reflux
f54v,G,chor,reflux
f54v,G,cheky,unmapped
f54v,G,chol,outlet
f54v,G,okaiin,heat
f54v,G,chody,unmapped
f54v,G,chol,outlet
f54v,G,dy,unmapped
f54v,G,odaiin,medium
f54v,G,ytaiin,medium
f54v,G,qodaim,heat
f54v,G,qokar,heat
f54v,G,chy,unmapped
f54v,G,s,unmapped
f54v,G,am,drain
f54v,G,tol,outlet
f54v,G,cheol,outlet
f54v,G,shocthy,unmapped
f54v,G,qodaiin,heat
f54v,G,keeody,unmapped
f54v,G,daiin,medium
f54v,G,sheody,unmapped
f54v,G,qoctheol,heat
f54v,G,s,unmapped
f54v,G,aiin,medium
f54v,G,qotchy,heat
f54v,G,daiino,unmapped
f54v,G,d,unmapped
f54v,G,aim,unmapped
f54v,G,qokaiin,heat
f54v,G,yteal,outlet
f54v,G,okal,heat
f54v,G,om,unmapped
f54v,G,ydaiin,medium
f54v,G,qockhey,heat
f54v,G,qodal,heat
f54v,G,ytam,drain
f54v,G,okal,heat
f54v,G,dy,unmapped
f54v,G,kol,outlet
f54v,G,aiin,medium
f54v,G,chckhy,unmapped
f54v,G,qokal,heat
f54v,G,dal,outlet
f54v,G,qocthy,heat
f54v,G,oaiin,medium
f54v,G,qockhy,heat
f54v,G,qokam,drain
f54v,G,tol,outlet
f54v,G,chol,outlet
f54v,G,cthol,outlet
f54v,G,s,unmapped
f54v,G,y,unmapped
f54v,G,chol,outlet
f54v,G,okal,heat
f54v,G,yckhey,unmapped
f54v,G,tar,reflux
f54v,G,cphey,unmapped
f54v,G,tam,drain
f54v,G,aldam,drain
f54v,G,or,reflux
f54v,G,alchy,unmapped
f54v,G,ytal,outlet
f54v,G,dol,outlet
f54v,G,chodoldy,unmapped
f54v,G,daiin,medium
f54v,G,chol,outlet
f54v,G,oldaiin,medium
f55r,G,podaiin,medium
f55r,G,shekchy,unmapped
f55r,G,qofair,heat
f55r,G,okar,heat
f55r,G,yk,unmapped
f55r,G,:chepaiin,medium
f55r,G,qokchdy,heat
f55r,G,os,unmapped
f55r,G,arod,unmapped
f55r,G,okair,heat
f55r,G,or,reflux
f55r,G,aiin,medium
f55r,G,chody,unmapped
f55r,G,ykair,unmapped
f55r,G,y,unmapped
f55r,G,qokar,heat
f55r,G,okar,heat
f55r,G,ol,outlet
f55r,G,ykar,reflux
f55r,G,ar,reflux
f55r,G,al,outlet
f55r,G,ykaiir,unmapped
f55r,G,chol,outlet
f55r,G,chky,unmapped
f55r,G,okar,heat
f55r,G,chky,unmapped
f55r,G,chdy,unmapped
f55r,G,qokar,heat
f55r,G,okaiin,heat
f55r,G,chckhy,unmapped
f55r,G,s,unmapped
f55r,G,aiin,medium
f55r,G,daiin,medium
f55r,G,or,reflux
f55r,G,orol,outlet
f55r,G,char,reflux
f55r,G,ar,reflux
f55r,G,kaiin,medium
f55r,G,okchd,heat
f55r,G,ykar,reflux
f55r,G,odaiin,medium
f55r,G,chdolaiin,medium
f55r,G,y,unmapped
f55r,G,or,reflux
f55r,G,aiin,medium
f55r,G,okal,heat
f55r,G,chol,outlet
f55r,G,kchoy,unmapped
f55r,G,pchtchdy,unmapped
f55r,G,o:ekaiin,medium
f55r,G,okasor,heat
f55r,G,olkam,drain
f55r,G,tcho,unmapped
f55r,G,daiin,medium
f55r,G,sho,unmapped
f55r,G,key,unmapped
f55r,G,kedy,unmapped
f55r,G,okol,heat
f55r,G,chdy,unmapped
f55r,G,tchedar,reflux
f55r,G,cheol,outlet
f55r,G,kedy,unmapped
f55r,G,chody,unmapped
f55r,G,kshdy,unmapped
f55r,G,qotchdy,heat
f55r,G,qokchdy,heat
f55r,G,olkardam,drain
f55r,G,dchykey,unmapped
f55r,G,char,reflux
f55r,G,chek,unmapped
f55r,G,xar,reflux
f55r,G,odas,unmapped
f55r,G,xaloeees,unmapped
f55r,G,cpheody,unmapped
f55r,G,qokeeody,heat
f55r,G,dain,unmapped
f55r,G,cheky,unmapped
f55r,G,dar,reflux
f55r,G,chckhy,unmapped
f55r,G,dal,outlet
f55r,G,qoko,heat
f55r,G,lkeedy,unmapped
f55r,G,dar,reflux
f55r,G,kaiin,medium
f55r,G,dy,unmapped
f55r,G,kag,unmapped
f55r,G,dair,unmapped
f55r,G,okal,heat
f55r,G,qokar,heat
f55r,G,or,reflux
f55r,G,or,reflux
f55r,G,o,unmapped
f55r,G,ar,reflux
f55r,G,odaiin,medium
f55r,G,okeey,heat
f55r,G,darchd,unmapped
f55r,G,ol,outlet
f55r,G,l:chor,reflux
f55r,G,chey,unmapped
f55r,G,keedy,unmapped
f55r,G,dy,unmapped
f55r,G,qokal,heat
f55r,G,okam,drain
f55r,G,dal,outlet
f55r,G,shdy,unmapped
f55r,G,otal,outlet
f55r,G,otaldiin,unmapped
f55r,G,oain,unmapped
f55r,G,ckhy,unmapped
f55r,G,dl,unmapped
f55r,G,oiiin,unmapped
f55r,G,daiin,medium
f55r,G,okaiin,heat
f55r,G,chelal,outlet
f55r,G,qokaiin,heat
f55r,G,okain,heat
f55r,G,r,unmapped
f55r,G,lchdal,outlet
f55r,G,ockhy,unmapped
f55r,G,daiin,medium
f55r,G,otol,outlet
f55r,G,otar,reflux
f55r,G,shar,reflux
f55r,G,ain,unmapped
f55v,G,kcheedchdy,unmapped
f55v,G,oedain,unmapped
f55v,G,chckhy,unmapped
f55v,G,otoldaiin,medium
f55v,G,dodyd,unmapped
f55v,G,oeeed,unmapped
f55v,G,yteey,unmapped
f55v,G,okeedy,heat
f55v,G,qoaiin,heat
f55v,G,okeody,heat
f55v,G,ykeesan,unmapped
f55v,G,qokeeey,heat
f55v,G,os,unmapped
f55v,G,ain,unmapped
f55v,G,qool,heat
f55v,G,al,outlet
f55v,G,chedy,unmapped
f55v,G,sar,reflux
f55v,G,aiin,medium
f55v,G,ol,outlet
f55v,G,kar,reflux
f55v,G,am,drain
f55v,G,okar,heat
f55v,G,chckhdy,unmapped
f55v,G,cheody,unmapped
f55v,G,keeyfar,reflux
f55v,G,al,outlet
f55v,G,ochedy,unmapped
f55v,G,qokain,heat
f55v,G,ody,unmapped
f55v,G,qokaiin,heat
f55v,G,chaiin,medium
f55v,G,ykain,unmapped
f55v,G,ykan,unmapped
f55v,G,ody,unmapped
f55v,G,daiin,medium
f55v,G,chedy,unmapped
f55v,G,talam,drain
f55v,G,ykaiin,medium
f55v,G,daiin,medium
f55v,G,ykair,unmapped
f55v,G,cheky,unmapped
f55v,G,daiiny,unmapped
f55v,G,okchd,heat
f55v,G,ykain,unmapped
f55v,G,sheokey,unmapped
f55v,G,or,reflux
f55v,G,ain,unmapped
f55v,G,ch,unmapped
f55v,G,kchdy,unmapped
f55v,G,pchal,outlet
f55v,G,ar,reflux
f55v,G,aldy,unmapped
f55v,G,dary,unmapped
f55v,G,tar,reflux
f55v,G,chedy,unmapped
f55v,G,qokaiin,heat
f55v,G,okar,heat
f55v,G,qol,heat
f55v,G,otar,reflux
f55v,G,choar,reflux
f55v,G,talody,unmapped
f55v,G,okar,heat
f55v,G,y,unmapped
f55v,G,ykaky,unmapped
f55v,G,qokchy,heat
f55v,G,okal,heat
f55v,G,chey,unmapped
f55v,G,or,reflux
f55v,G,or,reflux
f55v,G,aiin,medium
f55v,G,okaiin,heat
f55v,G,ykain,unmapped
f55v,G,otaky,unmapped
f55v,G,oaiin,medium
f55v,G,ol,outlet
f55v,G,s,unmapped
f55v,G,aiin,medium
f55v,G,okaiin,heat
f55v,G,oky,heat
f55v,G,ytaiin,medium
f55v,G,otar,reflux
f55v,G,y,unmapped
f55v,G,kal,outlet
f55v,G,ykar,reflux
f55v,G,ol,outlet
f55v,G,ykaiin,medium
f55v,G,cheoar,reflux
f55v,G,cheeky,unmapped
f55v,G,oldy,unmapped
f55v,G,aiin,medium
f55v,G,okal,heat
f55v,G,oltchy,unmapped
f55v,G,or,reflux
f55v,G,y,unmapped
f55v,G,orain,unmapped
f55v,G,daiin,medium
f55v,G,ar,reflux
f55v,G,cheky,unmapped
f55v,G,olkeechy,unmapped
f55v,G,sl,unmapped
f55v,G,ar,reflux
f55v,G,aiin,medium
f55v,G,daiin,medium
f55v,G,otam,drain
f56r,G,ochal,outlet
f56r,G,chchsy,unmapped
f56r,G,oty,unmapped
f56r,G,esedy,unmapped
f56r,G,chy,unmapped
f56r,G,ychocphy,unmapped
f56r,G,chorchy,unmapped
f56r,G,chy,unmapped
f56r,G,chokchey,unmapped
f56r,G,chol,outlet
f56r,G,choly,unmapped
f56r,G,korchy,unmapped
f56r,G,chykey,unmapped
f56r,G,choty,unmapped
f56r,G,shokaiin,medium
f56r,G,olchey,unmapped
f56r,G,chokchol,outlet
f56r,G,chey,unmapped
f56r,G,keey,unmapped
f56r,G,qokeey,heat
f56r,G,chokeey,unmapped
f56r,G,choksy,unmapped
f56r,G,qot,heat
f56r,G,chor,reflux
f56r,G,chor,reflux
f56r,G,chokor,reflux
f56r,G,chkor,reflux
f56r,G,chy,unmapped
f56r,G,okar,heat
f56r,G,chdy,unmapped
f56r,G,chochor,reflux
f56r,G,cho,unmapped
f56r,G,chodaly,unmapped
f56r,G,daiin,medium
f56r,G,ykcho,unmapped
f56r,G,dy,unmapped
f56r,G,dchey,unmapped
f56r,G,keey,unmapped
f56r,G,daiin,medium
f56r,G,y,unmapped
f56r,G,sho,unmapped
f56r,G,kchol,outlet
f56r,G,otchor,reflux
f56r,G,choky,unmapped
f56r,G,dal,outlet
f56r,G,schol,outlet
f56r,G,choy,unmapped
f56r,G,choky,unmapped
f56r,G,cheeckhody,unmapped
f56r,G,tchoky,unmapped
f56r,G,kchol,outlet
f56r,G,shol,outlet
f56r,G,chotchey,unmapped
f56r,G,tchol,outlet
f56r,G,yt,unmapped
f56r,G,chor,reflux
f56r,G,otchy,unmapped
f56r,G,chok,unmapped
f56r,G,y,unmapped
f56r,G,t,unmapped
f56r,G,chey,unmapped
f56r,G,r,unmapped
f56r,G,okaiin,heat
f56r,G,shy,unmapped
f56r,G,kcheey,unmapped
f56r,G,daiin,medium
f56r,G,cthol,outlet
f56r,G,chos,unmapped
f56r,G,chokor,reflux
f56r,G,sh,unmapped
f56r,G,cho,unmapped
f56r,G,kchey,unmapped
f56r,G,qokokchy,heat
f56r,G,okchy,heat
f56r,G,chokcheo,unmapped
f56r,G,kchal,outlet
f56r,G,s,unmapped
f56r,G,chol,outlet
f56r,G,chotol,outlet
f56r,G,qotchy,heat
f56r,G,tcho,unmapped
f56r,G,tchol,outlet
f56r,G,chol,outlet
f56r,G,cthy,unmapped
f56r,G,qotchy,heat
f56r,G,chody,unmapped
f56r,G,ctho,unmapped
f56r,G,r,unmapped
f56r,G,chey,unmapped
f56r,G,kcharg,unmapped
f56r,G,chokeey,unmapped
f56r,G,qokcheey,heat
f56r,G,schey,unmapped
f56r,G,d,unmapped
f56r,G,aiin,medium
f56r,G,dy,unmapped
f56r,G,sho,unmapped
f56r,G,chokchy,unmapped
f56r,G,kchoar,reflux
f56r,G,sotodan,unmapped
f56r,G,otchey,unmapped
f56r,G,keol,outlet
f56r,G,daiin,medium
f56v,G,kcheat,unmapped
f56v,G,shol,outlet
f56v,G,chey,unmapped
f56v,G,qokoiin,heat
f56v,G,shor,reflux
f56v,G,qotcheol,heat
f56v,G,choror,reflux
f56v,G,shodshey,unmapped
f56v,G,qoteeey,heat
f56v,G,qoteey,heat
f56v,G,daiin,medium
f56v,G,qoteey,heat
f56v,G,cthar,reflux
f56v,G,ochey,unmapped
f56v,G,chol,outlet
f56v,G,chol,outlet
f56v,G,qotchey,heat
f56v,G,daiin,medium
f56v,G,choteeey,unmapped
f56v,G,dal,outlet
f56v,G,schy,unmapped
f56v,G,t,unmapped
f56v,G,chey,unmapped
f56v,G,daiin,medium
f56v,G,d,unmapped
f56v,G,eey,unmapped
f56v,G,tad,unmapped
f56v,G,dain,unmapped
f56v,G,qoteees,heat
f56v,G,sho,unmapped
f56v,G,kcheey,unmapped
f56v,G,s,unmapped
f56v,G,aiin,medium
f56v,G,chokchol,outlet
f56v,G,chor,reflux
f56v,G,ckhos,unmapped
f56v,G,kchokchy,unmapped
f56v,G,chol,outlet
f56v,G,shol,outlet
f56v,G,chol,outlet
f56v,G,otchyd,unmapped
f56v,G,ykchor,reflux
f56v,G,chokchy,unmapped
f56v,G,qokcho,heat
f56v,G,tcheey,unmapped
f56v,G,kol,outlet
f56v,G,shotchot,unmapped
f56v,G,chokcho,unmapped
f56v,G,kcho,unmapped
f56v,G,kaiin,medium
f56v,G,oky,heat
f56v,G,ol,outlet
f56v,G,kchy,unmapped
f56v,G,ksho,unmapped
f56v,G,shy,unmapped
f56v,G,ytol,outlet
f56v,G,chotor,reflux
f56v,G,y,unmapped
f56v,G,dy,unmapped
f56v,G,chotchey,unmapped
f56v,G,keeol,outlet
f56v,G,chey,unmapped
f56v,G,kchol,outlet
f56v,G,tchain,unmapped
f56v,G,qokchey,heat
f56v,G,ctheey,unmapped
f56v,G,lkeey,unmapped
f56v,G,kcheeytain,unmapped
f56v,G,ykor,reflux
f56v,G,aiin,medium
f56v,G,chorol,outlet
f56v,G,sho,unmapped
f56v,G,shol,outlet
f56v,G,daiin,medium
f56v,G,chol,outlet
f56v,G,cheo,unmapped
f56v,G,kchol,outlet
f56v,G,chol,outlet
f56v,G,choky,unmapped
f56v,G,chotor,reflux
f56v,G,otchol,outlet
f56v,G,chol,outlet
f56v,G,chol,outlet
f56v,G,daiin,medium
f56v,G,chotaiin,medium
f56v,G,s,unmapped
f56v,G,o,unmapped
f56v,G,kchol,outlet
f56v,G,chol,outlet
f56v,G,chol,outlet
f56v,G,daiin,medium
f57r,H,poeeockhey,unmapped
f57r,H,odain,unmapped
f57r,H,cheop,unmapped
f57r,H,sheody,unmapped
f57r,H,shocfhey,unmapped
f57r,H,dy,unmapped
f57r,H,sheep,unmapped
f57r,H,sheody,unmapped
f57r,H,eodam,drain
f57r,H,daiir,unmapped
f57r,H,air,unmapped
f57r,H,chety,unmapped
f57r,H,cheo,unmapped
f57r,H,ckhy,unmapped
f57r,H,chockhy,unmapped
f57r,H,cheotey,unmapped
f57r,H,sh,unmapped
f57r,H,kchey,unmapped
f57r,H,s,unmapped
f57r,H,odaiin,medium
f57r,H,shey,unmapped
f57r,H,qokeeody,heat
f57r,H,cheooky,unmapped
f57r,H,qokeody,heat
f57r,H,sheey,unmapped
f57r,H,okeody,heat
f57r,H,cheody,unmapped
f57r,H,cheeody,unmapped
f57r,H,cheekeody,unmapped
f57r,H,dchos,unmapped
f57r,H,cheocthy,unmapped
f57r,H,cheody,unmapped
f57r,H,qoteeody,heat
f57r,H,octhody,unmapped
f57r,H,okeeody,heat
f57r,H,chteody,unmapped
f57r,H,cheody,unmapped
f57r,H,s,unmapped
f57r,H,qokcho,heat
f57r,H,daiin,medium
f57r,H,cheeodam,drain
f57r,H,tcheodal,outlet
f57r,H,okam,drain
f57r,H,chckhey,unmapped
f57r,H,okchdy,heat
f57r,H,doctho,unmapped
f57r,H,opchey,unmapped
f57r,H,dy,unmapped
f57r,H,kedaiin,medium
f57r,H,oforam,drain
f57r,H,daiis,unmapped
f57r,H,sheedy,unmapped
f57r,H,qokeedy,heat
f57r,H,chetey,unmapped
f57r,H,oteeod,unmapped
f57r,H,shekey,unmapped
f57r,H,tedy,unmapped
f57r,H,okaldg,heat
f57r,H,tair,unmapped
f57r,H,sheedy,unmapped
f57r,H,ochedy,unmapped
f57r,H,dy,unmapped
f57r,H,okchy,heat
f57r,H,chedy,unmapped
f57r,H,dal,outlet
f57r,H,qokedam,drain
f57r,H,adair,unmapped
f57r,H,sheeo,unmapped
f57r,H,ckhy,unmapped
f57r,H,sar,reflux
f57r,H,al,outlet
f57r,H,daiidy,unmapped
f57r,H,dcheckhey,unmapped
f57r,H,daiin,medium
f57r,H,chedy,unmapped
f57r,H,cthedy,unmapped
f57r,H,qoetchey,heat
f57r,H,kedy,unmapped
f57r,H,shedaiin,retain
f57r,H,s,unmapped
f57r,H,cheos,unmapped
f57r,H,ykeos,unmapped
f57r,H,qy,unmapped
f57r,H,tcfhy,unmapped
f57r,H,dshedy,unmapped
f57r,H,echy,unmapped
f57r,H,cphedam,drain
f57v,H,dairal,outlet
f57v,H,v,unmapped
f57v,H,sal,outlet
f57v,H,y,unmapped
f57v,H,soeos,unmapped
f57v,H,vs,unmapped
f57v,H,ar,reflux
f57v,H,okees,heat
f57v,H,o,unmapped
f57v,H,d,unmapped
f57v,H,soefchees,unmapped
f57v,H,l,unmapped
f57v,H,g,unmapped
f57v,H,sos,unmapped
f57v,H,okey,heat
f57v,H,defo,unmapped
f57v,H,f,unmapped
f57v,H,o,unmapped
f57v,H,rkedam,drain
f57v,H,sh,unmapped
f57v,H,ofol,outlet
f57v,H,sar,reflux
f57v,H,ddal,outlet
f57v,H,yty,unmapped
f57v,H,s,unmapped
f57v,H,y,unmapped
f57v,H,daiir,unmapped
f57v,H,otey,unmapped
f57v,H,dshdy,unmapped
f57v,H,dkals,unmapped
f57v,H,oty,unmapped
f57v,H,pchchy,unmapped
f57v,H,a,unmapped
f57v,H,r,unmapped
f57v,H,opaiin,medium
f57v,H,dal,outlet
f57v,H,karody,unmapped
f57v,H,v,unmapped
f57v,H,r,unmapped
f57v,H,okeey,heat
f57v,H,daram,drain
f57v,H,qokar,heat
f57v,H,okal,heat
f57v,H,okal,heat
f57v,H,d,unmapped
f57v,H,o,unmapped
f57v,H,l,unmapped
f57v,H,shkeal,outlet
f57v,H,dy,unmapped
f57v,H,das,unmapped
f57v,H,o,unmapped
f57v,H,k,unmapped
f57v,H,sher,unmapped
f57v,H,s,unmapped
f57v,H,aiin,medium
f57v,H,o,unmapped
f57v,H,l,unmapped
f57v,H,d,unmapped
f57v,H,r,unmapped
f57v,H,v,unmapped
f57v,H,x,unmapped
f57v,H,k,unmapped
f57v,H,m,unmapped
f57v,H,f,unmapped
f57v,H,v,unmapped
f57v,H,t,unmapped
f57v,H,r,unmapped
f57v,H,y,unmapped
f57v,H,i,unmapped
f57v,H,o,unmapped
f57v,H,l,unmapped
f57v,H,d,unmapped
f57v,H,r,unmapped
f57v,H,v,unmapped
f57v,H,x,unmapped
f57v,H,k,unmapped
f57v,H,m,unmapped
f57v,H,f,unmapped
f57v,H,v,unmapped
f57v,H,t,unmapped
f57v,H,r,unmapped
f57v,H,y,unmapped
f57v,H,c,unmapped
f57v,H,o,unmapped
f57v,H,l,unmapped
f57v,H,d,unmapped
f57v,H,r,unmapped
f57v,H,v,unmapped
f57v,H,x,unmapped
f57v,H,k,unmapped
f57v,H,m,unmapped
f57v,H,p,unmapped
f57v,H,v,unmapped
f57v,H,t,unmapped
f57v,H,r,unmapped
f57v,H,y,unmapped
f57v,H,c,unmapped
f57v,H,o,unmapped
f57v,H,l,unmapped
f57v,H,d,unmapped
f57v,H,r,unmapped
f57v,H,v,unmapped
f57v,H,x,unmapped
f57v,H,k,unmapped
f57v,H,m,unmapped
f57v,H,p,unmapped
f57v,H,v,unmapped
f57v,H,t,unmapped
f57v,H,r,unmapped
f57v,H,y,unmapped
f57v,H,c,unmapped
f57v,H,daiin,medium
f57v,H,otey,unmapped
f57v,H,ofchey,unmapped
f57v,H,shes,unmapped
f57v,H,o,unmapped
f57v,H,d,unmapped
f57v,H,okeeod,heat
f57v,H,l,unmapped
f57v,H,o,unmapped
f57v,H,lkeeol,outlet
f57v,H,dkedar,reflux
f57v,H,yf,unmapped
f57v,H,aros,unmapped
f57v,H,s,unmapped
f57v,H,y,unmapped
f57v,H,chedaiin,medium
f57v,H,k,unmapped
f57v,H,eeety,unmapped
f57v,H,x,unmapped
f57v,H,deeodal,outlet
f57v,H,vo,unmapped
f57v,H,tchor,reflux
f57v,H,kedar,reflux
f57v,H,dal,outlet
f57v,H,daiin,medium
f57v,H,aiin,medium
f57v,H,otal,outlet
f57v,H,daro,unmapped
f57v,H,v,unmapped
f57v,H,o,unmapped
f57v,H,v,unmapped
f57v,H,l,unmapped
f57v,H,r,unmapped
f57v,H,m,unmapped
f57v,H,aiin,medium
f57v,H,d,unmapped
f57v,H,c,unmapped
f57v,H,f,unmapped
f57v,H,s,unmapped
f57v,H,y,unmapped
f57v,H,l,unmapped
f57v,H,k,unmapped
f57v,H,x,unmapped
f57v,H,l,unmapped
f57v,H,r,unmapped
f57v,H,ar,reflux
f57v,H,o,unmapped
f57v,H,r,unmapped
f57v,H,a,unmapped
f57v,H,t,unmapped
f57v,H,l,unmapped
f57v,H,s,unmapped
f57v,H,d,unmapped
f57v,H,y,unmapped
f57v,H,dar,reflux
f57v,H,teodar,reflux
f57v,H,otodal,outlet
f57v,H,sheky,unmapped
f57v,H,oteeody,unmapped
f57v,H,x,unmapped
f57v,H,s,unmapped
f57v,H,l,unmapped
f57v,H,otodarag,unmapped
f57v,H,oparairdly,unmapped
f57v,H,olkeedal,outlet
f57v,H,otardaly,unmapped
f57v,H,arkaldy,unmapped
f57v,H,araarar,reflux
f57v,H,okeely,heat
f57v,H,ocfhor,reflux
f57v,H,okear,heat
f58r,H,kor,reflux
f58r,H,cholfy,unmapped
f58r,H,shofchy,unmapped
f58r,H,otoralchy,unmapped
f58r,H,chofchol,outlet
f58r,H,sholy,unmapped
f58r,H,otaly,unmapped
f58r,H,dal,outlet
f58r,H,m,unmapped
f58r,H,dshodal,outlet
f58r,H,or,reflux
f58r,H,ckhy,unmapped
f58r,H,olchear,reflux
f58r,H,char,reflux
f58r,H,tal,outlet
f58r,H,ytal,outlet
f58r,H,ytar,reflux
f58r,H,olchokal,outlet
f58r,H,ykechod,unmapped
f58r,H,dalaldam,drain
f58r,H,ytam,drain
f58r,H,choty,unmapped
f58r,H,otchy,unmapped
f58r,H,otaly,unmapped
f58r,H,shoty,unmapped
f58r,H,s,unmapped
f58r,H,dshor,reflux
f58r,H,sholar,reflux
f58r,H,aiin,medium
f58r,H,shalom,unmapped
f58r,H,shaly,unmapped
f58r,H,dalchy,unmapped
f58r,H,oteom,unmapped
f58r,H,dal,outlet
f58r,H,sholala,unmapped
f58r,H,qor,heat
f58r,H,dchair,unmapped
f58r,H,am,drain
f58r,H,otar,reflux
f58r,H,otar,reflux
f58r,H,char,reflux
f58r,H,ar,reflux
f58r,H,al,outlet
f58r,H,char,reflux
f58r,H,ar,reflux
f58r,H,ary,unmapped
f58r,H,ytalar,reflux
f58r,H,cham,drain
f58r,H,torchey,unmapped
f58r,H,otaiin,medium
f58r,H,chary,unmapped
f58r,H,oteor,reflux
f58r,H,y,unmapped
f58r,H,otal,outlet
f58r,H,dalchor,reflux
f58r,H,ykeey,unmapped
f58r,H,choltam,drain
f58r,H,saiin,medium
f58r,H,cholkeey,unmapped
f58r,H,dal,outlet
f58r,H,shom,unmapped
f58r,H,sholteol,outlet
f58r,H,ytalody,unmapped
f58r,H,otey,unmapped
f58r,H,cheoly,unmapped
f58r,H,o,unmapped
f58r,H,tchy,unmapped
f58r,H,toleeshal,outlet
f58r,H,oleeam,drain
f58r,H,dalor,reflux
f58r,H,chy,unmapped
f58r,H,oteodchy,unmapped
f58r,H,yteochy,unmapped
f58r,H,otey,unmapped
f58r,H,kal,outlet
f58r,H,dy,unmapped
f58r,H,alam,drain
f58r,H,sholaiin,medium
f58r,H,cheey,unmapped
f58r,H,yteodaiin,medium
f58r,H,qoar,heat
f58r,H,aiin,medium
f58r,H,arary,unmapped
f58r,H,sheey,unmapped
f58r,H,daiin,medium
f58r,H,e,unmapped
f58r,H,alam,drain
f58r,H,tal,outlet
f58r,H,ar,reflux
f58r,H,am,drain
f58r,H,shar,reflux
f58r,H,chepchey,unmapped
f58r,H,otar,reflux
f58r,H,aldy,unmapped
f58r,H,otal,outlet
f58r,H,cheam,drain
f58r,H,qokaiin,heat
f58r,H,ote,unmapped
f58r,H,sy,unmapped
f58r,H,qocphody,heat
f58r,H,qokalam,drain
f58r,H,chairal,outlet
f58r,H,qoaiin,heat
f58r,H,otalal,outlet
f58r,H,dalor,reflux
f58r,H,orar,reflux
f58r,H,shoar,reflux
f58r,H,ar,reflux
f58r,H,choldal,outlet
f58r,H,otalchal,outlet
f58r,H,dal,outlet
f58r,H,choldy,unmapped
f58r,H,okalys,heat
f58r,H,airaldy,unmapped
f58r,H,shar,reflux
f58r,H,ytar,reflux
f58r,H,sheear,reflux
f58r,H,cheoldy,unmapped
f58r,H,ykeol,outlet
f58r,H,cheal,outlet
f58r,H,cheody,unmapped
f58r,H,chal,outlet
f58r,H,chaiin,medium
f58r,H,ol,outlet
f58r,H,oly,unmapped
f58r,H,sharam,drain
f58r,H,okair,heat
f58r,H,chekaiin,medium
f58r,H,ytchaly,unmapped
f58r,H,dalchal,outlet
f58r,H,ykal,outlet
f58r,H,okalal,heat
f58r,H,oly,unmapped
f58r,H,chal,outlet
f58r,H,daiir,unmapped
f58r,H,shal,outlet
f58r,H,qopaim,heat
f58r,H,cholaly,unmapped
f58r,H,dy,unmapped
f58r,H,shedy,retain
f58r,H,typchey,unmapped
f58r,H,ar,reflux
f58r,H,air,unmapped
f58r,H,ytashy,unmapped
f58r,H,qotyshey,heat
f58r,H,pchdy,unmapped
f58r,H,dshaly,unmapped
f58r,H,pydaly,unmapped
f58r,H,choky,unmapped
f58r,H,opy,unmapped
f58r,H,ysholshy,unmapped
f58r,H,qotoly,heat
f58r,H,daiin,medium
f58r,H,ykal,outlet
f58r,H,dalchdy,unmapped
f58r,H,qoky,heat
f58r,H,dal,outlet
f58r,H,ytchody,unmapped
f58r,H,s,unmapped
f58r,H,olar,reflux
f58r,H,aly,unmapped
f58r,H,darar,reflux
f58r,H,shol,outlet
f58r,H,cholraly,unmapped
f58r,H,cholaiin,medium
f58r,H,odaiin,medium
f58r,H,chaly,unmapped
f58r,H,dalar,reflux
f58r,H,aiin,medium
f58r,H,okal,heat
f58r,H,otal,outlet
f58r,H,todal,outlet
f58r,H,qotey,heat
f58r,H,chaly,unmapped
f58r,H,dal,outlet
f58r,H,qokaldy,heat
f58r,H,otary,unmapped
f58r,H,okalal,heat
f58r,H,ees,unmapped
f58r,H,chal,outlet
f58r,H,ochaly,unmapped
f58r,H,ysheockhy,unmapped
f58r,H,olchey,unmapped
f58r,H,oleesey,unmapped
f58r,H,alaiin,medium
f58r,H,olkeal,outlet
f58r,H,daldy,unmapped
f58r,H,otalar,reflux
f58r,H,ar,reflux
f58r,H,arodaim,unmapped
f58r,H,tcheos,unmapped
f58r,H,ycheor,reflux
f58r,H,sheain,unmapped
f58r,H,okey,heat
f58r,H,qotaily,heat
f58r,H,daiin,medium
f58r,H,chy,unmapped
f58r,H,cholkor,reflux
f58r,H,olkeol,outlet
f58r,H,oty,unmapped
f58r,H,dcholy,unmapped
f58r,H,ytar,reflux
f58r,H,chol,outlet
f58r,H,dal,outlet
f58r,H,qoaiir,heat
f58r,H,chalolky,unmapped
f58r,H,osal,outlet
f58r,H,chotam,drain
f58r,H,chal,outlet
f58r,H,olseeg,unmapped
f58r,H,shol,outlet
f58r,H,aleedy,unmapped
f58r,H,chotar,reflux
f58r,H,okeal,heat
f58r,H,sheody,unmapped
f58r,H,qokalchar,heat
f58r,H,otal,outlet
f58r,H,choky,unmapped
f58r,H,sar,reflux
f58r,H,tazain,unmapped
f58r,H,oteeos,unmapped
f58r,H,okeal,heat
f58r,H,ar,reflux
f58r,H,otalor,reflux
f58r,H,cheoekar,reflux
f58r,H,cheky,unmapped
f58r,H,otakas,unmapped
f58r,H,oar,reflux
f58r,H,cheekey,unmapped
f58r,H,oteeoaly,unmapped
f58r,H,otar,reflux
f58r,H,alkar,reflux
f58r,H,or,reflux
f58r,H,aldar,reflux
f58r,H,kshar,reflux
f58r,H,shoky,unmapped
f58r,H,opcheear,reflux
f58r,H,ofadain,unmapped
f58r,H,opsheolaiin,medium
f58r,H,opydaiin,medium
f58r,H,podaiir,unmapped
f58r,H,yteor,reflux
f58r,H,oty,unmapped
f58r,H,chaltar,reflux
f58r,H,ar,reflux
f58r,H,sheeetchy,unmapped
f58r,H,tal,outlet
f58r,H,al,outlet
f58r,H,chear,reflux
f58r,H,chear,reflux
f58r,H,chor,reflux
f58r,H,ar,reflux
f58r,H,am,drain
f58r,H,yshealkair,unmapped
f58r,H,odalaly,unmapped
f58r,H,dalal,outlet
f58r,H,chy,unmapped
f58r,H,s,unmapped
f58r,H,air,unmapped
f58r,H,shokar,reflux
f58r,H,olaldy,unmapped
f58r,H,okalody,heat
f58r,H,odalar,reflux
f58r,H,cheor,reflux
f58r,H,sar,reflux
f58r,H,alol,outlet
f58r,H,daly,unmapped
f58r,H,cheom,unmapped
f58r,H,chor,reflux
f58r,H,ar,reflux
f58r,H,aldam,drain
f58r,H,chal,outlet
f58r,H,cheal,outlet
f58r,H,r,unmapped
f58r,H,omy,unmapped
f58r,H,ytor,reflux
f58r,H,ar,reflux
f58r,H,alom,unmapped
f58r,H,qokalor,heat
f58r,H,chdy,unmapped
f58r,H,dair,unmapped
f58r,H,chody,unmapped
f58r,H,cheol,outlet
f58r,H,okolchy,heat
f58r,H,otaldy,unmapped
f58r,H,odshchol,outlet
f58r,H,taiin,medium
f58r,H,okal,heat
f58r,H,or,reflux
f58r,H,chol,outlet
f58r,H,ol,outlet
f58r,H,ekar,reflux
f58r,H,otarchol,outlet
f58r,H,chol,outlet
f58r,H,kam,drain
f58r,H,qokal,heat
f58r,H,oqotaly,unmapped
f58r,H,qokaiin,heat
f58r,H,chtaldy,unmapped
f58r,H,qoky,heat
f58r,H,dar,reflux
f58r,H,al,outlet
f58r,H,chol,outlet
f58r,H,taly,unmapped
f58r,H,qokaldy,heat
f58r,H,schoy,unmapped
f58r,H,dalols,unmapped
f58r,H,qokalos,heat
f58r,H,cheor,reflux
f58r,H,oekeody,unmapped
f58r,H,qokaly,heat
f58r,H,qokar,heat
f58r,H,dy,unmapped
f58r,H,yssheol,outlet
f58r,H,chokey,unmapped
f58r,H,dalol,outlet
f58r,H,shokalol,outlet
f58r,H,qokaly,heat
f58r,H,kaldy,unmapped
f58r,H,ytaipom,unmapped
f58r,H,dtos,unmapped
f58r,H,sheol,outlet
f58r,H,qokor,heat
f58r,H,sharal,outlet
f58r,H,ckhol,outlet
f58r,H,shol,outlet
f58r,H,ar,reflux
f58r,H,aiin,medium
f58r,H,sheoctham,drain
f58r,H,skaiin,medium
f58r,H,shokal,outlet
f58r,H,chockhy,unmapped
f58r,H,qoky,heat
f58r,H,chcthy,unmapped
f58r,H,ykeeshy,unmapped
f58r,H,shoekar,reflux
f58r,H,opolkeor,reflux
f58r,H,olchocfhy,unmapped
f58r,H,cphol,outlet
f58r,H,chykaldy,unmapped
f58r,H,cholols,unmapped
f58r,H,chkaiin,medium
f58r,H,olfcham,drain
f58r,H,s,unmapped
f58r,H,ysheos,unmapped
f58r,H,okaly,heat
f58r,H,cheos,unmapped
f58r,H,otey,unmapped
f58r,H,ykar,reflux
f58r,H,ls,unmapped
f58r,H,aiin,medium
f58r,H,okaiin,heat
f58r,H,ytolkal,outlet
f58r,H,dtshol,outlet
f58r,H,dytal,outlet
f58r,H,okar,heat
f58r,H,olol,outlet
f58r,H,sheol,outlet
f58r,H,qockhy,heat
f58r,H,qokaly,heat
f58r,H,salol,outlet
f58r,H,dalam,drain
f58r,H,yroleeey,unmapped
f58r,H,ar,reflux
f58r,H,airaly,unmapped
f58r,H,pchody,unmapped
f58r,H,tshaly,unmapped
f58r,H,alols,unmapped
f58r,H,ykaly,unmapped
f58r,H,kar,reflux
f58r,H,aram,drain
f58r,H,dchol,outlet
f58r,H,chokal,outlet
f58r,H,saiin,medium
f58r,H,dal,outlet
f58r,H,okal,heat
f58r,H,s,unmapped
f58r,H,alchey,unmapped
f58v,H,tol,outlet
f58v,H,shokchy,unmapped
f58v,H,opaiin,medium
f58v,H,opaiin,medium
f58v,H,chofaly,unmapped
f58v,H,ypar,reflux
f58v,H,ypal,outlet
f58v,H,opal,outlet
f58v,H,opaldaiin,medium
f58v,H,dair,unmapped
f58v,H,or,reflux
f58v,H,aiin,medium
f58v,H,tair,unmapped
f58v,H,y,unmapped
f58v,H,qotalody,heat
f58v,H,s,unmapped
f58v,H,aiin,medium
f58v,H,okeody,heat
f58v,H,qotair,heat
f58v,H,ar,reflux
f58v,H,alor,reflux
f58v,H,orky,unmapped
f58v,H,todal,outlet
f58v,H,qotain,heat
f58v,H,shoy,unmapped
f58v,H,qokeol,heat
f58v,H,okey,heat
f58v,H,qokalchal,heat
f58v,H,daly,unmapped
f58v,H,ar,reflux
f58v,H,aim,unmapped
f58v,H,or,reflux
f58v,H,aiin,medium
f58v,H,okair,heat
f58v,H,y,unmapped
f58v,H,dair,unmapped
f58v,H,al,outlet
f58v,H,qokal,heat
f58v,H,qokaiin,heat
f58v,H,qokaly,heat
f58v,H,okar,heat
f58v,H,olkaly,unmapped
f58v,H,okal,heat
f58v,H,faiir,unmapped
f58v,H,ofas,unmapped
f58v,H,ar,reflux
f58v,H,qotaiin,heat
f58v,H,sholy,unmapped
f58v,H,qotaiin,heat
f58v,H,yqokaly,unmapped
f58v,H,okal,heat
f58v,H,qokaly,heat
f58v,H,okaly,heat
f58v,H,qokair,heat
f58v,H,ar,reflux
f58v,H,aly,unmapped
f58v,H,shor,reflux
f58v,H,daiin,medium
f58v,H,choly,unmapped
f58v,H,dal,outlet
f58v,H,ykaiin,medium
f58v,H,org,unmapped
f58v,H,fchey,unmapped
f58v,H,okaly,heat
f58v,H,oky,heat
f58v,H,y,unmapped
f58v,H,daiin,medium
f58v,H,qokeey,heat
f58v,H,qokar,heat
f58v,H,lchedy,unmapped
f58v,H,qokalor,heat
f58v,H,sheols,unmapped
f58v,H,oteor,reflux
f58v,H,aiin,medium
f58v,H,cheky,unmapped
f58v,H,taiin,medium
f58v,H,ckhey,unmapped
f58v,H,daldy,unmapped
f58v,H,qokair,heat
f58v,H,alar,reflux
f58v,H,ytal,outlet
f58v,H,aiin,medium
f58v,H,otaiin,medium
f58v,H,ykaiin,medium
f58v,H,ykaly,unmapped
f58v,H,dam,drain
f58v,H,salal,outlet
f58v,H,qolaiin,heat
f58v,H,chockhey,unmapped
f58v,H,tcholy,unmapped
f58v,H,qokaiin,heat
f58v,H,qokaiinos,heat
f58v,H,orcheey,unmapped
f58v,H,olaly,unmapped
f58v,H,ykair,unmapped
f58v,H,shey,unmapped
f58v,H,key,unmapped
f58v,H,ctholy,unmapped
f58v,H,qotalom,heat
f58v,H,qokals,heat
f58v,H,qokaiin,heat
f58v,H,okal,heat
f58v,H,okaldy,heat
f58v,H,ory,unmapped
f58v,H,tchol,outlet
f58v,H,shol,outlet
f58v,H,tor,reflux
f58v,H,qokair,heat
f58v,H,or,reflux
f58v,H,y,unmapped
f58v,H,ykaiin,medium
f58v,H,dory,unmapped
f58v,H,okaiir,heat
f58v,H,chodaiin,medium
f58v,H,otals,unmapped
f58v,H,oreeey,unmapped
f58v,H,cheekey,unmapped
f58v,H,cheal,outlet
f58v,H,qokey,heat
f58v,H,chedal,outlet
f58v,H,dy,unmapped
f58v,H,tolair,unmapped
f58v,H,opchey,unmapped
f58v,H,poaly,unmapped
f58v,H,cfhy,unmapped
f58v,H,qoeear,heat
f58v,H,alkeain,unmapped
f58v,H,ytal,outlet
f58v,H,chos,unmapped
f58v,H,alor,reflux
f58v,H,okal,heat
f58v,H,chcthy,unmapped
f58v,H,tal,outlet
f58v,H,y,unmapped
f58v,H,kar,reflux
f58v,H,shar,reflux
f58v,H,air,unmapped
f58v,H,alor,reflux
f58v,H,chol,outlet
f58v,H,oeear,reflux
f58v,H,sho,unmapped
f58v,H,qotal,heat
f58v,H,chol,outlet
f58v,H,tal,outlet
f58v,H,ar,reflux
f58v,H,tar,reflux
f58v,H,aropam,drain
f58v,H,qot,heat
f58v,H,oiin,unmapped
f58v,H,okal,heat
f58v,H,aral,outlet
f58v,H,s,unmapped
f58v,H,air,unmapped
f58v,H,qoal,heat
f58v,H,talchos,unmapped
f58v,H,okal,heat
f58v,H,cho,unmapped
f58v,H,ytam,drain
f58v,H,dam,drain
f58v,H,ykam,drain
f58v,H,qokair,heat
f58v,H,okaly,heat
f58v,H,qokal,heat
f58v,H,chaly,unmapped
f58v,H,cheockhey,unmapped
f58v,H,olaly,unmapped
f58v,H,taldar,reflux
f58v,H,al,outlet
f58v,H,daiin,medium
f58v,H,alal,outlet
f58v,H,dal,outlet
f58v,H,qokar,heat
f58v,H,otal,outlet
f58v,H,chodol,outlet
f58v,H,qokeal,heat
f58v,H,cheol,outlet
f58v,H,chos,unmapped
f58v,H,okeeam,drain
f58v,H,taiin,medium
f58v,H,chal,outlet
f58v,H,sheal,outlet
f58v,H,qockhy,heat
f58v,H,dar,reflux
f58v,H,aiin,medium
f58v,H,ockhey,unmapped
f58v,H,qokeey,heat
f58v,H,qoaiin,heat
f58v,H,aral,outlet
f58v,H,okain,heat
f58v,H,chokal,outlet
f58v,H,sheoldy,unmapped
f58v,H,qokor,heat
f58v,H,olkam,drain
f58v,H,cheol,outlet
f58v,H,dar,reflux
f58v,H,chokeey,unmapped
f58v,H,okalchy,heat
f58v,H,tolain,unmapped
f58v,H,ar,reflux
f58v,H,ykeain,unmapped
f58v,H,qokeey,heat
f58v,H,otal,outlet
f58v,H,chol,outlet
f58v,H,okal,heat
f58v,H,ar,reflux
f58v,H,ty,unmapped
f58v,H,chkalarol,outlet
f58v,H,olain,unmapped
f58v,H,olalor,reflux
f58v,H,odaiin,medium
f58v,H,qetair,unmapped
f58v,H,otal,outlet
f58v,H,qokal,heat
f58v,H,dair,unmapped
f58v,H,oiy,unmapped
f58v,H,otam,drain
f58v,H,okar,heat
f58v,H,sheey,unmapped
f58v,H,shekealy,unmapped
f58v,H,pchshy,unmapped
f58v,H,sheoltey,unmapped
f58v,H,shopalchedy,unmapped
f58v,H,sheolkeal,outlet
f58v,H,qokar,heat
f58v,H,aldaiin,medium
f58v,H,qokalar,heat
f58v,H,dal,outlet
f58v,H,qokal,heat
f58v,H,daiin,medium
f58v,H,qokal,heat
f58v,H,cham,drain
f58v,H,qokalcheal,heat
f58v,H,okor,heat
f58v,H,air,unmapped
f58v,H,ain,unmapped
f58v,H,ar,reflux
f58v,H,als,unmapped
f58v,H,okam,drain
f58v,H,daly,unmapped
f58v,H,qotain,heat
f58v,H,okeor,heat
f58v,H,sheey,unmapped
f58v,H,qokeol,heat
f58v,H,okeoly,heat
f58v,H,qokaly,heat
f58v,H,qokair,heat
f58v,H,or,reflux
f58v,H,tas,unmapped
f58v,H,ykal,outlet
f58v,H,ykaly,unmapped
f58v,H,qokal,heat
f58v,H,ol,outlet
f58v,H,al,outlet
f58v,H,qokeos,heat
f58v,H,okal,heat
f58v,H,ar,reflux
f58v,H,okos,heat
f58v,H,al,outlet
f58v,H,shekar,reflux
f58v,H,qokair,heat
f58v,H,alam,drain
f58v,H,qokar,heat
f58v,H,s,unmapped
f58v,H,aiin,medium
f58v,H,al,outlet
f58v,H,y,unmapped
f58v,H,qokchedy,heat
f58v,H,qoekaly,heat
f58v,H,odaiin,medium
f58v,H,qokar,heat
f58v,H,char,reflux
f58v,H,alaiinom,unmapped
f58v,H,ycheockhy,unmapped
f58v,H,okey,heat
f58v,H,okal,heat
f58v,H,otaly,unmapped
f58v,H,okaldy,heat
f58v,H,okeor,heat
f58v,H,sheey,unmapped
f58v,H,polal,outlet
f58v,H,keeo,unmapped
f58v,H,o,unmapped
f58v,H,leeckhey,unmapped
f58v,H,dalar,reflux
f58v,H,ykeeody,unmapped
f58v,H,choar,reflux
f58v,H,ckhar,reflux
f58v,H,yfair,unmapped
f58v,H,alam,drain
f58v,H,daiin,medium
f58v,H,sheoy,unmapped
f58v,H,ykey,unmapped
f58v,H,sheky,unmapped
f58v,H,qokal,heat
f58v,H,qokeey,heat
f58v,H,okain,heat
f58v,H,okar,heat
f58v,H,ol,outlet
f58v,H,dam,drain
f58v,H,tcheor,reflux
f58v,H,chor,reflux
f58v,H,kar,reflux
f58v,H,okal,heat
f58v,H,qokeey,heat
f58v,H,qokal,heat
f58v,H,shol,outlet
f58v,H,qokain,heat
f58v,H,ar,reflux
f58v,H,oetalchg,unmapped
f58v,H,psheey,unmapped
f58v,H,qoty,heat
f58v,H,qokar,heat
f58v,H,qokey,heat
f58v,H,ky,unmapped
f58v,H,ykar,reflux
f58v,H,cheal,outlet
f58v,H,otal,outlet
f58v,H,kol,outlet
f58v,H,olchedy,unmapped
f58v,H,qoair,heat
f58v,H,chol,outlet
f58v,H,ar,reflux
f58v,H,chey,unmapped
f58v,H,tol,outlet
f58v,H,sheo,unmapped
f58v,H,keo,unmapped
f58v,H,ar,reflux
f58v,H,qofcheal,heat
f58v,H,dar,reflux
f58v,H,aey,unmapped
f58v,H,opchal,outlet
f58v,H,shockhy,unmapped
f58v,H,okaly,heat
f58v,H,daiin,medium
f58v,H,otain,unmapped
f58v,H,okain,heat
f58v,H,chey,unmapped
f58v,H,okeey,heat
f58v,H,qokeeos,heat
f58v,H,olar,reflux
f58v,H,sheo,unmapped
f58v,H,daly,unmapped
f58v,H,dalychs,unmapped
f58v,H,tcheody,unmapped
f58v,H,okeor,heat
f58v,H,ockhy,unmapped
f58v,H,qokal,heat
f58v,H,okal,heat
f58v,H,shokey,unmapped
f58v,H,qokeey,heat
f58v,H,dalar,reflux
f58v,H,olkeey,unmapped
f58v,H,okar,heat
f58v,H,ar,reflux
f58v,H,choky,unmapped
f58v,H,otair,unmapped
f58v,H,otol,outlet
f58v,H,chokey,unmapped
f58v,H,cheeky,unmapped
f58v,H,dalar,reflux
f58v,H,ykeeody,unmapped
f58v,H,qokar,heat
f58v,H,qoky,heat
f58v,H,keey,unmapped
f58v,H,qokol,heat
f58v,H,okal,heat
f58v,H,okor,heat
f58v,H,cheky,unmapped
f58v,H,sydy,unmapped
f58v,H,oshar,reflux
f58v,H,qokain,heat
f58v,H,okam,drain
f58v,H,shear,reflux
f58v,H,cher,unmapped
f58v,H,sarols,unmapped
f65r,H,otaim,unmapped
f65r,H,dam,drain
f65r,H,alam,drain
f65v,H,cphy,unmapped
f65v,H,fchecfhy,unmapped
f65v,H,dy,unmapped
f65v,H,dchepain,unmapped
f65v,H,shety,unmapped
f65v,H,qopy,heat
f65v,H,fol,outlet
f65v,H,chpdy,unmapped
f65v,H,daiin,medium
f65v,H,sheek,unmapped
f65v,H,l,unmapped
f65v,H,ody,unmapped
f65v,H,yteo,unmapped
f65v,H,qops,heat
f65v,H,air,unmapped
f65v,H,cheoteey,unmapped
f65v,H,dalom,unmapped
f65v,H,ytal,outlet
f65v,H,cheot,unmapped
f65v,H,shky,unmapped
f65v,H,y,unmapped
f65v,H,sas,unmapped
f65v,H,cheody,unmapped
f65v,H,toeedy,unmapped
f65v,H,otar,reflux
f65v,H,shedy,retain
f65v,H,yteey,unmapped
f65v,H,sheody,unmapped
f65v,H,qokesd,heat
f65v,H,yfchey,unmapped
f65v,H,dshedy,unmapped
f65v,H,okeody,heat
f65v,H,qokd,heat
f65v,H,shckhy,unmapped
f65v,H,choky,unmapped
f65v,H,chokeody,unmapped
f65v,H,okey,heat
f65v,H,dy,unmapped
f65v,H,qo,heat
f65v,H,ytchey,unmapped
f65v,H,sh,unmapped
f65v,H,cphy,unmapped
f65v,H,ykchedy,unmapped
f65v,H,chedy,unmapped
f65v,H,shckhdy,unmapped
f66r,H,rary,unmapped
f66r,H,rals,unmapped
f66r,H,qor,heat
f66r,H,dary,unmapped
f66r,H,ykeol,outlet
f66r,H,saly,unmapped
f66r,H,salf,unmapped
f66r,H,fary,unmapped
f66r,H,qotesy,heat
f66r,H,ykaly,unmapped
f66r,H,doly,unmapped
f66r,H,saiin,medium
f66r,H,qokal,heat
f66r,H,qolsa,heat
f66r,H,raral,outlet
f66r,H,y,unmapped
f66r,H,o,unmapped
f66r,H,s,unmapped
f66r,H,sh,unmapped
f66r,H,y,unmapped
f66r,H,d,unmapped
f66r,H,o,unmapped
f66r,H,f,unmapped
f66r,H,x,unmapped
f66r,H,air,unmapped
f66r,H,d,unmapped
f66r,H,sh,unmapped
f66r,H,y,unmapped
f66r,H,f,unmapped
f66r,H,f,unmapped
f66r,H,y,unmapped
f66r,H,o,unmapped
f66r,H,d,unmapped
f66r,H,s,unmapped
f66r,H,f,unmapped
f66r,H,c,unmapped
f66r,H,x,unmapped
f66r,H,t,unmapped
f66r,H,o,unmapped
f66r,H,l,unmapped
f66r,H,r,unmapped
f66r,H,t,unmapped
f66r,H,o,unmapped
f66r,H,x,unmapped
f66r,H,p,unmapped
f66r,H,d,unmapped
f66r,H,pdaiin,medium
f66r,H,oteedy,unmapped
f66r,H,opchedy,unmapped
f66r,H,chap,unmapped
f66r,H,chefchy,unmapped
f66r,H,shddy,unmapped
f66r,H,ypches,unmapped
f66r,H,cholpchd,unmapped
f66r,H,okedals,heat
f66r,H,sair,unmapped
f66r,H,shekey,unmapped
f66r,H,qokeedar,heat
f66r,H,okal,heat
f66r,H,okedy,heat
f66r,H,qokeedy,heat
f66r,H,qokal,heat
f66r,H,okedy,heat
f66r,H,qokshd,heat
f66r,H,ykshedy,unmapped
f66r,H,chady,unmapped
f66r,H,cthdy,unmapped
f66r,H,qokees,heat
f66r,H,cheeo,unmapped
f66r,H,okcho,heat
f66r,H,dy,unmapped
f66r,H,chekeey,unmapped
f66r,H,chedy,unmapped
f66r,H,chckhy,unmapped
f66r,H,shdy,unmapped
f66r,H,qotedy,heat
f66r,H,chdy,unmapped
f66r,H,chedy,unmapped
f66r,H,qotedal,heat
f66r,H,chcpheor,reflux
f66r,H,ykady,unmapped
f66r,H,dar,reflux
f66r,H,qotey,heat
f66r,H,kol,outlet
f66r,H,ar,reflux
f66r,H,qokeeody,heat
f66r,H,qokeody,heat
f66r,H,qokeody,heat
f66r,H,qokar,heat
f66r,H,sheky,unmapped
f66r,H,qokeeody,heat
f66r,H,okedy,heat
f66r,H,kodary,unmapped
f66r,H,ykeeody,unmapped
f66r,H,choekeey,unmapped
f66r,H,okeody,heat
f66r,H,chekeody,unmapped
f66r,H,qokeey,heat
f66r,H,dyky,unmapped
f66r,H,chctho,unmapped
f66r,H,rotaiin,medium
f66r,H,dsheol,outlet
f66r,H,okaiin,heat
f66r,H,sheodaiin,medium
f66r,H,tocpheey,unmapped
f66r,H,dol,outlet
f66r,H,kchody,unmapped
f66r,H,qokeody,heat
f66r,H,qokshy,heat
f66r,H,qopaiin,heat
f66r,H,dairykodas,unmapped
f66r,H,okyd,heat
f66r,H,dsholdaiir,unmapped
f66r,H,dalky,unmapped
f66r,H,shky,unmapped
f66r,H,qoky,heat
f66r,H,shekair,unmapped
f66r,H,choty,unmapped
f66r,H,dar,reflux
f66r,H,okeey,heat
f66r,H,shdy,unmapped
f66r,H,ykol,outlet
f66r,H,qo,heat
f66r,H,cheky,unmapped
f66r,H,shcthy,unmapped
f66r,H,dalalshedy,unmapped
f66r,H,cheta,unmapped
f66r,H,r,unmapped
f66r,H,sheod,unmapped
f66r,H,shokaiir,unmapped
f66r,H,chy,unmapped
f66r,H,dard,unmapped
f66r,H,shor,reflux
f66r,H,sheodal,outlet
f66r,H,sholdy,unmapped
f66r,H,qokchedy,heat
f66r,H,qopchy,heat
f66r,H,qoty,heat
f66r,H,chedaiir,unmapped
f66r,H,chees,unmapped
f66r,H,kardy,unmapped
f66r,H,qokchey,heat
f66r,H,qokaiir,heat
f66r,H,cheky,unmapped
f66r,H,daly,unmapped
f66r,H,daiin,medium
f66r,H,dal,outlet
f66r,H,shedy,retain
f66r,H,chedy,unmapped
f66r,H,lkar,reflux
f66r,H,ol,outlet
f66r,H,okedy,heat
f66r,H,ol,outlet
f66r,H,cheeky,unmapped
f66r,H,daiir,unmapped
f66r,H,chky,unmapped
f66r,H,axor,reflux
f66r,H,akar,reflux
f66r,H,y,unmapped
f66r,H,daiin,medium
f66r,H,pchof,unmapped
f66r,H,sholfordaiin,medium
f66r,H,qotar,heat
f66r,H,otalor,reflux
f66r,H,fchedyr,unmapped
f66r,H,chedy,unmapped
f66r,H,dar,reflux
f66r,H,odair,unmapped
f66r,H,ofaram,drain
f66r,H,dalcheeeky,unmapped
f66r,H,sheol,outlet
f66r,H,dairody,unmapped
f66r,H,chekchy,unmapped
f66r,H,shed,retain
f66r,H,ykesho,unmapped
f66r,H,l,unmapped
f66r,H,lor,reflux
f66r,H,sheor,reflux
f66r,H,cheal,outlet
f66r,H,dor,reflux
f66r,H,shedy,retain
f66r,H,okar,heat
f66r,H,shedy,retain
f66r,H,kcheody,unmapped
f66r,H,chxar,reflux
f66r,H,daly,unmapped
f66r,H,fchdar,reflux
f66r,H,cheor,reflux
f66r,H,aly,unmapped
f66r,H,ry,unmapped
f66r,H,shor,reflux
f66r,H,shckheody,unmapped
f66r,H,dal,outlet
f66r,H,shedy,retain
f66r,H,qokor,heat
f66r,H,al,outlet
f66r,H,shes,unmapped
f66r,H,psheody,unmapped
f66r,H,cfhol,outlet
f66r,H,shofol,outlet
f66r,H,okeody,heat
f66r,H,qokaldy,heat
f66r,H,ytarody,unmapped
f66r,H,shedy,retain
f66r,H,shedy,retain
f66r,H,dair,unmapped
f66r,H,sair,unmapped
f66r,H,ol,outlet
f66r,H,daiin,medium
f66r,H,daiin,medium
f66r,H,dal,outlet
f66r,H,dol,outlet
f66r,H,cheody,unmapped
f66r,H,dair,unmapped
f66r,H,aly,unmapped
f66r,H,dairal,outlet
f66r,H,dolarshy,unmapped
f66r,H,dor,reflux
f66r,H,tosheo,unmapped
f66r,H,qokaldy,heat
f66r,H,oky,heat
f66r,H,ol,outlet
f66r,H,kcheeky,unmapped
f66r,H,qoky,heat
f66r,H,dary,unmapped
f66r,H,okees,heat
f66r,H,oly,unmapped
f66r,H,todeeey,unmapped
f66r,H,keody,unmapped
f66r,H,chdy,unmapped
f66r,H,keody,unmapped
f66r,H,shedy,retain
f66r,H,shekeefy,unmapped
f66r,H,chdy,unmapped
f66r,H,sheol,outlet
f66r,H,shol,outlet
f66r,H,kedy,unmapped
f66r,H,daly,unmapped
f66r,H,saiir,unmapped
f66r,H,cheol,outlet
f66r,H,kal,outlet
f66r,H,sheody,unmapped
f66r,H,chcthedy,unmapped
f66r,H,dal,outlet
f66r,H,shol,outlet
f66r,H,qokeody,heat
f66r,H,chody,unmapped
f66r,H,kechody,unmapped
f66r,H,sshedy,unmapped
f66r,H,oteedy,unmapped
f66r,H,ykeeody,unmapped
f66r,H,sheocthy,unmapped
f66r,H,ol,outlet
f66r,H,ld,unmapped
f66r,H,lshedy,unmapped
f66r,H,chokeey,unmapped
f66r,H,chekey,unmapped
f66r,H,chey,unmapped
f66r,H,ysheeod,unmapped
f66r,H,qoteeod,heat
f66r,H,qotol,heat
f66r,H,qoky,heat
f66r,H,chckhedy,unmapped
f66r,H,shey,unmapped
f66r,H,dcheol,outlet
f66r,H,cheky,unmapped
f66r,H,cheo,unmapped
f66r,H,dor,reflux
f66r,H,ydaiin,medium
f66r,H,shedy,retain
f66r,H,otchedy,unmapped
f66r,H,oteochey,unmapped
f66r,H,tolchedy,unmapped
f66r,H,lsheody,unmapped
f66r,H,qoky,heat
f66r,H,daiin,medium
f66r,H,otam,drain
f66r,H,tcheo,unmapped
f66r,H,sheor,reflux
f66r,H,oteody,unmapped
f66r,H,lpchees,unmapped
f66r,H,ol,outlet
f66r,H,ar,reflux
f66r,H,alkey,unmapped
f66r,H,otey,unmapped
f66r,H,ltsholy,unmapped
f66r,H,shecthy,unmapped
f66r,H,r,unmapped
f66r,H,ol,outlet
f66r,H,daiin,medium
f66r,H,sheol,outlet
f66r,H,qocthedy,heat
f66r,H,qokedy,heat
f66r,H,lchey,unmapped
f66r,H,qokaly,heat
f66r,H,shcthy,unmapped
f66r,H,qotal,heat
f66r,H,otchdy,unmapped
f66r,H,qokey,heat
f66r,H,ar,reflux
f66r,H,olkeol,outlet
f66r,H,qokal,heat
f66r,H,cheoky,unmapped
f66r,H,ykchdy,unmapped
f66r,H,chody,unmapped
f66r,H,sheody,unmapped
f66r,H,qoky,heat
f66r,H,ldy,unmapped
f66r,H,dor,reflux
f66r,H,aiin,medium
f66r,H,sheeol,outlet
f66r,H,lshedy,unmapped
f66r,H,lchedy,unmapped
f66r,H,cheedy,unmapped
f66r,H,shekol,outlet
f66r,H,dalol,outlet
f66r,H,lodaiin,medium
f66r,H,sheol,outlet
f66r,H,oteey,unmapped
f66r,H,ldaiin,medium
f66r,H,okalchedy,heat
f66r,H,pchedy,unmapped
f66r,H,kody,unmapped
f66r,H,qotchedy,heat
f66r,H,cphedy,unmapped
f66r,H,daiin,medium
f66r,H,shey,unmapped
f66r,H,qoteoly,heat
f66r,H,raiin,medium
f66r,H,sheedy,unmapped
f66r,H,shcthy,unmapped
f66r,H,lkeol,outlet
f66r,H,qokol,heat
f66r,H,dkar,reflux
f66r,H,lchey,unmapped
f66r,H,lkeedy,unmapped
f66r,H,chety,unmapped
f66r,H,shekaly,unmapped
f66r,H,shckhar,reflux
f66r,H,otcheo,unmapped
f66r,H,daiin,medium
f66r,H,chty,unmapped
f66r,H,ykees,unmapped
f66r,H,cheg,unmapped
f66v,H,okeodof,heat
f66v,H,sheod,unmapped
f66v,H,ychoopy,unmapped
f66v,H,opch,unmapped
f66v,H,dal,outlet
f66v,H,dor,reflux
f66v,H,sheefy,unmapped
f66v,H,ytody,unmapped
f66v,H,daldeam,drain
f66v,H,teodal,outlet
f66v,H,tche:dy,unmapped
f66v,H,dshey,unmapped
f66v,H,okshedy,heat
f66v,H,okeedy,heat
f66v,H,dcheeky,unmapped
f66v,H,daldy,unmapped
f66v,H,qotal,heat
f66v,H,sy,unmapped
f66v,H,ytos,unmapped
f66v,H,s,unmapped
f66v,H,or,reflux
f66v,H,sheeky,unmapped
f66v,H,okechdy,heat
f66v,H,okeedal,heat
f66v,H,dar,reflux
f66v,H,otal,outlet
f66v,H,chody,unmapped
f66v,H,cheky,unmapped
f66v,H,shokeshy,unmapped
f66v,H,daiin,medium
f66v,H,cheos,unmapped
f66v,H,chety,unmapped
f66v,H,dol,outlet
f66v,H,chckhy,unmapped
f66v,H,dal,outlet
f66v,H,ko,unmapped
f66v,H,dal,outlet
f66v,H,chekal,outlet
f66v,H,dal,outlet
f66v,H,shdy,unmapped
f66v,H,shedefam,drain
f66v,H,qokedy,heat
f66v,H,chokal,outlet
f66v,H,dal,outlet
f66v,H,tchod,unmapped
f66v,H,sheody,unmapped
f66v,H,shckhed,unmapped
f66v,H,chos,unmapped
f66v,H,chor,reflux
f66v,H,sheo,unmapped
f66v,H,keody,unmapped
f66v,H,chepar,reflux
f66v,H,sheopam,drain
f66v,H,qokeos,heat
f66v,H,sheody,unmapped
f66v,H,chekeos,unmapped
f66v,H,chody,unmapped
f66v,H,kotody,unmapped
f66v,H,qotchdy,heat
f66v,H,chckhd,unmapped
f66v,H,ytchdy,unmapped
f66v,H,dchekeedy,unmapped
f66v,H,cheody,unmapped
f66v,H,qokchdy,heat
f66v,H,qokol,heat
f66v,H,keedy,unmapped
f66v,H,cheky,unmapped
f66v,H,chety,unmapped
f66v,H,kody,unmapped
f66v,H,pody,unmapped
f66v,H,sheody,unmapped
f66v,H,chpadar,reflux
f66v,H,sheey,unmapped
f66v,H,fchdly,unmapped
f66v,H,cheoseesey,unmapped
f66v,H,kchy,unmapped
f66v,H,qofchal,heat
f66v,H,dshal,outlet
f66v,H,keedy,unmapped
f66v,H,qok,heat
f66v,H,or,reflux
f66v,H,okaiin,heat
f66v,H,dol,outlet
f66v,H,kaldaiin,medium
f66v,H,otal,outlet
f66v,H,dokal,outlet
f66v,H,okag,heat
f66v,H,yteeod,unmapped
f66v,H,aiin,medium
f66v,H,shekeod,unmapped
f66v,H,saiin,medium
f66v,H,ykofar,reflux
f66v,H,otaiin,medium
f66v,H,otar,reflux
f66v,H,chedy,unmapped
f66v,H,kar:s,unmapped
f66v,H,qekar,reflux
f66v,H,okedy,heat
f66v,H,cheky,unmapped
f66v,H,dal,outlet
f66v,H,chekal,outlet
f66v,H,chckhy,unmapped
f66v,H,kal,outlet
f66v,H,kal,outlet
f66v,H,dar,reflux
f66v,H,chkchody,unmapped
f66v,H,ydees,unmapped
f66v,H,shey,unmapped
f66v,H,daiin,medium
f66v,H,dalkal,outlet
f66v,H,ykedaiin,medium
f66v,H,shedar,retain
f66v,H,okchdy,heat
f66v,H,oty,unmapped
f67r1,I,teeodaiin,medium
f67r1,I,shey,unmapped
f67r1,I,epairody,unmapped
f67r1,I,osaiin,medium
f67r1,I,yteeoey,unmapped
f67r1,I,shey,unmapped
f67r1,I,epaiin,medium
f67r1,I,o,unmapped
f67r1,I,aiin,medium
f67r1,I,daiir,unmapped
f67r1,I,okeody,heat
f67r1,I,qoekeey,heat
f67r1,I,sar,reflux
f67r1,I,oeteody,unmapped
f67r1,I,oteey,unmapped
f67r1,I,keey,unmapped
f67r1,I,keo,unmapped
f67r1,I,keeodal,outlet
f67r1,I,ycheo,unmapped
f67r1,I,s,unmapped
f67r1,I,o,unmapped
f67r1,I,iim,unmapped
f67r1,I,cheos,unmapped
f67r1,I,aiin,medium
f67r1,I,okesoe,heat
f67r1,I,ar,reflux
f67r1,I,am,drain
f67r1,I,shees,unmapped
f67r1,I,dalaiin,medium
f67r1,I,dam,drain
f67r1,I,cheodaiin,medium
f67r1,I,chekeey,unmapped
f67r1,I,s,unmapped
f67r1,I,ar,reflux
f67r1,I,air,unmapped
f67r1,I,s,unmapped
f67r1,I,o,unmapped
f67r1,I,ar,reflux
f67r1,I,cheey,unmapped
f67r1,I,dair,unmapped
f67r1,I,cthey,unmapped
f67r1,I,soairol,outlet
f67r1,I,shdy,unmapped
f67r1,I,chokeody,unmapped
f67r1,I,ykeedal,outlet
f67r1,I,ol,outlet
f67r1,I,oteodaiin,medium
f67r1,I,choedy,unmapped
f67r1,I,ot,unmapped
f67r1,I,chteokaiin,medium
f67r1,I,choteedy,unmapped
f67r1,I,otor,reflux
f67r1,I,epchy,unmapped
f67r1,I,chpar,reflux
f67r1,I,ar,reflux
f67r1,I,sheees,unmapped
f67r1,I,deedy,unmapped
f67r1,I,soeteed,unmapped
f67r1,I,octheey,unmapped
f67r1,I,s,unmapped
f67r1,I,o,unmapped
f67r1,I,eokeot,unmapped
f67r1,I,y,unmapped
f67r1,I,choteoky,unmapped
f67r1,I,chockhy,unmapped
f67r1,I,okees,heat
f67r1,I,sor,reflux
f67r1,I,aiin,medium
f67r1,I,daram,drain
f67r1,I,schdes,unmapped
f67r1,I,chdar,reflux
f67r1,I,dar,reflux
f67r1,I,dchschdy,unmapped
f67r1,I,dar,reflux
f67r1,I,dar,reflux
f67r1,I,ar,reflux
f67r1,I,otardar,reflux
f67r1,I,ykaros,unmapped
f67r1,I,dair,unmapped
f67r1,I,al,outlet
f67r1,I,cheol,outlet
f67r1,I,dal,outlet
f67r1,I,oekaiin,medium
f67r1,I,sol,outlet
f67r1,I,daiin,medium
f67r1,I,eetees,unmapped
f67r1,I,saiin,medium
f67r1,I,ykeos,unmapped
f67r1,I,l,unmapped
f67r1,I,chy,unmapped
f67r1,I,otodaiin,medium
f67r1,I,chetejy,unmapped
f67r1,I,otar,reflux
f67r1,I,dair,unmapped
f67r1,I,ar,reflux
f67r1,I,chedar,reflux
f67r1,I,okeedy,heat
f67r1,I,oteodaiin,medium
f67r1,I,ychsy,unmapped
f67r1,I,chekeey,unmapped
f67r1,I,ot,unmapped
f67r1,I,dol,outlet
f67r1,I,al,outlet
f67r1,I,cheor,reflux
f67r1,I,okeo,heat
f67r1,I,r,unmapped
f67r1,I,oiin,unmapped
f67r1,I,cheeky,unmapped
f67r1,I,ary,unmapped
f67r1,I,okeo,heat
f67r1,I,keds,unmapped
f67r1,I,oshey,unmapped
f67r1,I,shchey,unmapped
f67r1,I,chol,outlet
f67r1,I,dair,unmapped
f67r1,I,dain,unmapped
f67r1,I,cho,unmapped
f67r1,I,dar,reflux
f67r1,I,aldy,unmapped
f67r1,I,archeo,unmapped
f67r1,I,r,unmapped
f67r1,I,qoikeey,heat
f67r1,I,oteeos,unmapped
f67r1,I,cheockhey,unmapped
f67r1,I,oteochedy,unmapped
f67r1,I,okechdar,heat
f67r1,I,dararal,outlet
f67r1,I,okeorar,heat
f67r1,I,sotey,unmapped
f67r1,I,dair,unmapped
f67r1,I,yteey,unmapped
f67r1,I,oteo,unmapped
f67r1,I,s,unmapped
f67r1,I,oteees,unmapped
f67r1,I,oteo,unmapped
f67r1,I,oteesy,unmapped
f67r1,I,sheokeey,unmapped
f67r1,I,oteodal,outlet
f67r1,I,chokeed,unmapped
f67r1,I,sar,reflux
f67r1,I,ain,unmapped
f67r1,I,y,unmapped
f67r1,I,oto,unmapped
f67r1,I,keedais,unmapped
f67r1,I,deeety,unmapped
f67r1,I,okeey,heat
f67r1,I,teodain,unmapped
f67r1,I,chekchy,unmapped
f67r1,I,dair,unmapped
f67r1,I,chparam,drain
f67r1,I,otaldy,unmapped
f67r1,I,otoky,unmapped
f67r1,I,seeaiir,unmapped
f67r1,I,ykees,unmapped
f67r1,I,ary,unmapped
f67r1,I,sosaiir,unmapped
f67r1,I,oteey,unmapped
f67r1,I,dar,reflux
f67r1,I,yto,unmapped
f67r1,I,daiir,unmapped
f67r1,I,sheosam,drain
f67r1,I,ykeeody,unmapped
f67r1,I,okeol,heat
f67r1,I,sal,outlet
f67r1,I,okeey,heat
f67r1,I,sar,reflux
f67r1,I,dalary,unmapped
f67r2,I,ykshy,unmapped
f67r2,I,s,unmapped
f67r2,I,aram,drain
f67r2,I,ykecho,unmapped
f67r2,I,ols,unmapped
f67r2,I,eesydy,unmapped
f67r2,I,:ey,unmapped
f67r2,I,shs,unmapped
f67r2,I,okar,heat
f67r2,I,shekchy,unmapped
f67r2,I,sykos,unmapped
f67r2,I,ykeody,unmapped
f67r2,I,okchy,heat
f67r2,I,dchetay,unmapped
f67r2,I,ykchy,unmapped
f67r2,I,kchey,unmapped
f67r2,I,ykchys,unmapped
f67r2,I,chkchdar,reflux
f67r2,I,ykar,reflux
f67r2,I,ykaly,unmapped
f67r2,I,lkshy,unmapped
f67r2,I,kchy,unmapped
f67r2,I,okar,heat
f67r2,I,chky,unmapped
f67r2,I,chykchs,unmapped
f67r2,I,chy,unmapped
f67r2,I,ykees,unmapped
f67r2,I,ykchos,unmapped
f67r2,I,opodchol,outlet
f67r2,I,s,unmapped
f67r2,I,ain,unmapped
f67r2,I,aldy,unmapped
f67r2,I,soeey,unmapped
f67r2,I,doiin,unmapped
f67r2,I,oldy,unmapped
f67r2,I,dolchsody,unmapped
f67r2,I,odaeiin,unmapped
f67r2,I,okoes,heat
f67r2,I,oekain,unmapped
f67r2,I,y,unmapped
f67r2,I,otchey,unmapped
f67r2,I,soraiir,unmapped
f67r2,I,dy,unmapped
f67r2,I,qopchy,heat
f67r2,I,daiin,medium
f67r2,I,dal,outlet
f67r2,I,ydchos,unmapped
f67r2,I,ain,unmapped
f67r2,I,ar,reflux
f67r2,I,amy,unmapped
f67r2,I,chocfhy,unmapped
f67r2,I,saral,outlet
f67r2,I,sain,unmapped
f67r2,I,am,drain
f67r2,I,ar,reflux
f67r2,I,okal,heat
f67r2,I,oparchy,unmapped
f67r2,I,salsain,unmapped
f67r2,I,sodar,reflux
f67r2,I,ofar,reflux
f67r2,I,ar,reflux
f67r2,I,ydam,drain
f67r2,I,yteoor,reflux
f67r2,I,yto,unmapped
f67r2,I,ykor,reflux
f67r2,I,okeo,heat
f67r2,I,r,unmapped
f67r2,I,aiin,medium
f67r2,I,am,drain
f67r2,I,okain,heat
f67r2,I,am,drain
f67r2,I,ytody,unmapped
f67r2,I,saiin,medium
f67r2,I,ochol,outlet
f67r2,I,olol,outlet
f67r2,I,opcholdy,unmapped
f67r2,I,dosar,reflux
f67r2,I,odas,unmapped
f67r2,I,air,unmapped
f67r2,I,alaiin,medium
f67r2,I,dokan,unmapped
f67r2,I,oear,reflux
f67r2,I,odal,outlet
f67r2,I,ofar,reflux
f67r2,I,oeoldan,unmapped
f67r2,I,chol,outlet
f67r2,I,giin,unmapped
f67r2,I,okol,heat
f67r2,I,ytor,reflux
f67r2,I,daiin,medium
f67r2,I,or,reflux
f67r2,I,ytoaiin,medium
f67r2,I,otoldos,unmapped
f67r2,I,octhole,unmapped
f67r2,I,sor,reflux
f67r2,I,chedaiin,medium
f67r2,I,dy,unmapped
f67r2,I,yteos,unmapped
f67r2,I,oiin,unmapped
f67r2,I,og,unmapped
f67r2,I,ytoeopchey,unmapped
f67r2,I,chekody,unmapped
f67r2,I,sosho,unmapped
f67r2,I,chos,unmapped
f67r2,I,ockhy,unmapped
f67r2,I,daiin,medium
f67r2,I,aiin,medium
f67r2,I,os,unmapped
f67r2,I,qsg,unmapped
f67r2,I,ofydy,unmapped
f67r2,I,sheody,unmapped
f67r2,I,aiin,medium
f67r2,I,ycheody,unmapped
f67r2,I,es,unmapped
f67r2,I,odaiiin,unmapped
f67r2,I,yekees,unmapped
f67r2,I,oraly,unmapped
f67r2,I,yfain,unmapped
f67r2,I,todaiin,medium
f67r2,I,dain,unmapped
f67r2,I,dy,unmapped
f67r2,I,os,unmapped
f67r2,I,choer,unmapped
f67r2,I,aiin,medium
f67r2,I,choeea,unmapped
f67r2,I,sal,outlet
f67r2,I,dadaiin,medium
f67r2,I,qotoear,heat
f67r2,I,dchdar,reflux
f67r2,I,y,unmapped
f67r2,I,saldal,outlet
f67r2,I,ytodal,outlet
f67r2,I,tol,outlet
f67r2,I,daiin,medium
f67r2,I,otar,reflux
f67r2,I,dy,unmapped
f67r2,I,cho,unmapped
f67r2,I,dal,outlet
f67r2,I,g,unmapped
f67r2,I,ytchodly,unmapped
f67r2,I,octhys,unmapped
f67r2,I,ytokar,reflux
f67r2,I,otolor,reflux
f67r2,I,okodar,heat
f67r2,I,s,unmapped
f67r2,I,air,unmapped
f67r2,I,soear,reflux
f67r2,I,cpheey,unmapped
f67r2,I,okodar,heat
f67r2,I,oepchod,unmapped
f67r2,I,s,unmapped
f67r2,I,ay,unmapped
f67r2,I,osar,reflux
f67r2,I,oran,unmapped
f67r2,I,dar,reflux
f67r2,I,aldaiin,medium
f67r2,I,ydaiin,medium
f67r2,I,qkoy,unmapped
f67r2,I,ydaiin,medium
f67r2,I,qofair,heat
f67r2,I,ypair,unmapped
f67r2,I,ykoaiin,medium
f67r2,I,ydoly,unmapped
f67r2,I,ytalchos,unmapped
f67r2,I,oly,unmapped
f67r2,I,okey,heat
f67r2,I,sshey,unmapped
f67r2,I,sy,unmapped
f67r2,I,shees,unmapped
f67r2,I,qeykeey,unmapped
f67r2,I,ykchey,unmapped
f67r2,I,ykchey,unmapped
f67r2,I,qokeochy,heat
f67r2,I,oaiin,medium
f67r2,I,okol,heat
f67r2,I,ar,reflux
f67r2,I,olar,reflux
f67r2,I,yshey,unmapped
f67r2,I,qokeeody,heat
f67r2,I,cheos,unmapped
f67r2,I,oeeos,unmapped
f67r2,I,qockhy,heat
f67r2,I,chos,unmapped
f67r2,I,aiin,medium
f67r2,I,okeeody,heat
f67r2,I,qokoaiin,heat
f67r2,I,odain,unmapped
f67r2,I,ar,reflux
f67r2,I,air,unmapped
f67r2,I,ay,unmapped
f67v2,I,otchdy,unmapped
f67v2,I,otararain,unmapped
f67v2,I,tol,outlet
f67v2,I,or,reflux
f67v2,I,ain,unmapped
f67v2,I,am,drain
f67v2,I,otoly,unmapped
f67v2,I,sair,unmapped
f67v2,I,g,unmapped
f67v2,I,daiin,medium
f67v2,I,taedaiin,medium
f67v2,I,ar,reflux
f67v2,I,okor,heat
f67v2,I,okeey,heat
f67v2,I,keoy,unmapped
f67v2,I,salal,outlet
f67v2,I,ykaralam,drain
f67v2,I,olalade,unmapped
f67v2,I,odam,drain
f67v2,I,taol,outlet
f67v2,I,daig,unmapped
f67v2,I,sakar,reflux
f67v2,I,dam,drain
f67v2,I,solair,unmapped
f67v2,I,cphey,unmapped
f67v2,I,solal,outlet
f67v2,I,daly,unmapped
f67v2,I,okeal,heat
f67v2,I,ool,outlet
f67v2,I,ar,reflux
f67v2,I,okaldam,drain
f67v2,I,koain,unmapped
f67v2,I,opal,outlet
f67v2,I,ol,outlet
f67v2,I,ofolain,unmapped
f67v2,I,oar,reflux
f67v2,I,dcheeor,reflux
f67v2,I,ochepalain,unmapped
f67v2,I,oeolales,unmapped
f67v2,I,aisar,reflux
f67v2,I,okydseog,heat
f67v2,I,oeepoaly,unmapped
f67v2,I,or,reflux
f67v2,I,ykaly,unmapped
f67v2,I,char,reflux
f67v2,I,o,unmapped
f67v2,I,chekais,unmapped
f67v2,I,okolaim,heat
f67v2,I,okar,heat
f67v2,I,alet,unmapped
f67v2,I,olkao,unmapped
f67v2,I,qokoaiin,heat
f67v2,I,ocfhhy,unmapped
f67v2,I,okeeey,heat
f67v2,I,oekchdy,unmapped
f67v2,I,soaiin,medium
f67v2,I,dalam,drain
f67v2,I,sary,unmapped
f67v2,I,okoral,heat
f67v2,I,oko,heat
f67v2,I,okchos,heat
f67v2,I,am,drain
f67v1,I,damamm,drain
f67v1,I,dairkal,outlet
f67v1,I,okal,heat
f67v1,I,ary,unmapped
f67v1,I,dar,reflux
f67v1,I,echkalal,outlet
f67v1,I,okol,heat
f67v1,I,aldy,unmapped
f67v1,I,dchesykchy,unmapped
f67v1,I,ykeodar,reflux
f67v1,I,deeeoskol,outlet
f67v1,I,ockhosam,drain
f67v1,I,kochardy,unmapped
f67v1,I,ochodare,unmapped
f67v1,I,ols,unmapped
f67v1,I,aiiny,unmapped
f67v1,I,otorkeol,outlet
f67v1,I,orsheey,unmapped
f67v1,I,dary,unmapped
f67v1,I,okechey,heat
f67v1,I,cheody,unmapped
f67v1,I,cheky,unmapped
f67v1,I,otechodor,reflux
f67v1,I,odcheey,unmapped
f67v1,I,chockhey,unmapped
f67v1,I,chockhy,unmapped
f67v1,I,yteeey,unmapped
f67v1,I,keeochy,unmapped
f67v1,I,dair,unmapped
f67v1,I,ockey,unmapped
f67v1,I,keechey,unmapped
f67v1,I,chy,unmapped
f67v1,I,koldy,unmapped
f67v1,I,pchodaiin,medium
f67v1,I,otch,unmapped
f67v1,I,oekeey,unmapped
f67v1,I,dy,unmapped
f67v1,I,dcheeos,unmapped
f67v1,I,qokeeeody,heat
f67v1,I,eeis,unmapped
f67v1,I,olcheeg,unmapped
f67v1,I,ykeeo,unmapped
f67v1,I,cheo,unmapped
f67v1,I,daiin,medium
f67v1,I,ypcheg,unmapped
f67v1,I,oty,unmapped
f67v1,I,opcheey,unmapped
f67v1,I,chso,unmapped
f67v1,I,cheey,unmapped
f67v1,I,chedaly,unmapped
f67v1,I,ykeeey,unmapped
f67v1,I,qokeey,heat
f67v1,I,olokeey,unmapped
f67v1,I,s,unmapped
f67v1,I,osheey,unmapped
f67v1,I,keeody,unmapped
f67v1,I,cheedals,unmapped
f67v1,I,okar,heat
f67v1,I,shey,unmapped
f67v1,I,qokcheor,heat
f67v1,I,daiiin,unmapped
f67v1,I,oeees,unmapped
f67v1,I,otechy,unmapped
f67v1,I,o,unmapped
f67v1,I,keey,unmapped
f67v1,I,okeeodaiin,heat
f67v1,I,saii,unmapped
f67v1,I,dairal,outlet
f67v1,I,oksheeody,heat
f67v1,I,or,reflux
f67v1,I,aral,outlet
f67v1,I,olar,reflux
f67v1,I,aroky,unmapped
f68r1,I,shokchy,unmapped
f68r1,I,chteey,unmapped
f68r1,I,choteey,unmapped
f68r1,I,cphol,outlet
f68r1,I,cheor,reflux
f68r1,I,opcheeol,outlet
f68r1,I,otor,reflux
f68r1,I,choctheeey,unmapped
f68r1,I,okchoal,heat
f68r1,I,tochso,unmapped
f68r1,I,otchl,unmapped
f68r1,I,qokeeedy,heat
f68r1,I,cheey,unmapped
f68r1,I,cheeteey,unmapped
f68r1,I,yteody,unmapped
f68r1,I,chpor,reflux
f68r1,I,cheokorchey,unmapped
f68r1,I,chod,unmapped
f68r1,I,ykor,reflux
f68r1,I,shey,unmapped
f68r1,I,qocheey,heat
f68r1,I,chokal,outlet
f68r1,I,okeey,heat
f68r1,I,ror,reflux
f68r1,I,eckhear,reflux
f68r1,I,daram,drain
f68r1,I,dchor,reflux
f68r1,I,okaiiin,heat
f68r1,I,yky,unmapped
f68r1,I,dary,unmapped
f68r1,I,chkchykoly,unmapped
f68r1,I,okodaly,heat
f68r1,I,odchecthy,unmapped
f68r1,I,otcheody,unmapped
f68r1,I,okoaly,heat
f68r1,I,chocfhy,unmapped
f68r1,I,octhey,unmapped
f68r1,I,otshey,unmapped
f68r1,I,otydy,unmapped
f68r1,I,okear,heat
f68r1,I,cphocthy,unmapped
f68r1,I,ytchody,unmapped
f68r1,I,otys,unmapped
f68r1,I,olor,reflux
f68r1,I,ockhy,unmapped
f68r1,I,ofcheor,reflux
f68r1,I,otchdy,unmapped
f68r1,I,otykchs,unmapped
f68r1,I,otol,outlet
f68r1,I,otor,reflux
f68r1,I,oiinar,reflux
f68r1,I,okoldy,heat
f68r1,I,ykchdy,unmapped
f68r1,I,oeeody,unmapped
f68r1,I,ocphy,unmapped
f68r1,I,okeeodal,heat
f68r1,I,okshor,heat
f68r1,I,osdaiin,medium
f68r1,I,otochedy,unmapped
f68r1,I,dolchedy,unmapped
f68r1,I,oky,heat
f68r1,I,okchdy,heat
f68r1,I,okardy,heat
f68r1,I,qear,reflux
f68r1,I,oygy,unmapped
f68r2,I,tsheeor,reflux
f68r2,I,chor,reflux
f68r2,I,sheal,outlet
f68r2,I,dar,reflux
f68r2,I,opchey,unmapped
f68r2,I,oeecthy,unmapped
f68r2,I,sheol,outlet
f68r2,I,dokechy,unmapped
f68r2,I,otcheoly,unmapped
f68r2,I,dchy,unmapped
f68r2,I,ykeechy,unmapped
f68r2,I,dchyky,unmapped
f68r2,I,okeeody,heat
f68r2,I,rcheodal,outlet
f68r2,I,chokeey,unmapped
f68r2,I,cheor,reflux
f68r2,I,oram,drain
f68r2,I,tcheos,unmapped
f68r2,I,otchoky,unmapped
f68r2,I,okchol,heat
f68r2,I,okol,heat
f68r2,I,sheeor,reflux
f68r2,I,chodchy,unmapped
f68r2,I,qokchdar,heat
f68r2,I,chor,reflux
f68r2,I,chesy,unmapped
f68r2,I,oreed,unmapped
f68r2,I,qoeeckhy,heat
f68r2,I,qockheol,heat
f68r2,I,qokeol,heat
f68r2,I,cheoal,outlet
f68r2,I,dcholal,outlet
f68r2,I,kcheoey,unmapped
f68r2,I,cheody,unmapped
f68r2,I,sain,unmapped
f68r2,I,ykeody,unmapped
f68r2,I,chykchy,unmapped
f68r2,I,okeo,heat
f68r2,I,okar,heat
f68r2,I,oky,heat
f68r2,I,okozy,heat
f68r2,I,okaesy,heat
f68r2,I,qokool,heat
f68r2,I,chio,unmapped
f68r2,I,qoiol,heat
f68r2,I,oolchy,unmapped
f68r2,I,cheorol,outlet
f68r2,I,odaiin,medium
f68r2,I,ochory,unmapped
f68r2,I,shdar,reflux
f68r2,I,dchol,outlet
f68r2,I,todaraiily,unmapped
f68r2,I,olcheesey,unmapped
f68r2,I,okchor,heat
f68r2,I,oteool,outlet
f68r2,I,oydchy,unmapped
f68r2,I,okeeeody,heat
f68r2,I,cholar,reflux
f68r2,I,dcheoldy,unmapped
f68r2,I,oteeear,reflux
f68r2,I,otoeeo,unmapped
f68r2,I,ofcheody,unmapped
f68r2,I,otcheodar,reflux
f68r2,I,odair,unmapped
f68r2,I,chol,outlet
f68r2,I,opocphor,reflux
f68r2,I,otoshol,outlet
f68r2,I,chodar,reflux
f68r2,I,sheey,unmapped
f68r2,I,okeeeeor,heat
f68r2,I,okey,heat
f68r2,I,okoaiin,heat
f68r2,I,okol,heat
f68r2,I,o,unmapped
f68r2,I,ky,unmapped
f68r2,I,oeeeo,unmapped
f68r2,I,r,unmapped
f68r2,I,okey,heat
f68r2,I,okeeol,heat
f68r2,I,cheo,unmapped
f68r2,I,o,unmapped
f68r3,I,odeed,unmapped
f68r3,I,oteedy,unmapped
f68r3,I,cheoteey,unmapped
f68r3,I,oshchey,unmapped
f68r3,I,chokol,outlet
f68r3,I,cheody,unmapped
f68r3,I,chedy,unmapped
f68r3,I,oteodaiin,medium
f68r3,I,otchodal,outlet
f68r3,I,sol,outlet
f68r3,I,cheor,reflux
f68r3,I,oteo,unmapped
f68r3,I,choteey,unmapped
f68r3,I,oeteody,unmapped
f68r3,I,opcheody,unmapped
f68r3,I,dchedy,unmapped
f68r3,I,daiin,medium
f68r3,I,oteeody,unmapped
f68r3,I,dascheedy,unmapped
f68r3,I,oteeody,unmapped
f68r3,I,qoeeeg,heat
f68r3,I,dcheeo,unmapped
f68r3,I,okeodly,heat
f68r3,I,do,unmapped
f68r3,I,ls,unmapped
f68r3,I,oschaiin,medium
f68r3,I,cheockhedchy,unmapped
f68r3,I,chodal,outlet
f68r3,I,cheoda,unmapped
f68r3,I,chol,outlet
f68r3,I,al,outlet
f68r3,I,oteodched,unmapped
f68r3,I,okedy,heat
f68r3,I,qokeey,heat
f68r3,I,shoky,unmapped
f68r3,I,dol,outlet
f68r3,I,daleeed,unmapped
f68r3,I,okeoeiiir,heat
f68r3,I,toees,unmapped
f68r3,I,ykeo,unmapped
f68r3,I,she,unmapped
f68r3,I,qokolchey,heat
f68r3,I,qokchdy,heat
f68r3,I,tochedy,unmapped
f68r3,I,chocphy,unmapped
f68r3,I,qokchdy,heat
f68r3,I,dyl,unmapped
f68r3,I,okald,heat
f68r3,I,dchy,unmapped
f68r3,I,kchy,unmapped
f68r3,I,daiir,unmapped
f68r3,I,chok,unmapped
f68r3,I,ockhydar,reflux
f68r3,I,qokol,heat
f68r3,I,chdchol,outlet
f68r3,I,qoteey,heat
f68r3,I,che,unmapped
f68r3,I,kechy,unmapped
f68r3,I,okchdy,heat
f68r3,I,dchokchy,unmapped
f68r3,I,y,unmapped
f68r3,I,okey,heat
f68r3,I,oteos,unmapped
f68r3,I,okolshy,heat
f68r3,I,pchody,unmapped
f68r3,I,qokchy,heat
f68r3,I,dshol,outlet
f68r3,I,d,unmapped
f68r3,I,o,unmapped
f68r3,I,tgolg,unmapped
f68r3,I,keeoty,unmapped
f68r3,I,oteey,unmapped
f68r3,I,daiin,medium
f68r3,I,dcheeody,unmapped
f68r3,I,oteey,unmapped
f68r3,I,dchey,unmapped
f68r3,I,qokeey,heat
f68r3,I,dcheey,unmapped
f68r3,I,daiir,unmapped
f68r3,I,otchal,outlet
f68r3,I,dchol,outlet
f68r3,I,day,unmapped
f68r3,I,doaro,unmapped
f68r3,I,oalcheol,outlet
f68r3,I,okos,heat
f68r3,I,otary,unmapped
f68r3,I,chky,unmapped
f68r3,I,oky,heat
f68r3,I,e,unmapped
f68r3,I,cphy,unmapped
f68r3,I,okolchy,heat
f68r3,I,o,unmapped
f68r3,I,cthyd,unmapped
f68r3,I,otydg,unmapped
f68r3,I,darall,unmapped
f68r3,I,okchody,heat
f68r3,I,otcheody,unmapped
f68r3,I,chokchy,unmapped
f68r3,I,okol,heat
f68r3,I,cheol,outlet
f68r3,I,dar,reflux
f68r3,I,cho,unmapped
f68r3,I,keol,outlet
f68r3,I,dolaiin,medium
f68r3,I,okeol,heat
f68r3,I,oly,unmapped
f68v3,I,tchedy,unmapped
f68v3,I,chepchy,unmapped
f68v3,I,daiidy,unmapped
f68v3,I,shol,outlet
f68v3,I,kcheoly,unmapped
f68v3,I,choteol,outlet
f68v3,I,shol,outlet
f68v3,I,s,unmapped
f68v3,I,chey,unmapped
f68v3,I,shodaiin,medium
f68v3,I,chetshedy,unmapped
f68v3,I,otsho,unmapped
f68v3,I,qooto,heat
f68v3,I,seeey,unmapped
f68v3,I,sshey,unmapped
f68v3,I,kcheol,outlet
f68v3,I,sheey,unmapped
f68v3,I,qety,unmapped
f68v3,I,sheey,unmapped
f68v3,I,otchol,outlet
f68v3,I,chal,outlet
f68v3,I,sheey,unmapped
f68v3,I,daiin,medium
f68v3,I,sheody,unmapped
f68v3,I,qokol,heat
f68v3,I,aiir,unmapped
f68v3,I,chor,reflux
f68v3,I,cheoty,unmapped
f68v3,I,oty,unmapped
f68v3,I,sho,unmapped
f68v3,I,chokar,reflux
f68v3,I,sor,reflux
f68v3,I,chor,reflux
f68v3,I,cheky,unmapped
f68v3,I,daiin,medium
f68v3,I,dar,reflux
f68v3,I,aiiin,unmapped
f68v3,I,ytey,unmapped
f68v3,I,tol,outlet
f68v3,I,cheeetchol,outlet
f68v3,I,sam,drain
f68v3,I,dcheey,unmapped
f68v3,I,qoy,heat
f68v3,I,chydy,unmapped
f68v3,I,oky,heat
f68v3,I,otol,outlet
f68v3,I,ees,unmapped
f68v3,I,choty,unmapped
f68v3,I,chedas,unmapped
f68v3,I,otchdy,unmapped
f68v3,I,s,unmapped
f68v3,I,ar,reflux
f68v3,I,oekaiin,medium
f68v3,I,oteol,outlet
f68v3,I,dar,reflux
f68v3,I,cheo,unmapped
f68v3,I,dais,unmapped
f68v3,I,qoeeo,heat
f68v3,I,kaiin,medium
f68v3,I,okchey,heat
f68v3,I,dal,outlet
f68v3,I,cheky,unmapped
f68v3,I,ykos,unmapped
f68v3,I,yakeg,unmapped
f68v3,I,s,unmapped
f68v3,I,ol,outlet
f68v3,I,ay,unmapped
f68v3,I,ykoees,unmapped
f68v3,I,yty,unmapped
f68v3,I,dy,unmapped
f68v3,I,dy,unmapped
f68v3,I,chody,unmapped
f68v3,I,otol,outlet
f68v3,I,ol,outlet
f68v3,I,ees,unmapped
f68v3,I,oty,unmapped
f68v3,I,dar,reflux
f68v3,I,qotay,heat
f68v3,I,otoy,unmapped
f68v3,I,chey,unmapped
f68v3,I,kodar,reflux
f68v3,I,dar,reflux
f68v3,I,sheody,unmapped
f68v3,I,shees,unmapped
f68v3,I,daiin,medium
f68v3,I,oteeoaly,unmapped
f68v3,I,oteeosol,outlet
f68v3,I,ol,outlet
f68v3,I,okol,heat
f68v3,I,olsey,unmapped
f68v3,I,tol,outlet
f68v3,I,cheol,outlet
f68v3,I,okeey,heat
f68v3,I,choekcheey,unmapped
f68v3,I,okchy,heat
f68v3,I,qokchshy,heat
f68v3,I,dchol,outlet
f68v3,I,chshek,unmapped
f68v3,I,ocheal,outlet
f68v3,I,qoeey,heat
f68v3,I,keody,unmapped
f68v3,I,cheoky,unmapped
f68v3,I,okeey,heat
f68v3,I,chody,unmapped
f68v3,I,dy,unmapped
f68v3,I,otem,unmapped
f68v3,I,r,unmapped
f68v3,I,al,outlet
f68v3,I,chdail,unmapped
f68v3,I,schekol,outlet
f68v3,I,okeody,heat
f68v3,I,okeol,heat
f68v3,I,cheody,unmapped
f68v3,I,qoekeey,heat
f68v3,I,ocheky,unmapped
f68v3,I,eeody,unmapped
f68v3,I,okchdy,heat
f68v3,I,oko,heat
f68v3,I,okos,heat
f68v3,I,shoekechy,unmapped
f68v3,I,sheky,unmapped
f68v3,I,okolchey,heat
f68v3,I,okolmom,heat
f68v3,I,qokeody,heat
f68v3,I,okeey,heat
f68v3,I,chekchy,unmapped
f68v3,I,chckhy,unmapped
f68v3,I,okal,heat
f68v3,I,ody,unmapped
f68v3,I,chedy,unmapped
f68v3,I,ycheeo,unmapped
f68v3,I,key,unmapped
f68v3,I,qokal,heat
f68v3,I,okeeg,heat
f68v3,I,ochey,unmapped
f68v3,I,chekchy,unmapped
f68v3,I,dkeeeg,unmapped
f68v3,I,cheekey,unmapped
f68v3,I,teokechey,unmapped
f68v3,I,saiir,unmapped
f68v3,I,ydaiil,unmapped
f68v3,I,ol,outlet
f68v3,I,chek,unmapped
f68v3,I,okchyd,heat
f68v3,I,okosy,heat
f68v3,I,okchy,heat
f68v3,I,okol,heat
f68v3,I,choekey,unmapped
f68v3,I,okeoeeey,heat
f68v3,I,ol,outlet
f68v3,I,ykon,unmapped
f68v3,I,otairos,unmapped
f68v3,I,orol,outlet
f68v3,I,orkeeey,unmapped
f68v3,I,olkeeoly,unmapped
f68v3,I,ykeeol,outlet
f68v3,I,otodol,outlet
f68v3,I,opcholdg,unmapped
f68v3,I,roar,reflux
f68v3,I,ykeol,outlet
f68v3,I,darol,outlet
f68v3,I,daly,unmapped
f68v3,I,solaiin,medium
f68v3,I,y,unmapped
f68v3,I,olekeey,unmapped
f68v3,I,dy,unmapped
f68v3,I,ykeol,outlet
f68v3,I,ctheepoey,unmapped
f68v3,I,dar,reflux
f68v2,I,teeody,unmapped
f68v2,I,shcthey,unmapped
f68v2,I,psheody,unmapped
f68v2,I,shocthy,unmapped
f68v2,I,ykeody,unmapped
f68v2,I,shdy,unmapped
f68v2,I,shot,unmapped
f68v2,I,ytchy,unmapped
f68v2,I,dchaiin,medium
f68v2,I,shey,unmapped
f68v2,I,dcheedy,unmapped
f68v2,I,qokeey,heat
f68v2,I,shckeey,unmapped
f68v2,I,dal,outlet
f68v2,I,dy,unmapped
f68v2,I,sheetey,unmapped
f68v2,I,daldy,unmapped
f68v2,I,qoeeey,heat
f68v2,I,shekeey,unmapped
f68v2,I,shkeey,unmapped
f68v2,I,s,unmapped
f68v2,I,alchey,unmapped
f68v2,I,cthy,unmapped
f68v2,I,shteody,unmapped
f68v2,I,qoteeody,heat
f68v2,I,dam,drain
f68v2,I,okeey,heat
f68v2,I,sheoy,unmapped
f68v2,I,keol,outlet
f68v2,I,ycheety,unmapped
f68v2,I,okeody,heat
f68v2,I,shey,unmapped
f68v2,I,qokey,heat
f68v2,I,chol,outlet
f68v2,I,chekody,unmapped
f68v2,I,scheos,unmapped
f68v2,I,seekey,unmapped
f68v2,I,okey,heat
f68v2,I,chody,unmapped
f68v2,I,okeos,heat
f68v2,I,cheo,unmapped
f68v2,I,sal,outlet
f68v2,I,ar,reflux
f68v2,I,oallchdm,drain
f68v2,I,okeadaiin,heat
f68v2,I,ykeeody,unmapped
f68v2,I,shsdy,unmapped
f68v2,I,shyokeey,unmapped
f68v2,I,dalches,unmapped
f68v2,I,okos,heat
f68v2,I,cheky,unmapped
f68v2,I,otees,unmapped
f68v2,I,oteydy,unmapped
f68v2,I,okechoy,heat
f68v2,I,yteody,unmapped
f68v2,I,chetedy,unmapped
f68v2,I,chedady,unmapped
f68v2,I,eectheey,unmapped
f68v2,I,otychdy,unmapped
f68v2,I,oteey,unmapped
f68v2,I,cpheeo,unmapped
f68v2,I,dy,unmapped
f68v2,I,otey,unmapped
f68v2,I,chkey,unmapped
f68v2,I,daiin,medium
f68v2,I,chey,unmapped
f68v2,I,daiir,unmapped
f68v2,I,oteeys,unmapped
f68v2,I,sar,reflux
f68v2,I,ockheey,unmapped
f68v2,I,dor,reflux
f68v2,I,chy,unmapped
f68v2,I,okchy,heat
f68v2,I,qokeechy,heat
f68v2,I,dal,outlet
f68v2,I,chy,unmapped
f68v2,I,chokeeey,unmapped
f68v2,I,sary,unmapped
f68v2,I,otey,unmapped
f68v2,I,dalar,reflux
f68v2,I,otosey,unmapped
f68v2,I,sary,unmapped
f68v2,I,yshesas,unmapped
f68v2,I,ar,reflux
f68v2,I,shy,unmapped
f68v2,I,socths,unmapped
f68v2,I,chety,unmapped
f68v2,I,oteoys,unmapped
f68v2,I,orasaly,unmapped
f68v2,I,yteody,unmapped
f68v2,I,chetey,unmapped
f68v2,I,oteeos,unmapped
f68v2,I,alamchy,unmapped
f68v2,I,otchdy,unmapped
f68v2,I,chetal,outlet
f68v2,I,adairchdy,unmapped
f68v2,I,aiin,medium
f68v2,I,dchedal,outlet
f68v2,I,daiin,medium
f68v2,I,ykeeepol,outlet
f68v2,I,ypchy,unmapped
f68v2,I,choteey,unmapped
f68v2,I,dary,unmapped
f68v1,I,shes,unmapped
f68v1,I,ol,outlet
f68v1,I,keey,unmapped
f68v1,I,shes,unmapped
f68v1,I,chteey,unmapped
f68v1,I,sheely,unmapped
f68v1,I,shes,unmapped
f68v1,I,yeeg,unmapped
f68v1,I,shokeolls,unmapped
f68v1,I,ees,unmapped
f68v1,I,aiir,unmapped
f68v1,I,ol,outlet
f68v1,I,cho,unmapped
f68v1,I,aiin,medium
f68v1,I,ykeeykeey,unmapped
f68v1,I,ches,unmapped
f68v1,I,chotey,unmapped
f68v1,I,y,unmapped
f68v1,I,keey,unmapped
f68v1,I,shes,unmapped
f68v1,I,aiin,medium
f68v1,I,okeyteey,heat
f68v1,I,cthody,unmapped
f68v1,I,chesokcho,unmapped
f68v1,I,teody,unmapped
f68v1,I,chockhy,unmapped
f68v1,I,otol,outlet
f68v1,I,okeody,heat
f68v1,I,cheos,unmapped
f68v1,I,chkorchy,unmapped
f68v1,I,dy,unmapped
f68v1,I,dy,unmapped
f68v1,I,shety,unmapped
f68v1,I,oteey,unmapped
f68v1,I,dair,unmapped
f68v1,I,chotedy,unmapped
f68v1,I,chey,unmapped
f68v1,I,dal,outlet
f68v1,I,daiin,medium
f68v1,I,dokeey,unmapped
f68v1,I,chear,reflux
f68v1,I,s,unmapped
f68v1,I,oteey,unmapped
f68v1,I,dain,unmapped
f68v1,I,dycheckhy,unmapped
f68v1,I,oteeos,unmapped
f68v1,I,oteol,outlet
f68v1,I,okeor,heat
f68v1,I,okeeody,heat
f68v1,I,sho,unmapped
f68v1,I,ykeod,unmapped
f68v1,I,oteeol,outlet
f68v1,I,okeeos,heat
f68v1,I,or,reflux
f68v1,I,chos,unmapped
f68v1,I,or,reflux
f68v1,I,o,unmapped
f68v1,I,aiin,medium
f68v1,I,chol,outlet
f68v1,I,ykeey,unmapped
f68v1,I,sheo,unmapped
f68v1,I,s,unmapped
f68v1,I,cheoekeey,unmapped
f68v1,I,cheodaiir,unmapped
f68v1,I,cheekchey,unmapped
f68v1,I,chkeody,unmapped
f68v1,I,okchy,heat
f68v1,I,teeos,unmapped
f68v1,I,sh,unmapped
f68v1,I,cheo,unmapped
f68v1,I,eky,unmapped
f68v1,I,okey,heat
f68v1,I,dleed,unmapped
f68v1,I,s,unmapped
f68v1,I,aly,unmapped
f68v1,I,oteotey,unmapped
f68v1,I,otechs,unmapped
f68v1,I,opain,unmapped
f68v1,I,dair,unmapped
f68v1,I,apeeety,unmapped
f68v1,I,dy,unmapped
f68v1,I,sair,unmapped
f68v1,I,aroyser,unmapped
f68v1,I,oteeor,reflux
f68v1,I,arany,unmapped
f68v1,I,okechdaral,heat
f68v1,I,otol,outlet
f68v1,I,ches,unmapped
f68v1,I,otaly,unmapped
f68v1,I,okeey,heat
f68v1,I,chek,unmapped
f68v1,I,chekeys,unmapped
f68v1,I,dar,reflux
f68v1,I,shes,unmapped
f68v1,I,shokey,unmapped
f68v1,I,oteodain,unmapped
f68v1,I,sam,drain
f69r,J,tcheeos,unmapped
f69r,J,shey,unmapped
f69r,J,opaiin,medium
f69r,J,chey,unmapped
f69r,J,shey,unmapped
f69r,J,qokeeyshdy,heat
f69r,J,ol,outlet
f69r,J,ot,unmapped
f69r,J,otal,outlet
f69r,J,sar,reflux
f69r,J,daiin,medium
f69r,J,shey,unmapped
f69r,J,okaiin,heat
f69r,J,shkechy,unmapped
f69r,J,sheey,unmapped
f69r,J,tey,unmapped
f69r,J,chy,unmapped
f69r,J,cthy,unmapped
f69r,J,otol,outlet
f69r,J,cham,drain
f69r,J,sheos,unmapped
f69r,J,aiin,medium
f69r,J,ar,reflux
f69r,J,choetey,unmapped
f69r,J,okal,heat
f69r,J,chy,unmapped
f69r,J,ykar,reflux
f69r,J,ytchey,unmapped
f69r,J,cheotam,drain
f69r,J,ycheoraiin,medium
f69r,J,ychey,unmapped
f69r,J,otaiin,medium
f69r,J,okchor,heat
f69r,J,yty,unmapped
f69r,J,chkal,outlet
f69r,J,shol,outlet
f69r,J,oteos,unmapped
f69r,J,chop,unmapped
f69r,J,otaike,unmapped
f69r,J,ar,reflux
f69r,J,odair,unmapped
f69r,J,chtaly,unmapped
f69r,J,oto,unmapped
f69r,J,dar,reflux
f69r,J,archol,outlet
f69r,J,okeey,heat
f69r,J,chey,unmapped
f69r,J,dy,unmapped
f69r,J,dcho,unmapped
f69r,J,char,reflux
f69r,J,ar,reflux
f69r,J,ytal,outlet
f69r,J,air,unmapped
f69r,J,al,outlet
f69r,J,shy,unmapped
f69r,J,chtairy,unmapped
f69r,J,yt,unmapped
f69r,J,oetear,reflux
f69r,J,ytey,unmapped
f69r,J,cholam,drain
f69r,J,dair,unmapped
f69r,J,ar,reflux
f69r,J,yteey,unmapped
f69r,J,chdy,unmapped
f69r,J,okair,heat
f69r,J,os,unmapped
f69r,J,air,unmapped
f69r,J,chytos,unmapped
f69r,J,oly,unmapped
f69r,J,chetar,reflux
f69r,J,araly,unmapped
f69r,J,dair,unmapped
f69r,J,alody,unmapped
f69r,J,dal,outlet
f69r,J,daiin,medium
f69r,J,otalam,drain
f69r,J,ytcheodytor,reflux
f69r,J,chodchy,unmapped
f69r,J,chotal,outlet
f69r,J,okeo,heat
f69r,J,sho,unmapped
f69r,J,qotam,drain
f69r,J,okeodar,heat
f69r,J,oteody,unmapped
f69r,J,ykeeos,unmapped
f69r,J,al,outlet
f69r,J,dair,unmapped
f69r,J,dar,reflux
f69r,J,ykeey,unmapped
f69r,J,dal,outlet
f69r,J,oky,heat
f69r,J,doly,unmapped
f69r,J,dal,outlet
f69r,J,dar,reflux
f69r,J,chyky,unmapped
f69r,J,okchol,heat
f69r,J,qokol,heat
f69r,J,daly,unmapped
f69r,J,ykechody,unmapped
f69r,J,otar,reflux
f69r,J,dary,unmapped
f69r,J,dar,reflux
f69r,J,aloly,unmapped
f69r,J,okeeocthy,heat
f69r,J,okar,heat
f69r,J,ar,reflux
f69r,J,chey,unmapped
f69r,J,ar,reflux
f69r,J,cthorary,unmapped
f69r,J,sair,unmapped
f69r,J,chekey,unmapped
f69r,J,sairam,drain
f69r,J,okeeo,heat
f69r,J,dal,outlet
f69r,J,okar,heat
f69r,J,ar,reflux
f69r,J,sol,outlet
f69r,J,aiir,unmapped
f69r,J,okeytam,drain
f69r,J,okeos,heat
f69r,J,ar,reflux
f69r,J,ald,unmapped
f69r,J,docheeo,unmapped
f69r,J,kody,unmapped
f69r,J,sar,reflux
f69r,J,dchokey,unmapped
f69r,J,shkchodyal,outlet
f69r,J,chor,reflux
f69r,J,al,outlet
f69r,J,alchy,unmapped
f69r,J,ral,outlet
f69r,J,sair,unmapped
f69r,J,al,outlet
f69r,J,okody,heat
f69r,J,otedy,unmapped
f69r,J,okody,heat
f69r,J,cheody,unmapped
f69r,J,sar,reflux
f69r,J,chokeod,unmapped
f69r,J,okeey,heat
f69r,J,dkochy,unmapped
f69r,J,cthody,unmapped
f69r,J,dy,unmapped
f69r,J,okoeese,heat
f69r,J,daiikey,unmapped
f69r,J,oees,unmapped
f69r,J,chear,reflux
f69r,J,yteey,unmapped
f69r,J,oteeodar,reflux
f69r,J,chy,unmapped
f69r,J,okeeos,heat
f69r,J,alaiin,medium
f69r,J,y,unmapped
f69r,J,d,unmapped
f69r,J,o,unmapped
f69r,J,l,unmapped
f69r,J,s,unmapped
f69r,J,ed,unmapped
f69v,J,dair,unmapped
f69v,J,cheyky,unmapped
f69v,J,otaza,unmapped
f69v,J,sar,reflux
f69v,J,ar,reflux
f69v,J,chykar,reflux
f69v,J,okoirsh,heat
f69v,J,ar,reflux
f69v,J,chetody,unmapped
f69v,J,okeeos,heat
f69v,J,o,unmapped
f69v,J,tey,unmapped
f69v,J,otokeeey,unmapped
f69v,J,okeeody,heat
f69v,J,okeey,heat
f69v,J,doiir,unmapped
f69v,J,teeo,unmapped
f69v,J,y,unmapped
f69v,J,chey,unmapped
f69v,J,ot,unmapped
f69v,J,y,unmapped
f69v,J,okedy,heat
f69v,J,chsdy,unmapped
f69v,J,okeod,heat
f69v,J,y,unmapped
f69v,J,dy,unmapped
f69v,J,choaiin,medium
f69v,J,okar,heat
f69v,J,okar,heat
f69v,J,chol,outlet
f69v,J,chees,unmapped
f69v,J,yto,unmapped
f69v,J,odair,unmapped
f69v,J,oty,unmapped
f69v,J,oteeo,unmapped
f69v,J,dar,reflux
f69v,J,o,unmapped
f69v,J,eykeody,unmapped
f69v,J,dchor,reflux
f69v,J,char,reflux
f69v,J,yka,unmapped
f69v,J,chol,outlet
f69v,J,ykar,reflux
f69v,J,dal,outlet
f69v,J,ykady,unmapped
f69v,J,iokeeor,reflux
f69v,J,cheey,unmapped
f69v,J,choly,unmapped
f69v,J,ykeeal,outlet
f69v,J,cheo,unmapped
f69v,J,oaram,drain
f69v,J,ockhy,unmapped
f69v,J,sheey,unmapped
f69v,J,aiin,medium
f69v,J,y,unmapped
f69v,J,daiial,outlet
f69v,J,cheody,unmapped
f69v,J,cheal,outlet
f69v,J,yetey,unmapped
f69v,J,chear,reflux
f69v,J,y,unmapped
f69v,J,dy,unmapped
f69v,J,ykey,unmapped
f69v,J,ch,unmapped
f69v,J,y,unmapped
f69v,J,dy,unmapped
f69v,J,chol,outlet
f69v,J,ykar,reflux
f69v,J,ol,outlet
f69v,J,y,unmapped
f69v,J,ykeeody,unmapped
f69v,J,chey,unmapped
f69v,J,dal,outlet
f69v,J,ody,unmapped
f69v,J,airchy,unmapped
f69v,J,choky,unmapped
f69v,J,ychey,unmapped
f69v,J,chey,unmapped
f69v,J,doair,unmapped
f69v,J,otaldal,outlet
f69v,J,dair,unmapped
f69v,J,chdy,unmapped
f69v,J,otoar,reflux
f69v,J,ar,reflux
f69v,J,chy,unmapped
f69v,J,qoteor,heat
f69v,J,cho,unmapped
f69v,J,qotair,heat
f69v,J,chda,unmapped
f69v,J,oteeal,outlet
f69v,J,cheor,reflux
f69v,J,ar,reflux
f69v,J,air,unmapped
f69v,J,oteody,unmapped
f69v,J,ytyd,unmapped
f69v,J,a,unmapped
f69v,J,dchy,unmapped
f69v,J,otoly,unmapped
f69v,J,okeodal,heat
f69v,J,oteoarar,reflux
f69v,J,cheteeser,unmapped
f69v,J,dair,unmapped
f69v,J,chey,unmapped
f69v,J,okody,heat
f69v,J,dal,outlet
f69v,J,oteey,unmapped
f69v,J,oteey,unmapped
f69v,J,okeey,heat
f69v,J,sar,reflux
f69v,J,okeo,heat
f69v,J,dy,unmapped
f69v,J,ochoyk,unmapped
f69v,J,ykeey,unmapped
f69v,J,ytory,unmapped
f69v,J,oeesy,unmapped
f69v,J,ytody,unmapped
f69v,J,okody,heat
f69v,J,otody,unmapped
f69v,J,okeal,heat
f69v,J,okeod,heat
f69v,J,oteeys,unmapped
f69v,J,oteol,outlet
f69v,J,ykeydy,unmapped
f69v,J,okeod,heat
f69v,J,saral,outlet
f69v,J,saiir,unmapped
f69v,J,okolar,heat
f69v,J,ykeody,unmapped
f69v,J,sarydy,unmapped
f69v,J,otchy,unmapped
f69v,J,okeey,heat
f69v,J,dy,unmapped
f69v,J,okey,heat
f69v,J,d,unmapped
f69v,J,okeod,heat
f69v,J,okodchy,heat
f69v,J,okeody,heat
f69v,J,okcheys,heat
f69v,J,oar,reflux
f69v,J,alys,unmapped
f70r1,J,ooooooooolar,reflux
f70r1,J,sasa,unmapped
f70r1,J,oteody,unmapped
f70r1,J,choekeeos,unmapped
f70r1,J,alair,unmapped
f70r1,J,dy,unmapped
f70r1,J,okol,heat
f70r1,J,okeey,heat
f70r1,J,dasy,unmapped
f70r1,J,otarsheod,unmapped
f70r1,J,okchody,heat
f70r1,J,oteos,unmapped
f70r1,J,okes,heat
f70r1,J,okeys,heat
f70r1,J,ey,unmapped
f70r1,J,okchol,heat
f70r1,J,sairody,unmapped
f70r1,J,o,unmapped
f70r1,J,chopcheopchy,unmapped
f70r1,J,chol,outlet
f70r1,J,air,unmapped
f70r1,J,shekchy,unmapped
f70r1,J,choteody,unmapped
f70r1,J,oteeshs,unmapped
f70r1,J,opcheody,unmapped
f70r1,J,otol,outlet
f70r1,J,choky,unmapped
f70r1,J,chody,unmapped
f70r1,J,chotey,unmapped
f70r1,J,sheal,outlet
f70r1,J,ar,reflux
f70r1,J,ykeody,unmapped
f70r1,J,oteey,unmapped
f70r1,J,chedaiin,medium
f70r1,J,chotar,reflux
f70r1,J,soly,unmapped
f70r1,J,okeodar,heat
f70r1,J,chy,unmapped
f70r1,J,oteody,unmapped
f70r1,J,tochady,unmapped
f70r1,J,okchody,heat
f70r1,J,ytar,reflux
f70r1,J,ytory,unmapped
f70r1,J,okeol,heat
f70r1,J,choly,unmapped
f70r1,J,yk,unmapped
f70r1,J,y,unmapped
f70r1,J,okchedy,heat
f70r1,J,chkal,outlet
f70r1,J,ofchon,unmapped
f70r1,J,qokal,heat
f70r1,J,opolaiin,medium
f70r1,J,okeos,heat
f70r1,J,oty,unmapped
f70r1,J,dal,outlet
f70r1,J,cheokeey,unmapped
f70r1,J,dal,outlet
f70r1,J,cheo,unmapped
f70r1,J,al,outlet
f70r1,J,oteeoky,unmapped
f70r1,J,chety,unmapped
f70r1,J,chodalar,reflux
f70r1,J,okal,heat
f70r1,J,chear,reflux
f70r1,J,aly,unmapped
f70r1,J,oteos,unmapped
f70r1,J,ar,reflux
f70r1,J,os,unmapped
f70r1,J,al,outlet
f70r1,J,okolair,heat
f70r1,J,dy,unmapped
f70r1,J,yfcheodly,unmapped
f70r1,J,ytcheos,unmapped
f70r1,J,aly,unmapped
f70r1,J,otchy,unmapped
f70r1,J,dar,reflux
f70r1,J,yky,unmapped
f70r1,J,opar,reflux
f70r1,J,ykchy,unmapped
f70r1,J,y,unmapped
f70r1,J,saikchy,unmapped
f70r1,J,dam,drain
f70r1,J,otair,unmapped
f70r1,J,oroldy,unmapped
f70r1,J,dchal,outlet
f70r1,J,daim,unmapped
f70r1,J,yteody,unmapped
f70r1,J,sam,drain
f70r1,J,okchy,heat
f70r1,J,daldy,unmapped
f70r1,J,tshey,unmapped
f70r1,J,ol,outlet
f70r1,J,oteey,unmapped
f70r1,J,ched,unmapped
f70r1,J,ar,reflux
f70r1,J,oteos,unmapped
f70r1,J,cheor,reflux
f70r1,J,alal,outlet
f70r1,J,otar,reflux
f70r1,J,ar,reflux
f70r1,J,y,unmapped
f70r1,J,oteodchey,unmapped
f70r1,J,keody,unmapped
f70r1,J,oteos,unmapped
f70r1,J,al,outlet
f70r1,J,oteeed,unmapped
f70r1,J,ykeal,outlet
f70r1,J,okeody,heat
f70r1,J,otody,unmapped
f70r1,J,ypolol,outlet
f70r1,J,chodal,outlet
f70r1,J,okasd,heat
f70r2,J,otchey,unmapped
f70r2,J,sheol,outlet
f70r2,J,chkey,unmapped
f70r2,J,shep,unmapped
f70r2,J,al,outlet
f70r2,J,r,unmapped
f70r2,J,ar,reflux
f70r2,J,chly,unmapped
f70r2,J,sheteal,outlet
f70r2,J,aram,drain
f70r2,J,dair,unmapped
f70r2,J,cheey,unmapped
f70r2,J,s,unmapped
f70r2,J,cheotey,unmapped
f70r2,J,dshy,unmapped
f70r2,J,dam,drain
f70r2,J,chchet,unmapped
f70r2,J,al,outlet
f70r2,J,ykey,unmapped
f70r2,J,ykeeo,unmapped
f70r2,J,y,unmapped
f70r2,J,s,unmapped
f70r2,J,ald,unmapped
f70r2,J,shey,unmapped
f70r2,J,cthy,unmapped
f70r2,J,shekey,unmapped
f70r2,J,qokal,heat
f70r2,J,aiir,unmapped
f70r2,J,oteog,unmapped
f70r2,J,daiin,medium
f70r2,J,okeey,heat
f70r2,J,shoaiin,medium
f70r2,J,ey,unmapped
f70r2,J,otal,outlet
f70r2,J,shshy,unmapped
f70r2,J,tal,outlet
f70r2,J,dam,drain
f70r2,J,tal,outlet
f70r2,J,cheeog,unmapped
f70r2,J,dal,outlet
f70r2,J,chcthy,unmapped
f70r2,J,qotal,heat
f70r2,J,ddlar,reflux
f70r2,J,chal,outlet
f70r2,J,dal,outlet
f70r2,J,ytar,reflux
f70r2,J,ar,reflux
f70r2,J,al,outlet
f70r2,J,yol,outlet
f70r2,J,al,outlet
f70r2,J,aloees,unmapped
f70r2,J,ytaiir,unmapped
f70r2,J,otaldal,outlet
f70r2,J,daiin,medium
f70r2,J,daiin,medium
f70r2,J,she,unmapped
f70r2,J,tal,outlet
f70r2,J,qokal,heat
f70r2,J,choly,unmapped
f70r2,J,dy,unmapped
f70r2,J,ytals,unmapped
f70r2,J,alal,outlet
f70r2,J,dalam,drain
f70r2,J,dal,outlet
f70r2,J,cthol,outlet
f70r2,J,oparam,drain
f70r2,J,dolshol,outlet
f70r2,J,shol,outlet
f70r2,J,shol,outlet
f70r2,J,shoy,unmapped
f70r2,J,dalal,outlet
f70r2,J,y,unmapped
f70r2,J,shokal,outlet
f70r2,J,chol,outlet
f70r2,J,kshody,unmapped
f70r2,J,tol,outlet
f70r2,J,cheey,unmapped
f70r2,J,okal,heat
f70r2,J,daiin,medium
f70r2,J,chotal,outlet
f70r2,J,qokal,heat
f70r2,J,chol,outlet
f70r2,J,chotals,unmapped
f70r2,J,qokal,heat
f70r2,J,shkal,outlet
f70r2,J,dal,outlet
f70r2,J,shy,unmapped
f70r2,J,qokal,heat
f70r2,J,chdy,unmapped
f70r2,J,qotal,heat
f70r2,J,che,unmapped
f70r2,J,y,unmapped
f70r2,J,key,unmapped
f70r2,J,okechy,heat
f70r2,J,chdy,unmapped
f70r2,J,cham,drain
f70r2,J,okaiin,heat
f70r2,J,chy,unmapped
f70r2,J,s,unmapped
f70r2,J,or,reflux
f70r2,J,ary,unmapped
f70r2,J,sal,outlet
f70r2,J,air,unmapped
f70r2,J,am,drain
f70r2,J,shedy,retain
f70r2,J,chokal,outlet
f70r2,J,choy,unmapped
f70r2,J,shokeey,unmapped
f70r2,J,choky,unmapped
f70r2,J,chol,outlet
f70r2,J,dy,unmapped
f70r2,J,okeeal,heat
f70r2,J,o,unmapped
f70r2,J,teedy,unmapped
f70r2,J,dgr,unmapped
f70r2,J,dair,unmapped
f70r2,J,aiin,medium
f70r2,J,okees,heat
f70r2,J,okeear,heat
f70r2,J,ar,reflux
f70r2,J,alekeey,unmapped
f70r2,J,ar,reflux
f70r2,J,kam,drain
f70r2,J,oteoodalry,unmapped
f70r2,J,chekeoar,reflux
f70r2,J,chokey,unmapped
f70r2,J,dar,reflux
f70r2,J,dcheoky,unmapped
f70r2,J,otai,unmapped
f70r2,J,doy,unmapped
f70r2,J,dair,unmapped
f70r2,J,otchetchar,reflux
f70r2,J,okear,heat
f70r2,J,okeeo,heat
f70r2,J,lal,outlet
f70r2,J,kchg,unmapped
f70r2,J,okar,heat
f70r2,J,ar,reflux
f70r2,J,dar,reflux
f70r2,J,otar,reflux
f70r2,J,ar,reflux
f70r2,J,chedal,outlet
f70r2,J,oaral,outlet
f70r2,J,aldaiin,medium
f70r2,J,ykeeedaiis,unmapped
f70r2,J,sheo,unmapped
f70r2,J,l,unmapped
f70r2,J,dar,reflux
f70r2,J,chol,outlet
f70r2,J,ykees,unmapped
f70r2,J,aiir,unmapped
f70r2,J,dl,unmapped
f70r2,J,cheey,unmapped
f70r2,J,skeeod,unmapped
f70r2,J,oteeodar,reflux
f70r2,J,aiin,medium
f70r2,J,aral,outlet
f70r2,J,daiir,unmapped
f70r2,J,sheedal,outlet
f70r2,J,sheodaiin,medium
f70r2,J,choar,reflux
f70r2,J,chol,outlet
f70r2,J,choteoly,unmapped
f70r2,J,cho,unmapped
f70r2,J,oteey,unmapped
f70r2,J,chotey,unmapped
f70r2,J,choeky,unmapped
f70r2,J,chedy,unmapped
f70r2,J,choteosam,drain
f70r2,J,oteodar,reflux
f70r2,J,o,unmapped
f70r2,J,oches,unmapped
f70r2,J,air,unmapped
f70r2,J,chese,unmapped
f70r2,J,ctheey,unmapped
f70r2,J,sheeody,unmapped
f70r2,J,shopcho,unmapped
f70r2,J,yteody,unmapped
f70r2,J,ykaldy,unmapped
f70r2,J,oteeos,unmapped
f70r2,J,aiin,medium
f70r2,J,shey,unmapped
f70r2,J,shee,unmapped
f70r2,J,farar,reflux
f70r2,J,aim,unmapped
f70r2,J,cheoteeodal,outlet
f70r2,J,sho,unmapped
f70r2,J,choetchaldy,unmapped
f70r2,J,dal,outlet
f70r2,J,aiir,unmapped
f70r2,J,ches,unmapped
f70r2,J,otesar,reflux
f70r2,J,dalol,outlet
f70r2,J,chtam,drain
f70r2,J,opaiir,unmapped
f70r2,J,chokeo,unmapped
f70r2,J,oteedy,unmapped
f70r2,J,oteeo,unmapped
f70r2,J,okol,heat
f70r2,J,chotal,outlet
f70r2,J,otol,outlet
f70r2,J,al,outlet
f70r2,J,dl,unmapped
f70r2,J,otoy,unmapped
f70r2,J,ar,reflux
f70r2,J,arodchedy,unmapped
f70r2,J,cheocphey,unmapped
f70r2,J,oteeos,unmapped
f70r2,J,ees,unmapped
f70r2,J,cheal,outlet
f70r2,J,sheeey,unmapped
f70r2,J,okeedaly,heat
f70r2,J,cheeoekey,unmapped
f70r2,J,ykeed:ar,reflux
f70r2,J,oteey,unmapped
f70r2,J,s,unmapped
f70r2,J,al,outlet
f70r2,J,s,unmapped
f70r2,J,air,unmapped
f70r2,J,oteody,unmapped
f70r2,J,oteody,unmapped
f70r2,J,dar,reflux
f70r2,J,aiir,unmapped
f70r2,J,ody,unmapped
f70r2,J,cheeos,unmapped
f70r2,J,chey,unmapped
f70r2,J,daiin,medium
f70r2,J,otoeeseor,reflux
f70r2,J,air,unmapped
f70r2,J,chedy,unmapped
f70r2,J,okodar,heat
f70r2,J,al,outlet
f70r2,J,sho,unmapped
f70r2,J,chotol,outlet
f70r2,J,dal,outlet
f70r2,J,dy,unmapped
f70r2,J,oteesy,unmapped
f70r2,J,ol,outlet
f70r2,J,chy,unmapped
f70r2,J,oteo,unmapped
f70r2,J,sal,outlet
f70r2,J,ol,outlet
f70r2,J,keey,unmapped
f70r2,J,oteol,outlet
f70r2,J,choky,unmapped
f70r2,J,otchosha,unmapped
f70v2,J,okcheo,heat
f70v2,J,dar,reflux
f70v2,J,otey,unmapped
f70v2,J,ykeey,unmapped
f70v2,J,tchy,unmapped
f70v2,J,otsheo,unmapped
f70v2,J,oteotey,unmapped
f70v2,J,shey,unmapped
f70v2,J,shecth,unmapped
f70v2,J,opcheoldair,unmapped
f70v2,J,dateey,unmapped
f70v2,J,sal,outlet
f70v2,J,ody,unmapped
f70v2,J,choteey,unmapped
f70v2,J,choeteedy,unmapped
f70v2,J,oteoteotsho,unmapped
f70v2,J,yteos,unmapped
f70v2,J,alain,unmapped
f70v2,J,sheodaly,unmapped
f70v2,J,o,unmapped
f70v2,J,aiin,medium
f70v2,J,cholkal,outlet
f70v2,J,chokear,reflux
f70v2,J,oteody,unmapped
f70v2,J,cholaiin,medium
f70v2,J,oteeoal,outlet
f70v2,J,al,outlet
f70v2,J,sheeos,unmapped
f70v2,J,okey,heat
f70v2,J,chol,outlet
f70v2,J,dy,unmapped
f70v2,J,otees,unmapped
f70v2,J,cho,unmapped
f70v2,J,s,unmapped
f70v2,J,olar,reflux
f70v2,J,otoaiin,medium
f70v2,J,oteeody,unmapped
f70v2,J,sos,unmapped
f70v2,J,todaiin,medium
f70v2,J,chokain,unmapped
f70v2,J,otalal,outlet
f70v2,J,oteeam,drain
f70v2,J,otalalg,unmapped
f70v2,J,ykary,unmapped
f70v2,J,otar,reflux
f70v2,J,oty,unmapped
f70v2,J,oky,heat
f70v2,J,ody,unmapped
f70v2,J,oty,unmapped
f70v2,J,ar,reflux
f70v2,J,okala,heat
f70v2,J,otody,unmapped
f70v2,J,otald,unmapped
f70v2,J,otaldar,reflux
f70v2,J,okody,heat
f70v2,J,opysam,drain
f70v2,J,chy,unmapped
f70v2,J,otaly,unmapped
f70v2,J,otal,outlet
f70v2,J,arar,reflux
f70v2,J,otaldy,unmapped
f70v2,J,okeoly,heat
f70v2,J,okydy,heat
f70v2,J,okees,heat
f70v2,J,daiiamdy,unmapped
f70v2,J,otar,reflux
f70v2,J,am,drain
f70v2,J,aral,outlet
f70v2,J,otair,unmapped
f70v2,J,chedaiin,medium
f70v2,J,oteey,unmapped
f70v2,J,dair,unmapped
f70v2,J,shchey,unmapped
f70v2,J,daiin,medium
f70v2,J,chalaly,unmapped
f70v2,J,oteody,unmapped
f70v2,J,chotol,outlet
f70v2,J,chedy,unmapped
f70v2,J,oteotey,unmapped
f70v2,J,oteeeor,reflux
f70v2,J,ar,reflux
f70v2,J,alody,unmapped
f70v2,J,daiir,unmapped
f70v2,J,oteedar,reflux
f70v2,J,oteey,unmapped
f70v2,J,teey,unmapped
f70v2,J,dalal,outlet
f70v2,J,cheoltey,unmapped
f70v2,J,oteedy,unmapped
f70v2,J,sheeteey,unmapped
f70v2,J,okeeol,heat
f70v2,J,ykeeos,unmapped
f70v2,J,shey,unmapped
f70v2,J,ykair,unmapped
f70v2,J,arar,reflux
f70v2,J,alos,unmapped
f70v2,J,otar,reflux
f70v2,J,am,drain
f70v2,J,otar,reflux
f70v2,J,al,outlet
f70v2,J,otalar,reflux
f70v2,J,otalam,drain
f70v2,J,dolaram,drain
f70v2,J,okaram,drain
f70v2,J,oteosal,outlet
f70v2,J,salols,unmapped
f70v2,J,okaldal,heat
f70v2,J,ykolaiin,medium
f70v2,J,otal,outlet
f70v2,J,daly,unmapped
f70v2,J,oteoal,outlet
f70v2,J,dal,outlet
f70v2,J,aildy,unmapped
f70v2,J,otaiin,medium
f70v2,J,ar,reflux
f70v2,J,oteey,unmapped
f70v2,J,shal,outlet
f70v2,J,o,unmapped
f70v2,J,qoteeal,heat
f70v2,J,ar,reflux
f70v2,J,al,outlet
f70v2,J,otaiin,medium
f70v2,J,al,outlet
f70v2,J,teodaiin,medium
f70v2,J,oteeo,unmapped
f70v2,J,cthey,unmapped
f70v2,J,oteeos,unmapped
f70v2,J,oteos,unmapped
f70v2,J,aiin,medium
f70v2,J,daim,unmapped
f70v2,J,otolal,outlet
f70v1,J,dalalody,unmapped
f70v1,J,oteoshey,unmapped
f70v1,J,okoksheo,heat
f70v1,J,shokey,unmapped
f70v1,J,raiin,medium
f70v1,J,otor,reflux
f70v1,J,ochy,unmapped
f70v1,J,s,unmapped
f70v1,J,air,unmapped
f70v1,J,cheody,unmapped
f70v1,J,cheey,unmapped
f70v1,J,oteo,unmapped
f70v1,J,chy,unmapped
f70v1,J,daiir,unmapped
f70v1,J,chcthy,unmapped
f70v1,J,dlal,outlet
f70v1,J,oteodaiin,medium
f70v1,J,ykeody,unmapped
f70v1,J,oteody,unmapped
f70v1,J,sheo,unmapped
f70v1,J,daiin,medium
f70v1,J,oteedy,unmapped
f70v1,J,chetalchs,unmapped
f70v1,J,zar,reflux
f70v1,J,shoteeody,unmapped
f70v1,J,okeeo,heat
f70v1,J,dal,outlet
f70v1,J,cheody,unmapped
f70v1,J,okchoteees,heat
f70v1,J,oteeody,unmapped
f70v1,J,cheokeo,unmapped
f70v1,J,otaiin,medium
f70v1,J,shes,unmapped
f70v1,J,to,unmapped
f70v1,J,ar,reflux
f70v1,J,oly,unmapped
f70v1,J,daly,unmapped
f70v1,J,sheal,outlet
f70v1,J,otalchy,unmapped
f70v1,J,tar,reflux
f70v1,J,am,drain
f70v1,J,dy,unmapped
f70v1,J,opchey,unmapped
f70v1,J,sal,outlet
f70v1,J,otakaizan,unmapped
f70v1,J,okalal,heat
f70v1,J,otaly,unmapped
f70v1,J,oalcheg,unmapped
f70v1,J,otchodals,unmapped
f70v1,J,okolshy,heat
f70v1,J,otshshdy,unmapped
f70v1,J,otal,outlet
f70v1,J,ypsharal,outlet
f70v1,J,daiin,medium
f70v1,J,okey,heat
f70v1,J,otodal,outlet
f70v1,J,cheokeeo,unmapped
f70v1,J,okeodal,heat
f70v1,J,shol,outlet
f70v1,J,olaiin,medium
f70v1,J,saiin,medium
f70v1,J,sheo,unmapped
f70v1,J,qokeeol,heat
f70v1,J,otchykey,unmapped
f70v1,J,chekeal,outlet
f70v1,J,oteosaiin,medium
f70v1,J,chekey,unmapped
f70v1,J,okeolol,heat
f70v1,J,chees,unmapped
f70v1,J,oeey,unmapped
f70v1,J,opotey,unmapped
f70v1,J,dal,outlet
f70v1,J,al,outlet
f70v1,J,s,unmapped
f70v1,J,otecheo,unmapped
f70v1,J,dal,outlet
f70v1,J,okoly,heat
f70v1,J,otalaiin,medium
f70v1,J,oteo,unmapped
f70v1,J,alals,unmapped
f70v1,J,araly,unmapped
f70v1,J,oteoeey,unmapped
f70v1,J,otal,outlet
f70v1,J,okealar,heat
f70v1,J,otear,reflux
f70v1,J,araydy,unmapped
f71r,K,olkeeody,unmapped
f71r,K,okody,heat
f71r,K,okeeedy,heat
f71r,K,oky,heat
f71r,K,chy,unmapped
f71r,K,okeodar,heat
f71r,K,okeoky,heat
f71r,K,oteody,unmapped
f71r,K,oto,unmapped
f71r,K,otol,outlet
f71r,K,oteeyar,reflux
f71r,K,yko,unmapped
f71r,K,oar,reflux
f71r,K,aiin,medium
f71r,K,oekeeey,unmapped
f71r,K,okeo,heat
f71r,K,keo,unmapped
f71r,K,keody,unmapped
f71r,K,okeodar,heat
f71r,K,chy,unmapped
f71r,K,s,unmapped
f71r,K,aiin,medium
f71r,K,otokeoar,reflux
f71r,K,or,reflux
f71r,K,ar,reflux
f71r,K,al,outlet
f71r,K,otol,outlet
f71r,K,al,outlet
f71r,K,shckhy,unmapped
f71r,K,oteeeodar,reflux
f71r,K,oteody,unmapped
f71r,K,otol,outlet
f71r,K,aiin,medium
f71r,K,shoekey,unmapped
f71r,K,solalald,unmapped
f71r,K,cheeokeeo,unmapped
f71r,K,choeky,unmapped
f71r,K,choly,unmapped
f71r,K,oteos,unmapped
f71r,K,arar,reflux
f71r,K,okldam,drain
f71r,K,oteoaldy,unmapped
f71r,K,oteolar,reflux
f71r,K,okeoaly,heat
f71r,K,otaleky,unmapped
f71r,K,otalsar,reflux
f71r,K,cheary,unmapped
f71r,K,oteotey,unmapped
f71r,K,rary,unmapped
f71r,K,otalaly,unmapped
f71r,K,oteody,unmapped
f71r,K,oteos,unmapped
f71r,K,oy,unmapped
f71r,K,oteeschey,unmapped
f71r,K,lsheotey,unmapped
f71r,K,okalody,heat
f71r,K,shs,unmapped
f71r,K,shey,unmapped
f71r,K,oteey,unmapped
f71r,K,otechar,reflux
f71r,K,chekal,outlet
f71r,K,okody,heat
f71r,K,eeedy,unmapped
f71r,K,oteodal,outlet
f71r,K,eeokol,outlet
f71r,K,lkchol,outlet
f71r,K,daiin,medium
f71r,K,okeeees,heat
f71r,K,ykees,unmapped
f71r,K,al,outlet
f71r,K,okeey,heat
f71r,K,otey,unmapped
f71r,K,oteo,unmapped
f71r,K,shaly,unmapped
f71r,K,o,unmapped
f71r,K,otolchdy,unmapped
f71r,K,otoloaram,drain
f71r,K,oteeol,outlet
f71r,K,otolchd,unmapped
f71r,K,otaldar,reflux
f71r,K,oteeol,outlet
f71r,K,otal,outlet
f71r,K,chs,unmapped
f71r,K,char,reflux
f71r,K,cheky,unmapped
f71r,K,chotshy,unmapped
f71r,K,okeeody,heat
f71r,K,oteey,unmapped
f71r,K,chekea',unmapped
f71r,K,okeol,heat
f71v,K,osheo,unmapped
f71v,K,parar,reflux
f71v,K,oteeodaiin,medium
f71v,K,she,unmapped
f71v,K,ateey,unmapped
f71v,K,daiin,medium
f71v,K,oteokeey,unmapped
f71v,K,dal,outlet
f71v,K,al,outlet
f71v,K,oteey,unmapped
f71v,K,teey,unmapped
f71v,K,dy,unmapped
f71v,K,otchy,unmapped
f71v,K,keey,unmapped
f71v,K,sheeo,unmapped
f71v,K,ochey,unmapped
f71v,K,chey,unmapped
f71v,K,otcheodal,outlet
f71v,K,sheealody,unmapped
f71v,K,cheol,outlet
f71v,K,otar,reflux
f71v,K,okam,drain
f71v,K,oteodar,reflux
f71v,K,chpchy,unmapped
f71v,K,ar,reflux
f71v,K,al,outlet
f71v,K,aiin,medium
f71v,K,oteoshar,reflux
f71v,K,okeodaly,heat
f71v,K,oteey,unmapped
f71v,K,teeey,unmapped
f71v,K,oteey,unmapped
f71v,K,keor,reflux
f71v,K,or,reflux
f71v,K,arol,outlet
f71v,K,cheols,unmapped
f71v,K,okaikaly,heat
f71v,K,char,reflux
f71v,K,arom,unmapped
f71v,K,chfaly,unmapped
f71v,K,okolar,heat
f71v,K,otchody,unmapped
f71v,K,alcphy,unmapped
f71v,K,otaiin,medium
f71v,K,okaraiin,heat
f71v,K,otar,reflux
f71v,K,ar,reflux
f71v,K,aly,unmapped
f71v,K,opalar,reflux
f71v,K,am,drain
f71v,K,dan,unmapped
f71v,K,opalor,reflux
f71v,K,ar,reflux
f71v,K,chal,outlet
f71v,K,oteeos,unmapped
f71v,K,al,outlet
f71v,K,sheky,unmapped
f71v,K,okalar,heat
f71v,K,ar,reflux
f71v,K,okeo,heat
f71v,K,dar,reflux
f71v,K,oty,unmapped
f71v,K,oto,unmapped
f71v,K,kaiin,medium
f71v,K,chey,unmapped
f71v,K,tal,outlet
f71v,K,otchr,unmapped
f71v,K,chtos,unmapped
f71v,K,cheor,reflux
f71v,K,shepchol,outlet
f71v,K,otor,reflux
f71v,K,sheo,unmapped
f71v,K,shopcho,unmapped
f71v,K,ar,reflux
f71v,K,aly,unmapped
f71v,K,okeo,heat
f71v,K,cheey,unmapped
f71v,K,otal,outlet
f71v,K,al,outlet
f71v,K,shldy,unmapped
f71v,K,otaly,unmapped
f71v,K,okol,heat
f71v,K,sheeor,reflux
f71v,K,ofaom,unmapped
f71v,K,otalody,unmapped
f71v,K,otalaiin,medium
f71v,K,otar,reflux
f71v,K,shar,reflux
f71v,K,sholshdy,unmapped
f71v,K,okeey,heat
f71v,K,okeosar,heat
f71v,K,otaiin,medium
f71v,K,chkeeal,outlet
f71v,K,okal,heat
f71v,K,cheekaiin,medium
f71v,K,okaiin,heat
f71v,K,okchor,heat
f71v,K,dar,reflux
f71v,K,oteey,unmapped
f71v,K,kal,outlet
f72r1,K,oteeo,unmapped
f72r1,K,cthey,unmapped
f72r1,K,chlol,outlet
f72r1,K,cheol,outlet
f72r1,K,olcheor,reflux
f72r1,K,al,outlet
f72r1,K,oteey,unmapped
f72r1,K,chedal,outlet
f72r1,K,oteedy,unmapped
f72r1,K,okeodaly,heat
f72r1,K,chol,outlet
f72r1,K,chokeol,outlet
f72r1,K,cheoky,unmapped
f72r1,K,okaiir,heat
f72r1,K,okeedy,heat
f72r1,K,sheoltey,unmapped
f72r1,K,cheor,reflux
f72r1,K,aiin,medium
f72r1,K,ydal,outlet
f72r1,K,okochey,heat
f72r1,K,sho,unmapped
f72r1,K,okalshey,heat
f72r1,K,shol,outlet
f72r1,K,chalaiin,medium
f72r1,K,chekeol,outlet
f72r1,K,kol,outlet
f72r1,K,otos,unmapped
f72r1,K,ar,reflux
f72r1,K,aiin,medium
f72r1,K,otam,drain
f72r1,K,otam,drain
f72r1,K,chotam,drain
f72r1,K,sal,outlet
f72r1,K,okeo,heat
f72r1,K,dar,reflux
f72r1,K,ar,reflux
f72r1,K,adal,outlet
f72r1,K,dar,reflux
f72r1,K,okeeas,heat
f72r1,K,aiin,medium
f72r1,K,oteey,unmapped
f72r1,K,okaiin,heat
f72r1,K,oshodady,unmapped
f72r1,K,chdaiirdainy,unmapped
f72r1,K,oaiin,medium
f72r1,K,ar,reflux
f72r1,K,ary,unmapped
f72r1,K,okalam,drain
f72r1,K,ytalshdy,unmapped
f72r1,K,char,reflux
f72r1,K,alif,unmapped
f72r1,K,otaraldy,unmapped
f72r1,K,otaiin,medium
f72r1,K,otain,unmapped
f72r1,K,otalef,unmapped
f72r1,K,ys,unmapped
f72r1,K,ainam,drain
f72r1,K,ochol,outlet
f72r1,K,sharam,drain
f72r1,K,oteodar,reflux
f72r1,K,ytey,unmapped
f72r1,K,otey,unmapped
f72r1,K,shetey,unmapped
f72r1,K,chokshor,reflux
f72r1,K,okalal,heat
f72r1,K,otaiin,medium
f72r1,K,sheolaiin,medium
f72r1,K,otaiin,medium
f72r1,K,chetey,unmapped
f72r1,K,cheolor,reflux
f72r1,K,oteo,unmapped
f72r1,K,teeody,unmapped
f72r1,K,otar,reflux
f72r1,K,chokaiin,medium
f72r1,K,okaiin,heat
f72r1,K,al,outlet
f72r1,K,alo,unmapped
f72r1,K,cheedy,unmapped
f72r1,K,otear,reflux
f72r1,K,ar,reflux
f72r1,K,cheky,unmapped
f72r1,K,chokal,outlet
f72r1,K,otar,reflux
f72r1,K,al,outlet
f72r1,K,o,unmapped
f72r1,K,qokar,heat
f72r1,K,ofaralar,reflux
f72r1,K,otchoshy,unmapped
f72r1,K,otchdal,outlet
f72r1,K,okeey,heat
f72r1,K,ary,unmapped
f72r1,K,otainy,unmapped
f72r1,K,okeeols,heat
f72r1,K,aroly,unmapped
f72r1,K,okees,heat
f72r1,K,alaiin,medium
f72r1,K,okeor,heat
f72r1,K,chol,outlet
f72r1,K,o,unmapped
f72r1,K,oteos,unmapped
f72r1,K,aiin,medium
f72r1,K,chal,outlet
f72r1,K,otaiin,medium
f72r1,K,atchor,reflux
f72r1,K,chckhy,unmapped
f72r2,K,ofchdamy,unmapped
f72r2,K,oklairdy,heat
f72r2,K,okaram,drain
f72r2,K,okairy,heat
f72r2,K,okealar,heat
f72r2,K,oteos,unmapped
f72r2,K,aiin,medium
f72r2,K,okeo,heat
f72r2,K,daiin,medium
f72r2,K,okeey,heat
f72r2,K,cheo,unmapped
f72r2,K,keodal,outlet
f72r2,K,chol,outlet
f72r2,K,okeol,heat
f72r2,K,oly,unmapped
f72r2,K,oteeykeey,unmapped
f72r2,K,tey,unmapped
f72r2,K,okalaiin,heat
f72r2,K,okalchal,heat
f72r2,K,chey,unmapped
f72r2,K,al,outlet
f72r2,K,o,unmapped
f72r2,K,keey,unmapped
f72r2,K,daiin,medium
f72r2,K,otar,reflux
f72r2,K,al,outlet
f72r2,K,chotaiin,medium
f72r2,K,otchey,unmapped
f72r2,K,qoeeeo,heat
f72r2,K,s,unmapped
f72r2,K,ckhal,outlet
f72r2,K,chekaiin,medium
f72r2,K,otaiin,medium
f72r2,K,chy,unmapped
f72r2,K,d,unmapped
f72r2,K,r,unmapped
f72r2,K,aiin,medium
f72r2,K,al,outlet
f72r2,K,y,unmapped
f72r2,K,o,unmapped
f72r2,K,chekaiin,medium
f72r2,K,okedal,heat
f72r2,K,qokeodal,heat
f72r2,K,saiin,medium
f72r2,K,otois,unmapped
f72r2,K,otees,unmapped
f72r2,K,otaraldy,unmapped
f72r2,K,okalar,heat
f72r2,K,okal,heat
f72r2,K,okaly,heat
f72r2,K,okal,heat
f72r2,K,okeey,heat
f72r2,K,ary,unmapped
f72r2,K,oteeary,unmapped
f72r2,K,otair,unmapped
f72r2,K,dy,unmapped
f72r2,K,okaircham,drain
f72r2,K,okeal,heat
f72r2,K,otar,reflux
f72r2,K,okaly,heat
f72r2,K,orary,unmapped
f72r2,K,okyd,heat
f72r2,K,otolam,drain
f72r2,K,oteey,unmapped
f72r2,K,tey,unmapped
f72r2,K,teodal,outlet
f72r2,K,chokaly,unmapped
f72r2,K,ol,outlet
f72r2,K,cheol,outlet
f72r2,K,ol,outlet
f72r2,K,aiin,medium
f72r2,K,oteo,unmapped
f72r2,K,daiin,medium
f72r2,K,shokal,outlet
f72r2,K,otey,unmapped
f72r2,K,otaiin,medium
f72r2,K,otaly,unmapped
f72r2,K,dal,outlet
f72r2,K,okaly,heat
f72r2,K,dalchdy,unmapped
f72r2,K,eteeey,unmapped
f72r2,K,okal,heat
f72r2,K,shey,unmapped
f72r2,K,qoteeody,heat
f72r2,K,sheycthy,unmapped
f72r2,K,chotal,outlet
f72r2,K,chas,unmapped
f72r2,K,otoees,unmapped
f72r2,K,aiin,medium
f72r2,K,otal,outlet
f72r2,K,ralal,outlet
f72r2,K,okam,drain
f72r2,K,otalshy,unmapped
f72r2,K,okaldy,heat
f72r2,K,chosar,reflux
f72r2,K,otam,drain
f72r2,K,ainaly,unmapped
f72r2,K,okarcham,drain
f72r2,K,otoar,reflux
f72r2,K,air,unmapped
f72r2,K,aloy,unmapped
f72r2,K,okaiin,heat
f72r2,K,otees,unmapped
f72r2,K,chs,unmapped
f72r2,K,chchs,unmapped
f72r2,K,ar,reflux
f72r2,K,aly,unmapped
f72r2,K,taly,unmapped
f72r2,K,dar,reflux
f72r2,K,otchey,unmapped
f72r2,K,okaiin,heat
f72r2,K,olaiin,medium
f72r2,K,y,unmapped
f72r3,K,okeey,heat
f72r3,K,chekoy,unmapped
f72r3,K,oteo,unmapped
f72r3,K,ykeey,unmapped
f72r3,K,chedaiin,medium
f72r3,K,okeeol,heat
f72r3,K,cheeor,reflux
f72r3,K,chocthar,reflux
f72r3,K,ar,reflux
f72r3,K,oteody,unmapped
f72r3,K,oteedy,unmapped
f72r3,K,okeolaiin,heat
f72r3,K,oteey,unmapped
f72r3,K,okarar,heat
f72r3,K,teo,unmapped
f72r3,K,sheol,outlet
f72r3,K,al,outlet
f72r3,K,alaiiin,unmapped
f72r3,K,okeos,heat
f72r3,K,alaiin,medium
f72r3,K,okor,heat
f72r3,K,o,unmapped
f72r3,K,keodar,reflux
f72r3,K,okee,heat
f72r3,K,s,unmapped
f72r3,K,ar,reflux
f72r3,K,aiin,medium
f72r3,K,chekackhy,unmapped
f72r3,K,chokees,unmapped
f72r3,K,oteedy,unmapped
f72r3,K,chekar,reflux
f72r3,K,okar,heat
f72r3,K,choly,unmapped
f72r3,K,ches,unmapped
f72r3,K,os,unmapped
f72r3,K,oiin,unmapped
f72r3,K,okeeey,heat
f72r3,K,cheey,unmapped
f72r3,K,ches,unmapped
f72r3,K,okeody,heat
f72r3,K,chealdy,unmapped
f72r3,K,shocthy,unmapped
f72r3,K,choteey,unmapped
f72r3,K,sheoly,unmapped
f72r3,K,eol,outlet
f72r3,K,sheey,unmapped
f72r3,K,chorain,unmapped
f72r3,K,olkalaiin,medium
f72r3,K,olalsy,unmapped
f72r3,K,oraiinam,drain
f72r3,K,osarsheeeo,unmapped
f72r3,K,otoaiin,medium
f72r3,K,opoiiinoin,unmapped
f72r3,K,al,outlet
f72r3,K,ches,unmapped
f72r3,K,ypaiin,medium
f72r3,K,alaly,unmapped
f72r3,K,oteey,unmapped
f72r3,K,daiin,medium
f72r3,K,oeeodaiin,medium
f72r3,K,ofsholdy,unmapped
f72r3,K,opoeey,unmapped
f72r3,K,okaiin,heat
f72r3,K,ykolairol,outlet
f72r3,K,otochedy,unmapped
f72r3,K,otey,unmapped
f72r3,K,o,unmapped
f72r3,K,koey,unmapped
f72r3,K,sheedy,unmapped
f72r3,K,oteodar,reflux
f72r3,K,ykeolol,outlet
f72r3,K,y,unmapped
f72r3,K,air,unmapped
f72r3,K,oteos,unmapped
f72r3,K,cheo,unmapped
f72r3,K,l,unmapped
f72r3,K,aiin,medium
f72r3,K,ykeeoly,unmapped
f72r3,K,otaiin,medium
f72r3,K,shear,reflux
f72r3,K,oiiin,unmapped
f72r3,K,oral,outlet
f72r3,K,o,unmapped
f72r3,K,tealy,unmapped
f72r3,K,cheokeor,reflux
f72r3,K,oteody,unmapped
f72r3,K,oes,unmapped
f72r3,K,otees,unmapped
f72r3,K,chteos,unmapped
f72r3,K,doteey,unmapped
f72r3,K,sosor,reflux
f72r3,K,oteol,outlet
f72r3,K,shol,outlet
f72r3,K,cheeg,unmapped
f72r3,K,okeody,heat
f72r3,K,eol,outlet
f72r3,K,shey,unmapped
f72r3,K,sheysy,unmapped
f72r3,K,shoteey,unmapped
f72r3,K,cheor,reflux
f72r3,K,yoeteey,unmapped
f72r3,K,okeeol,heat
f72r3,K,chy,unmapped
f72r3,K,okeeo,heat
f72r3,K,ykoly,unmapped
f72r3,K,oralkam,drain
f72r3,K,ytairal,outlet
f72r3,K,oeeesaiin,medium
f72r3,K,ory,unmapped
f72r3,K,ochey,unmapped
f72r3,K,fydy,unmapped
f72r3,K,of,unmapped
f72r3,K,o,unmapped
f72r3,K,eeesaly,unmapped
f72r3,K,ykaraiin,medium
f72r3,K,airal,outlet
f72r3,K,okalar,heat
f72r3,K,orara,unmapped
f72r3,K,olaiin,medium
f72r3,K,olay,unmapped
f72r3,K,olfsheoral,outlet
f72r3,K,oteey,unmapped
f72r3,K,arary,unmapped
f72r3,K,eeer,unmapped
f72r3,K,cheshees,unmapped
f72r3,K,opcholalaiin,medium
f72r3,K,oteeor,reflux
f72r3,K,am,drain
f72r3,K,sheal,outlet
f72r3,K,okaipchy,heat
f72r3,K,oteees,unmapped
f72r3,K,ar,reflux
f72r3,K,am,drain
f72r3,K,olaiin,medium
f72r3,K,otedar,reflux
f72r3,K,olol,outlet
f72r3,K,choty,unmapped
f72r3,K,oteol,outlet
f72r3,K,sheshdy,unmapped
f72r3,K,chedy,unmapped
f72r3,K,chedy,unmapped
f72r3,K,dy,unmapped
f72r3,K,shes,unmapped
f72r3,K,eedy,unmapped
f72r3,K,sheol,outlet
f72r3,K,shy,unmapped
f72r3,K,ckhol,outlet
f72r3,K,opalal,outlet
f72r3,K,yfary,unmapped
f72r3,K,oraiiral,outlet
f72r3,K,ytoar,reflux
f72r3,K,shar,reflux
f72r3,K,octho,unmapped
f72r3,K,aral,outlet
f72r3,K,oletal,outlet
f72r3,K,okeos,heat
f72r3,K,aiin,medium
f72r3,K,olaiin,medium
f72r3,K,oraiin,medium
f72r3,K,octheolarl,unmapped
f72r3,K,okeeody,heat
f72r3,K,oteos,unmapped
f72r3,K,aiin,medium
f72r3,K,koly,unmapped
f72v3,K,soees,unmapped
f72v3,K,otchs,unmapped
f72v3,K,otedar,reflux
f72v3,K,oteody,unmapped
f72v3,K,oteodal,outlet
f72v3,K,oteos,unmapped
f72v3,K,oteokchd,unmapped
f72v3,K,oteody,unmapped
f72v3,K,sheokeey,unmapped
f72v3,K,sheody,unmapped
f72v3,K,shedykeal,retain
f72v3,K,ckhodys,unmapped
f72v3,K,okoleeolar,heat
f72v3,K,okeey,heat
f72v3,K,shedy,retain
f72v3,K,otey,unmapped
f72v3,K,sho,unmapped
f72v3,K,shol,outlet
f72v3,K,teody,unmapped
f72v3,K,okolshey,heat
f72v3,K,ykeedy,unmapped
f72v3,K,y,unmapped
f72v3,K,okechdy,heat
f72v3,K,olaiin,medium
f72v3,K,shokeedy,unmapped
f72v3,K,chol,outlet
f72v3,K,choepchey,unmapped
f72v3,K,teey,unmapped
f72v3,K,teody,unmapped
f72v3,K,ches,unmapped
f72v3,K,okechedy,heat
f72v3,K,otechol,outlet
f72v3,K,cheor,reflux
f72v3,K,cheey,unmapped
f72v3,K,daiin,medium
f72v3,K,oyteeedar,reflux
f72v3,K,shecthy,unmapped
f72v3,K,otycheedy,unmapped
f72v3,K,oteeoly,unmapped
f72v3,K,chokary,unmapped
f72v3,K,ocham,drain
f72v3,K,orchey,unmapped
f72v3,K,okam,drain
f72v3,K,okey,heat
f72v3,K,otcheody,unmapped
f72v3,K,okyeeshy,heat
f72v3,K,:ofaiin,medium
f72v3,K,okaly,heat
f72v3,K,otoly,unmapped
f72v3,K,ofalals,unmapped
f72v3,K,sheeos,unmapped
f72v3,K,oy,unmapped
f72v3,K,daiin,medium
f72v3,K,chepy,unmapped
f72v3,K,oteey,unmapped
f72v3,K,deeal,outlet
f72v3,K,chealpy,unmapped
f72v3,K,okeeol,heat
f72v3,K,okaly,heat
f72v3,K,okaldy,heat
f72v3,K,okeolyd,heat
f72v3,K,ototeey,unmapped
f72v3,K,r,unmapped
f72v3,K,chlyiintee,unmapped
f72v3,K,or,reflux
f72v3,K,oteey,unmapped
f72v3,K,oteeody,unmapped
f72v3,K,cheokey,unmapped
f72v3,K,okeoekol,heat
f72v3,K,oteor,reflux
f72v3,K,aiin,medium
f72v3,K,yoleeedy,unmapped
f72v3,K,okeos,heat
f72v3,K,alyshy,unmapped
f72v3,K,okeey,heat
f72v3,K,okeeey,heat
f72v3,K,okeedaly,heat
f72v3,K,cholainy,unmapped
f72v3,K,okedy,heat
f72v3,K,chees,unmapped
f72v3,K,y,unmapped
f72v3,K,okeeol,heat
f72v3,K,chey,unmapped
f72v3,K,otey,unmapped
f72v3,K,oldy,unmapped
f72v3,K,chdy,unmapped
f72v3,K,del,unmapped
f72v3,K,okeeoloky,heat
f72v3,K,oty,unmapped
f72v3,K,aiin,medium
f72v3,K,chas,unmapped
f72v3,K,oteey,unmapped
f72v3,K,okea,heat
f72v3,K,choleey,unmapped
f72v3,K,oky,heat
f72v3,K,chy,unmapped
f72v3,K,laly,unmapped
f72v3,K,oeedy,unmapped
f72v3,K,odairan,unmapped
f72v3,K,okary,heat
f72v3,K,oeesaiin,medium
f72v3,K,oteesed,unmapped
f72v3,K,opal,outlet
f72v3,K,otaly,unmapped
f72v3,K,otaly,unmapped
f72v3,K,yty,unmapped
f72v3,K,okesees,heat
f72v3,K,ar,reflux
f72v3,K,chkeeol,outlet
f72v3,K,okeolaiin,heat
f72v3,K,chalal,outlet
f72v3,K,ykeeodarar,reflux
f72v3,K,oleeody,unmapped
f72v3,K,shedy,retain
f72v3,K,solar,reflux
f72v3,K,aldy,unmapped
f72v3,K,oteor,reflux
f72v3,K,cheor,reflux
f72v2,K,otos,unmapped
f72v2,K,chs,unmapped
f72v2,K,oty,unmapped
f72v2,K,oteos,unmapped
f72v2,K,oty,unmapped
f72v2,K,chotey,unmapped
f72v2,K,dchy,unmapped
f72v2,K,chopchy,unmapped
f72v2,K,otychal,outlet
f72v2,K,ctheo,unmapped
f72v2,K,l,unmapped
f72v2,K,shey,unmapped
f72v2,K,tchol,outlet
f72v2,K,s,unmapped
f72v2,K,choraiin,medium
f72v2,K,chekay,unmapped
f72v2,K,oteeos,unmapped
f72v2,K,aly,unmapped
f72v2,K,okeedy,heat
f72v2,K,cheockhy,unmapped
f72v2,K,arkaly,unmapped
f72v2,K,che,unmapped
f72v2,K,okedl,heat
f72v2,K,okedy,heat
f72v2,K,sheos,unmapped
f72v2,K,okeeor,heat
f72v2,K,cheey,unmapped
f72v2,K,okeey,heat
f72v2,K,teey,unmapped
f72v2,K,cheeey,unmapped
f72v2,K,okeolol,heat
f72v2,K,sheeoeky,unmapped
f72v2,K,oekeeo,unmapped
f72v2,K,r,unmapped
f72v2,K,aiin,medium
f72v2,K,olalkain,unmapped
f72v2,K,okolsaiin,heat
f72v2,K,oeedey,unmapped
f72v2,K,oeeodaiin,medium
f72v2,K,okeoram,drain
f72v2,K,air,unmapped
f72v2,K,aim,unmapped
f72v2,K,oshesy,unmapped
f72v2,K,okeary,heat
f72v2,K,cheoetey,unmapped
f72v2,K,cheoldy,unmapped
f72v2,K,sheoeky,unmapped
f72v2,K,oteodar,reflux
f72v2,K,ofchdysd,unmapped
f72v2,K,oteoyd,unmapped
f72v2,K,yteody,unmapped
f72v2,K,okeody,heat
f72v2,K,okeoldy,heat
f72v2,K,ykeeor,reflux
f72v2,K,opaiinam,drain
f72v2,K,cheoldy,unmapped
f72v2,K,oteesody,unmapped
f72v2,K,otey,unmapped
f72v2,K,oteeos,unmapped
f72v2,K,sheoty,unmapped
f72v2,K,yteeg,unmapped
f72v2,K,dchsaiin,medium
f72v2,K,shol,outlet
f72v2,K,okeees,heat
f72v2,K,air,unmapped
f72v2,K,am,drain
f72v2,K,shey,unmapped
f72v2,K,qokeodal,heat
f72v2,K,oteotey,unmapped
f72v2,K,oteoldy,unmapped
f72v2,K,oteal,outlet
f72v2,K,chedy,unmapped
f72v2,K,chotalal,outlet
f72v2,K,okal,heat
f72v2,K,cheol,outlet
f72v2,K,sar,reflux
f72v2,K,aiin,medium
f72v2,K,cheokealy,unmapped
f72v2,K,sardy,unmapped
f72v2,K,otol,outlet
f72v2,K,chekar,reflux
f72v2,K,alteol,outlet
f72v2,K,oltar,reflux
f72v2,K,ar,reflux
f72v2,K,okaiin:y,heat
f72v2,K,ockhol,outlet
f72v2,K,oeedy,unmapped
f72v2,K,opalg,unmapped
f72v2,K,okeeom,heat
f72v2,K,olkar,reflux
f72v2,K,oeedaly,unmapped
f72v2,K,cheosy,unmapped
f72v2,K,ofcheay,unmapped
f72v2,K,yteedy,unmapped
f72v2,K,onaiin,medium
f72v2,K,okeorar,heat
f72v2,K,otaiin,medium
f72v2,K,otshedy,unmapped
f72v2,K,chokeedy,unmapped
f72v2,K,otes,unmapped
f72v2,K,al,outlet
f72v2,K,al,outlet
f72v2,K,ar,reflux
f72v2,K,chetolain,unmapped
f72v2,K,sheodaly,unmapped
f72v2,K,sheokey,unmapped
f72v2,K,okealy,heat
f72v2,K,rary,unmapped
f72v1,K,oteos,unmapped
f72v1,K,alar,reflux
f72v1,K,otar,reflux
f72v1,K,air,unmapped
f72v1,K,chpaly,unmapped
f72v1,K,oteody,unmapped
f72v1,K,okchesal,heat
f72v1,K,otear,reflux
f72v1,K,alshey,unmapped
f72v1,K,oleealy,unmapped
f72v1,K,shtey,unmapped
f72v1,K,oteos,unmapped
f72v1,K,alal,outlet
f72v1,K,dals,unmapped
f72v1,K,alchol,outlet
f72v1,K,ytolaiin,medium
f72v1,K,ydaiin,medium
f72v1,K,chotar,reflux
f72v1,K,y,unmapped
f72v1,K,tal,outlet
f72v1,K,oto,unmapped
f72v1,K,shoty,unmapped
f72v1,K,otey,unmapped
f72v1,K,okchedaly,heat
f72v1,K,chdar,reflux
f72v1,K,y,unmapped
f72v1,K,s,unmapped
f72v1,K,ar,reflux
f72v1,K,otedy,unmapped
f72v1,K,otorar,reflux
f72v1,K,shedy,retain
f72v1,K,opsheytey,unmapped
f72v1,K,opairaly,unmapped
f72v1,K,choshydy,unmapped
f72v1,K,otar,reflux
f72v1,K,cheedy,unmapped
f72v1,K,otaraiin,medium
f72v1,K,cheeky,unmapped
f72v1,K,okolar,heat
f72v1,K,ychey,unmapped
f72v1,K,otechety,unmapped
f72v1,K,oeeoty,unmapped
f72v1,K,octhy,unmapped
f72v1,K,oteoly,unmapped
f72v1,K,okeoly,heat
f72v1,K,oeees,unmapped
f72v1,K,oy,unmapped
f72v1,K,oees,unmapped
f72v1,K,okeeoly,heat
f72v1,K,odal,outlet
f72v1,K,aiinod,unmapped
f72v1,K,oddy,unmapped
f72v1,K,oteod,unmapped
f72v1,K,yteod,unmapped
f72v1,K,okody,heat
f72v1,K,okal,heat
f72v1,K,ytaly,unmapped
f72v1,K,oeeeos,unmapped
f72v1,K,oteofy,unmapped
f72v1,K,cheoepy,unmapped
f72v1,K,ykeedy,unmapped
f72v1,K,otar,reflux
f72v1,K,ar,reflux
f72v1,K,otol,outlet
f72v1,K,topar,reflux
f72v1,K,oteolaiin,medium
f72v1,K,ofaral,outlet
f72v1,K,otshedy,unmapped
f72v1,K,ofalar,reflux
f72v1,K,alshdy,unmapped
f72v1,K,chpar,reflux
f72v1,K,aiin,medium
f72v1,K,okaly,heat
f72v1,K,oka,heat
f72v1,K,yaly,unmapped
f72v1,K,opcheolfy,unmapped
f72v1,K,opar,reflux
f72v1,K,cheoey,unmapped
f72v1,K,otolopaiin,medium
f72v1,K,shaldy,unmapped
f72v1,K,chepchy,unmapped
f72v1,K,otey,unmapped
f72v1,K,tean,unmapped
f72v1,K,oeeoly,unmapped
f72v1,K,okydy,heat
f72v1,K,okeey,heat
f72v1,K,oiiny,unmapped
f72v1,K,oeey,unmapped
f72v1,K,okedy,heat
f72v1,K,ypaim,unmapped
f72v1,K,okalair,heat
f72v1,K,oeeody,unmapped
f72v1,K,okeol,heat
f72v1,K,otalal,outlet
f72v1,K,dalal,outlet
f72v1,K,ykeols,unmapped
f72v1,K,oteo,unmapped
f72v1,K,r,unmapped
f72v1,K,aiin,medium
f72v1,K,yotoam,drain
f72v1,K,oteey,unmapped
f72v1,K,saiin,medium
f72v1,K,oteeos,unmapped
f72v1,K,am,drain
f73r,L,otaly,unmapped
f73r,L,chockhy,unmapped
f73r,L,otedy,unmapped
f73r,L,yteeody,unmapped
f73r,L,ypolcheey,unmapped
f73r,L,salchedal,outlet
f73r,L,chepchey,unmapped
f73r,L,daraly,unmapped
f73r,L,oteos,unmapped
f73r,L,air,unmapped
f73r,L,ar,reflux
f73r,L,oteosdal,outlet
f73r,L,chotoey,unmapped
f73r,L,soteees,unmapped
f73r,L,alshey,unmapped
f73r,L,:ches,unmapped
f73r,L,al,outlet
f73r,L,chees,unmapped
f73r,L,cheoly,unmapped
f73r,L,jeiii,unmapped
f73r,L,choteey,unmapped
f73r,L,cheteey,unmapped
f73r,L,cheteeeos,unmapped
f73r,L,aiin,medium
f73r,L,chetchody,unmapped
f73r,L,chedar,reflux
f73r,L,ar,reflux
f73r,L,cheteey,unmapped
f73r,L,otes,unmapped
f73r,L,ar,reflux
f73r,L,airalor,reflux
f73r,L,shetee,unmapped
f73r,L,yteey,unmapped
f73r,L,cheody,unmapped
f73r,L,ykeydam,drain
f73r,L,oteos,unmapped
f73r,L,alar,reflux
f73r,L,alcheky,unmapped
f73r,L,otaly,unmapped
f73r,L,okeody,heat
f73r,L,oteedyl,unmapped
f73r,L,ykeedy,unmapped
f73r,L,okeey,heat
f73r,L,okeedy,heat
f73r,L,ykeeory,unmapped
f73r,L,oteeosy,unmapped
f73r,L,shekal,outlet
f73r,L,oteedyy,unmapped
f73r,L,okedal,heat
f73r,L,chdy,unmapped
f73r,L,dalshey,unmapped
f73r,L,opaiin,medium
f73r,L,okeos,heat
f73r,L,otey,unmapped
f73r,L,oteey,unmapped
f73r,L,dar,reflux
f73r,L,al,outlet
f73r,L,opaiin,medium
f73r,L,olalaiin,medium
f73r,L,s,unmapped
f73r,L,air,unmapped
f73r,L,am,drain
f73r,L,chopchedy,unmapped
f73r,L,chdar,reflux
f73r,L,oram,drain
f73r,L,otareees,unmapped
f73r,L,olteey,unmapped
f73r,L,okees,heat
f73r,L,otar,reflux
f73r,L,chey,unmapped
f73r,L,oteas,unmapped
f73r,L,ochor,reflux
f73r,L,oparchey,unmapped
f73r,L,daiin,medium
f73r,L,qocheey,heat
f73r,L,s,unmapped
f73r,L,cheey,unmapped
f73r,L,dal,outlet
f73r,L,cheesy,unmapped
f73r,L,okary,heat
f73r,L,okeeody,heat
f73r,L,oyteedy,unmapped
f73r,L,oky,heat
f73r,L,chefy,unmapped
f73r,L,otal,outlet
f73r,L,chek,unmapped
f73r,L,ar,reflux
f73r,L,kar,reflux
f73r,L,okeeos,heat
f73r,L,osaiin,medium
f73r,L,chedain,unmapped
f73r,L,oteey,unmapped
f73r,L,chedaly,unmapped
f73r,L,okechs,heat
f73r,L,chepcheesaly,unmapped
f73r,L,oteodal,outlet
f73v,L,okol,heat
f73v,L,oteody,unmapped
f73v,L,oteedy,unmapped
f73v,L,eeeody,unmapped
f73v,L,otoar,reflux
f73v,L,ykeody,unmapped
f73v,L,okodeey,heat
f73v,L,qopchey,heat
f73v,L,opaiin,medium
f73v,L,qoteedy,heat
f73v,L,dpy,unmapped
f73v,L,otedy,unmapped
f73v,L,shedy,retain
f73v,L,qokeody,heat
f73v,L,cheor,reflux
f73v,L,al,outlet
f73v,L,okegal,heat
f73v,L,oteody,unmapped
f73v,L,shedy,retain
f73v,L,otesalod,unmapped
f73v,L,air,unmapped
f73v,L,chy,unmapped
f73v,L,ykeesaly,unmapped
f73v,L,y,unmapped
f73v,L,keoly,unmapped
f73v,L,dys,unmapped
f73v,L,opchey,unmapped
f73v,L,dy,unmapped
f73v,L,toly,unmapped
f73v,L,chfaikchy,unmapped
f73v,L,ytedar,reflux
f73v,L,eeey,unmapped
f73v,L,qokeey,heat
f73v,L,oty,unmapped
f73v,L,yteedy,unmapped
f73v,L,choldy,unmapped
f73v,L,qokalaiin,heat
f73v,L,ykaipy,unmapped
f73v,L,orary,unmapped
f73v,L,okeody,heat
f73v,L,sheol,outlet
f73v,L,odees,unmapped
f73v,L,eery,unmapped
f73v,L,okeor,heat
f73v,L,ofals,unmapped
f73v,L,ykeody,unmapped
f73v,L,oteody,unmapped
f73v,L,ypaiin,medium
f73v,L,yfaiin,medium
f73v,L,y,unmapped
f73v,L,ofcheesy,unmapped
f73v,L,oraiiny,unmapped
f73v,L,ykeeody,unmapped
f73v,L,okeos,heat
f73v,L,ykeear,reflux
f73v,L,qokeoly,heat
f73v,L,oteotos,unmapped
f73v,L,alshy,unmapped
f73v,L,oteolain,unmapped
f73v,L,chokeedam,drain
f73v,L,otody,unmapped
f73v,L,qoty,heat
f73v,L,shedy,retain
f73v,L,chdy,unmapped
f73v,L,tchol,outlet
f73v,L,oteody,unmapped
f73v,L,cheytey,unmapped
f73v,L,choty,unmapped
f73v,L,okey,heat
f73v,L,dy,unmapped
f73v,L,okecholy,heat
f73v,L,otey,unmapped
f73v,L,chodaiin,medium
f73v,L,chey,unmapped
f73v,L,okeedy,heat
f73v,L,saly,unmapped
f73v,L,ar,reflux
f73v,L,daly,unmapped
f73v,L,otedy,unmapped
f73v,L,eeed,unmapped
f73v,L,oky,heat
f73v,L,oia,unmapped
f73v,L,okal,heat
f73v,L,ykey,unmapped
f73v,L,ykeee,unmapped
f73v,L,okeod,heat
f73v,L,ykey,unmapped
f73v,L,ypal,outlet
f73v,L,otedchor,reflux
f73v,L,alar,reflux
f73v,L,olkcho,unmapped
f73v,L,otolam,drain
f73v,L,o,unmapped
f73v,L,kees,unmapped
f73v,L,char,reflux
f73v,L,y,unmapped
f73v,L,ytaly,unmapped
f73v,L,alaly,unmapped
f73v,L,otaram,drain
f75r,M,kchedykary,unmapped
f75r,M,okeey,heat
f75r,M,qokar,heat
f75r,M,shyk,unmapped
f75r,M,chedy,unmapped
f75r,M,qotar,heat
f75r,M,shedy,retain
f75r,M,dain,unmapped
f75r,M,shey,unmapped
f75r,M,ly,unmapped
f75r,M,ssheol,outlet
f75r,M,qoldy,heat
f75r,M,chedykar,reflux
f75r,M,chekeedy,unmapped
f75r,M,ror,reflux
f75r,M,qokain,heat
f75r,M,chal,outlet
f75r,M,orchey,unmapped
f75r,M,qey,unmapped
f75r,M,kain,unmapped
f75r,M,sheeky,unmapped
f75r,M,ltain,unmapped
f75r,M,olkar,reflux
f75r,M,or,reflux
f75r,M,dackhy,unmapped
f75r,M,lkamo,unmapped
f75r,M,ykeey,unmapped
f75r,M,lshey,unmapped
f75r,M,kal,outlet
f75r,M,dy,unmapped
f75r,M,shey,unmapped
f75r,M,ok,heat
f75r,M,shey,unmapped
f75r,M,qokeedy,heat
f75r,M,shey,unmapped
f75r,M,kar,reflux
f75r,M,chey,unmapped
f75r,M,ckhey,unmapped
f75r,M,r,unmapped
f75r,M,ain,unmapped
f75r,M,ol,outlet
f75r,M,olsheedy,unmapped
f75r,M,qokeey,heat
f75r,M,qoky,heat
f75r,M,pcheykeeor,reflux
f75r,M,olky,unmapped
f75r,M,dar,reflux
f75r,M,okey,heat
f75r,M,qokain,heat
f75r,M,chcthy,unmapped
f75r,M,qokeedy,heat
f75r,M,qoky,heat
f75r,M,pchedy,unmapped
f75r,M,qokshdy,heat
f75r,M,ytain,unmapped
f75r,M,chedy,unmapped
f75r,M,qokar,heat
f75r,M,chy,unmapped
f75r,M,lol,outlet
f75r,M,chedy,unmapped
f75r,M,qoky,heat
f75r,M,sor,reflux
f75r,M,chey,unmapped
f75r,M,qokardy,heat
f75r,M,dsheckhy,unmapped
f75r,M,qokain,heat
f75r,M,chckhy,unmapped
f75r,M,lshedy,unmapped
f75r,M,okeedy,heat
f75r,M,qokchdy,heat
f75r,M,chcthy,unmapped
f75r,M,lo,unmapped
f75r,M,qokedy,heat
f75r,M,qokan,heat
f75r,M,checkhy,unmapped
f75r,M,qokar,heat
f75r,M,olchedy,unmapped
f75r,M,sal,outlet
f75r,M,dshor,reflux
f75r,M,qotar,heat
f75r,M,chdy,unmapped
f75r,M,shey,unmapped
f75r,M,qokain,heat
f75r,M,chckhy,unmapped
f75r,M,dy,unmapped
f75r,M,otey,unmapped
f75r,M,tedy,unmapped
f75r,M,lchedy,unmapped
f75r,M,qokeedy,heat
f75r,M,qokair,heat
f75r,M,oly,unmapped
f75r,M,qokeedy,heat
f75r,M,dy,unmapped
f75r,M,qokal,heat
f75r,M,okar,heat
f75r,M,shedy,retain
f75r,M,dor,reflux
f75r,M,chekam,drain
f75r,M,ssheckhy,unmapped
f75r,M,qokal,heat
f75r,M,oly,unmapped
f75r,M,shey,unmapped
f75r,M,r,unmapped
f75r,M,ol,outlet
f75r,M,cheey,unmapped
f75r,M,shey,unmapped
f75r,M,dy,unmapped
f75r,M,olshedy,unmapped
f75r,M,qoky,heat
f75r,M,pchedy,unmapped
f75r,M,keedy,unmapped
f75r,M,qokedy,heat
f75r,M,qokedy,heat
f75r,M,qokedy,heat
f75r,M,qokedy,heat
f75r,M,qokain,heat
f75r,M,olshedy,unmapped
f75r,M,sain,unmapped
f75r,M,al,outlet
f75r,M,keishy,unmapped
f75r,M,qokain,heat
f75r,M,dy,unmapped
f75r,M,olshedy,unmapped
f75r,M,qokain,heat
f75r,M,chckhy,unmapped
f75r,M,qokain,heat
f75r,M,otar,reflux
f75r,M,aly,unmapped
f75r,M,sain,unmapped
f75r,M,qokain,heat
f75r,M,qolkeeoly,heat
f75r,M,saiin,medium
f75r,M,chedy,unmapped
f75r,M,sol,outlet
f75r,M,or,reflux
f75r,M,shedy,retain
f75r,M,okchdy,heat
f75r,M,qoky,heat
f75r,M,dshedy,unmapped
f75r,M,qokar,heat
f75r,M,sheedy,unmapped
f75r,M,lch,unmapped
f75r,M,shokain,unmapped
f75r,M,chy,unmapped
f75r,M,okshedy,heat
f75r,M,qokain,heat
f75r,M,chedy,unmapped
f75r,M,pchedar,reflux
f75r,M,shepchy,unmapped
f75r,M,lshedary,unmapped
f75r,M,dal,outlet
f75r,M,shal,outlet
f75r,M,shy,unmapped
f75r,M,kol,outlet
f75r,M,shedy,retain
f75r,M,qokam,drain
f75r,M,sol,outlet
f75r,M,sheedy,unmapped
f75r,M,qol,heat
f75r,M,shedy,retain
f75r,M,qol,heat
f75r,M,otain,unmapped
f75r,M,char,reflux
f75r,M,sar,reflux
f75r,M,oly,unmapped
f75r,M,qokshedy,heat
f75r,M,qol,heat
f75r,M,shey,unmapped
f75r,M,qoky,heat
f75r,M,shey,unmapped
f75r,M,ey,unmapped
f75r,M,qokain,heat
f75r,M,ar,reflux
f75r,M,ry,unmapped
f75r,M,shey,unmapped
f75r,M,qor,heat
f75r,M,chey,unmapped
f75r,M,lchey,unmapped
f75r,M,lo,unmapped
f75r,M,ydain,unmapped
f75r,M,shey,unmapped
f75r,M,qokain,heat
f75r,M,oqokain,unmapped
f75r,M,chey,unmapped
f75r,M,qckhsy,unmapped
f75r,M,or,reflux
f75r,M,ysheor,reflux
f75r,M,ol,outlet
f75r,M,lor,reflux
f75r,M,am,drain
f75r,M,odar,reflux
f75r,M,shey,unmapped
f75r,M,qokain,heat
f75r,M,chedy,unmapped
f75r,M,or,reflux
f75r,M,shey,unmapped
f75r,M,kar,reflux
f75r,M,chedy,unmapped
f75r,M,sar,reflux
f75r,M,pchey,unmapped
f75r,M,kshey,unmapped
f75r,M,qokeey,heat
f75r,M,qokal,heat
f75r,M,sshey,unmapped
f75r,M,qol,heat
f75r,M,chedyqokam,drain
f75r,M,qokain,heat
f75r,M,olkeey,unmapped
f75r,M,qolkary,heat
f75r,M,sain,unmapped
f75r,M,checthy,unmapped
f75r,M,lor,reflux
f75r,M,ol,outlet
f75r,M,sain,unmapped
f75r,M,shckhy,unmapped
f75r,M,qokeedy,heat
f75r,M,shy,unmapped
f75r,M,dy,unmapped
f75r,M,qokeedy,heat
f75r,M,lchedy,unmapped
f75r,M,ram,drain
f75r,M,dain,unmapped
f75r,M,ol,outlet
f75r,M,sheol,outlet
f75r,M,dain,unmapped
f75r,M,ol,outlet
f75r,M,qoly,heat
f75r,M,dar,reflux
f75r,M,ajy,unmapped
f75r,M,pdalshor,reflux
f75r,M,shtol,outlet
f75r,M,qoty,heat
f75r,M,pshar,reflux
f75r,M,shedy,retain
f75r,M,okaldy,heat
f75r,M,dar,reflux
f75r,M,otar,reflux
f75r,M,otody,unmapped
f75r,M,dy,unmapped
f75r,M,rol,outlet
f75r,M,tchedy,unmapped
f75r,M,pchedy,unmapped
f75r,M,qokeey,heat
f75r,M,sol,outlet
f75r,M,oldair,unmapped
f75r,M,shecthy,unmapped
f75r,M,qol,heat
f75r,M,l,unmapped
f75r,M,sheedy,unmapped
f75r,M,qokeedy,heat
f75r,M,lolchedy,unmapped
f75r,M,dain,unmapped
f75r,M,chkal,outlet
f75r,M,dy,unmapped
f75r,M,lo,unmapped
f75r,M,lkaiin,medium
f75r,M,ol,outlet
f75r,M,okeedyqol,heat
f75r,M,dain,unmapped
f75r,M,olchey,unmapped
f75r,M,qokeedy,heat
f75r,M,chedy,unmapped
f75r,M,qotan,heat
f75r,M,qo,heat
f75r,M,dain,unmapped
f75r,M,cheeky,unmapped
f75r,M,qokey,heat
f75r,M,qokain,heat
f75r,M,cheky,unmapped
f75r,M,qokal,heat
f75r,M,dain,unmapped
f75r,M,chedy,unmapped
f75r,M,o,unmapped
f75r,M,kalol,outlet
f75r,M,shedy,retain
f75r,M,okar,heat
f75r,M,olom,unmapped
f75r,M,dshedy,unmapped
f75r,M,qokey,heat
f75r,M,chckhy,unmapped
f75r,M,qokar,heat
f75r,M,shedy,retain
f75r,M,chey,unmapped
f75r,M,qoked,heat
f75r,M,qokedy,heat
f75r,M,daldy,unmapped
f75r,M,polshy,unmapped
f75r,M,dal,outlet
f75r,M,shedy,retain
f75r,M,qokain,heat
f75r,M,dar,reflux
f75r,M,chsdy,unmapped
f75r,M,shedy,retain
f75r,M,qotar,heat
f75r,M,shedy,retain
f75r,M,ldy,unmapped
f75r,M,qokeey,heat
f75r,M,l,unmapped
f75r,M,shedy,retain
f75r,M,qo,heat
f75r,M,l,unmapped
f75r,M,chedy,unmapped
f75r,M,qokain,heat
f75r,M,chcthedy,unmapped
f75r,M,ltedy,unmapped
f75r,M,darom,unmapped
f75r,M,s,unmapped
f75r,M,olkedy,unmapped
f75r,M,okal,heat
f75r,M,dar,reflux
f75r,M,oty,unmapped
f75r,M,okar,heat
f75r,M,otar,reflux
f75r,M,ol,outlet
f75r,M,kain,unmapped
f75r,M,oltedy,unmapped
f75r,M,qokain,heat
f75r,M,sheety,unmapped
f75r,M,qokain,heat
f75r,M,dar,reflux
f75r,M,dar,reflux
f75r,M,shedy,retain
f75r,M,qokain,heat
f75r,M,oldy,unmapped
f75r,M,sol,outlet
f75r,M,keedy,unmapped
f75r,M,qokeedy,heat
f75r,M,qokey,heat
f75r,M,okar,heat
f75r,M,otar,reflux
f75r,M,dardardy,unmapped
f75r,M,qokedy,heat
f75r,M,dy,unmapped
f75r,M,sheety,unmapped
f75r,M,qokedy,heat
f75r,M,qokeedy,heat
f75r,M,qokechdy,heat
f75r,M,lol,outlet
f75r,M,qokeedy,heat
f75r,M,qokeedy,heat
f75r,M,qokedy,heat
f75r,M,qokedy,heat
f75r,M,qokeedy,heat
f75r,M,ldy,unmapped
f75r,M,yshedy,unmapped
f75r,M,qokeedy,heat
f75r,M,qokeedy,heat
f75r,M,olkeedy,unmapped
f75r,M,otey,unmapped
f75r,M,koldy,unmapped
f75r,M,dar,reflux
f75r,M,shedy,retain
f75r,M,qokain,heat
f75r,M,shedy,retain
f75r,M,dal,outlet
f75r,M,keedy,unmapped
f75r,M,rshedy,unmapped
f75r,M,sokeedy,unmapped
f75r,M,qokeedy,heat
f75r,M,oteedy,unmapped
f75r,M,qoky,heat
f75r,M,dy,unmapped
f75r,M,keedy,unmapped
f75r,M,sy,unmapped
f75r,M,dshedy,unmapped
f75r,M,qokedy,heat
f75r,M,qokeedy,heat
f75r,M,qoteey,heat
f75r,M,qoteedy,heat
f75r,M,dor,reflux
f75r,M,yshedy,unmapped
f75r,M,chekar,reflux
f75r,M,oldy,unmapped
f75r,M,qokain,heat
f75r,M,chkar,reflux
f75r,M,otar,reflux
f75r,M,oldy,unmapped
f75r,M,dchedy,unmapped
f75r,M,sain,unmapped
f75r,M,okedy,heat
f75r,M,qokedy,heat
f75r,M,otedy,unmapped
f75r,M,okoldy,heat
f75r,M,otar,reflux
f75r,M,otam,drain
f75r,M,olaiin,medium
f75r,M,ch,unmapped
f75r,M,dar,reflux
f75r,M,dy,unmapped
f75r,M,sshedy,unmapped
f75r,M,shckhy,unmapped
f75r,M,qokey,heat
f75r,M,okedy,heat
f75r,M,sarol,outlet
f75r,M,oty,unmapped
f75r,M,otedy,unmapped
f75r,M,qotedy,heat
f75r,M,otedy,unmapped
f75r,M,okaiin,heat
f75r,M,qokey,heat
f75r,M,qokedy,heat
f75r,M,sheol,outlet
f75r,M,qokedy,heat
f75r,M,dain,unmapped
f75r,M,shedy,retain
f75r,M,otol,outlet
f75r,M,chedy,unmapped
f75r,M,olor,reflux
f75r,M,sal,outlet
f75r,M,okeedy,heat
f75r,M,daly,unmapped
f75r,M,ychey,unmapped
f75r,M,sols,unmapped
f75r,M,dara,unmapped
f75r,M,ychty,unmapped
f75r,M,saino,unmapped
f75r,M,saldy,unmapped
f75r,M,dainy,unmapped
f75v,M,pchedar,reflux
f75v,M,opchedy,unmapped
f75v,M,qokedy,heat
f75v,M,opchedy,unmapped
f75v,M,qopdy,heat
f75v,M,dain,unmapped
f75v,M,chetas,unmapped
f75v,M,chy,unmapped
f75v,M,qotam,drain
f75v,M,s,unmapped
f75v,M,sor,reflux
f75v,M,sheky,unmapped
f75v,M,qokain,heat
f75v,M,okal,heat
f75v,M,dal,outlet
f75v,M,olchedy,unmapped
f75v,M,daiin,medium
f75v,M,chckhy,unmapped
f75v,M,lkar,reflux
f75v,M,chckhy,unmapped
f75v,M,rom,unmapped
f75v,M,l,unmapped
f75v,M,dl,unmapped
f75v,M,shckhy,unmapped
f75v,M,kain,unmapped
f75v,M,olchey,unmapped
f75v,M,qokain,heat
f75v,M,dalyrd,unmapped
f75v,M,dl,unmapped
f75v,M,shedy,retain
f75v,M,qoteedy,heat
f75v,M,cthedy,unmapped
f75v,M,loly,unmapped
f75v,M,l,unmapped
f75v,M,qokchdy,heat
f75v,M,qokal,heat
f75v,M,dal,outlet
f75v,M,ol,outlet
f75v,M,chety,unmapped
f75v,M,lchdy,unmapped
f75v,M,shedy,retain
f75v,M,ched,unmapped
f75v,M,otedy,unmapped
f75v,M,qotedy,heat
f75v,M,otar,reflux
f75v,M,o,unmapped
f75v,M,r,unmapped
f75v,M,qokeed,heat
f75v,M,chedy,unmapped
f75v,M,ky,unmapped
f75v,M,okedy,heat
f75v,M,lchedy,unmapped
f75v,M,dar,reflux
f75v,M,ody,unmapped
f75v,M,dchedy,unmapped
f75v,M,dar,reflux
f75v,M,olchedy,unmapped
f75v,M,otedy,unmapped
f75v,M,qoky,heat
f75v,M,s,unmapped
f75v,M,qokedy,heat
f75v,M,rshey,unmapped
f75v,M,qol,heat
f75v,M,chey,unmapped
f75v,M,ol,outlet
f75v,M,chey,unmapped
f75v,M,keed,unmapped
f75v,M,sol,outlet
f75v,M,key,unmapped
f75v,M,dy,unmapped
f75v,M,kedy,unmapped
f75v,M,qokal,heat
f75v,M,dar,reflux
f75v,M,oly,unmapped
f75v,M,ocheain,unmapped
f75v,M,cheedy,unmapped
f75v,M,qokal,heat
f75v,M,dain,unmapped
f75v,M,sheeky,unmapped
f75v,M,qoky,heat
f75v,M,sshedy,unmapped
f75v,M,tedy,unmapped
f75v,M,otedy,unmapped
f75v,M,tedy,unmapped
f75v,M,taral,outlet
f75v,M,qol,heat
f75v,M,sheckhy,unmapped
f75v,M,qokedy,heat
f75v,M,qokedy,heat
f75v,M,qokaly,heat
f75v,M,sor,reflux
f75v,M,chedy,unmapped
f75v,M,qoky,heat
f75v,M,olshty,unmapped
f75v,M,qokydy,heat
f75v,M,sal,outlet
f75v,M,ol,outlet
f75v,M,olain,unmapped
f75v,M,olkey,unmapped
f75v,M,olshed,unmapped
f75v,M,qokaly,heat
f75v,M,qokar,heat
f75v,M,chedy,unmapped
f75v,M,qokain,heat
f75v,M,ty,unmapped
f75v,M,lshdy,unmapped
f75v,M,qo,heat
f75v,M,odchedy,unmapped
f75v,M,qolshdy,heat
f75v,M,shokshdy,unmapped
f75v,M,qokain,heat
f75v,M,or,reflux
f75v,M,shedy,retain
f75v,M,qolol,heat
f75v,M,keedy,unmapped
f75v,M,qokalom,heat
f75v,M,sal,outlet
f75v,M,shed,retain
f75v,M,ykain,unmapped
f75v,M,qokain,heat
f75v,M,sheckhy,unmapped
f75v,M,ld,unmapped
f75v,M,saiin,medium
f75v,M,ckhy,unmapped
f75v,M,lshedy,unmapped
f75v,M,okshy,heat
f75v,M,saral,outlet
f75v,M,dokal,outlet
f75v,M,darol,outlet
f75v,M,daldy,unmapped
f75v,M,dal,outlet
f75v,M,shd,unmapped
f75v,M,dalkar,reflux
f75v,M,qokal,heat
f75v,M,dly,unmapped
f75v,M,ory,unmapped
f75v,M,oty,unmapped
f75v,M,lchy,unmapped
f75v,M,dary,unmapped
f75v,M,dal,outlet
f75v,M,daldy,unmapped
f75v,M,qoted,heat
f75v,M,rkal,outlet
f75v,M,ykedy,unmapped
f75v,M,olkchy,unmapped
f75v,M,otoly,unmapped
f75v,M,tolsheor,reflux
f75v,M,qokal,heat
f75v,M,dar,reflux
f75v,M,olked,unmapped
f75v,M,orol,outlet
f75v,M,kchey,unmapped
f75v,M,okain,heat
f75v,M,olchey,unmapped
f75v,M,okar,heat
f75v,M,sheky,unmapped
f75v,M,dedy,unmapped
f75v,M,kedy,unmapped
f75v,M,qoqokeey,heat
f75v,M,olkain,unmapped
f75v,M,qol,heat
f75v,M,sheedy,unmapped
f75v,M,qokeor,heat
f75v,M,sheedy,unmapped
f75v,M,qokal,heat
f75v,M,or,reflux
f75v,M,chey,unmapped
f75v,M,qokar,heat
f75v,M,ol,outlet
f75v,M,aiin,medium
f75v,M,dlshedy,unmapped
f75v,M,qokain,heat
f75v,M,dal,outlet
f75v,M,qol,heat
f75v,M,qol,heat
f75v,M,ol,outlet
f75v,M,sheedy,unmapped
f75v,M,cheey,unmapped
f75v,M,dol,outlet
f75v,M,ol,outlet
f75v,M,sheey,unmapped
f75v,M,qokain,heat
f75v,M,olol,outlet
f75v,M,sal,outlet
f75v,M,shedy,retain
f75v,M,qokain,heat
f75v,M,shey,unmapped
f75v,M,qoin,heat
f75v,M,ol,outlet
f75v,M,shey,unmapped
f75v,M,ol,outlet
f75v,M,shey,unmapped
f75v,M,qoky,heat
f75v,M,qol,heat
f75v,M,cheey,unmapped
f75v,M,chl,unmapped
f75v,M,or,reflux
f75v,M,sheolo,unmapped
f75v,M,o,unmapped
f75v,M,l,unmapped
f75v,M,sheey,unmapped
f75v,M,qolshey,heat
f75v,M,qokain,heat
f75v,M,okaiin,heat
f75v,M,charor,reflux
f75v,M,pokain,unmapped
f75v,M,okeedy,heat
f75v,M,or,reflux
f75v,M,chesy,unmapped
f75v,M,solshey,unmapped
f75v,M,qokeey,heat
f75v,M,qotedy,heat
f75v,M,olkedy,unmapped
f75v,M,chey,unmapped
f75v,M,tal,outlet
f75v,M,dy,unmapped
f75v,M,qol,heat
f75v,M,olshees,unmapped
f75v,M,ol,outlet
f75v,M,sheckhy,unmapped
f75v,M,qokain,heat
f75v,M,ol,outlet
f75v,M,chedy,unmapped
f75v,M,qol,heat
f75v,M,chedy,unmapped
f75v,M,qol,heat
f75v,M,keey,unmapped
f75v,M,qolchedy,heat
f75v,M,chealy,unmapped
f75v,M,yshey,unmapped
f75v,M,qokar,heat
f75v,M,olchedy,unmapped
f75v,M,qor,heat
f75v,M,oiin,unmapped
f75v,M,okeedy,heat
f75v,M,qokeed,heat
f75v,M,qokeey,heat
f75v,M,qokeey,heat
f75v,M,otey,unmapped
f75v,M,qoky,heat
f75v,M,dy,unmapped
f75v,M,ychey,unmapped
f75v,M,qotain,heat
f75v,M,sheckhy,unmapped
f75v,M,qokedy,heat
f75v,M,qokedy,heat
f75v,M,lsheckhy,unmapped
f75v,M,qokain,heat
f75v,M,dal,outlet
f75v,M,tol,outlet
f75v,M,olchedy,unmapped
f75v,M,qokain,heat
f75v,M,olshey,unmapped
f75v,M,qokain,heat
f75v,M,dar,reflux
f75v,M,ol,outlet
f75v,M,shedy,retain
f75v,M,qokedy,heat
f75v,M,qokeedy,heat
f75v,M,qotar,heat
f75v,M,olshedy,unmapped
f75v,M,oldy,unmapped
f75v,M,qokear,heat
f75v,M,chedy,unmapped
f75v,M,shckhy,unmapped
f75v,M,dol,outlet
f75v,M,ycheedy,unmapped
f75v,M,saino,unmapped
f75v,M,ol,outlet
f75v,M,cheedy,unmapped
f75v,M,qokar,heat
f75v,M,otar,reflux
f75v,M,dal,outlet
f75v,M,daiin,medium
f75v,M,por,reflux
f75v,M,shey,unmapped
f75v,M,okain,heat
f75v,M,chedy,unmapped
f75v,M,qolsheol,heat
f75v,M,olchedy,unmapped
f75v,M,otal,outlet
f75v,M,opal,outlet
f75v,M,okeey,heat
f75v,M,lol,outlet
f75v,M,olol,outlet
f75v,M,ytedy,unmapped
f75v,M,otedy,unmapped
f75v,M,oteey,unmapped
f75v,M,qotedy,heat
f75v,M,okedy,heat
f75v,M,qek,unmapped
f75v,M,y,unmapped
f75v,M,tedar,reflux
f75v,M,oly,unmapped
f75v,M,s,unmapped
f75v,M,alchedy,unmapped
f75v,M,solkedy,unmapped
f75v,M,qokeedy,heat
f75v,M,qokol,heat
f75v,M,olkol,outlet
f75v,M,kolkedy,unmapped
f75v,M,qokedy,heat
f75v,M,qoky,heat
f75v,M,lpchdy,unmapped
f75v,M,qotchdy,heat
f75v,M,lol,outlet
f75v,M,oksheyqolkeey,heat
f75v,M,lchdy,unmapped
f75v,M,soiin,unmapped
f75v,M,ol,outlet
f75v,M,otchdy,unmapped
f75v,M,ykeechy,unmapped
f75v,M,qokeedy,heat
f75v,M,daiin,medium
f75v,M,ol,outlet
f75v,M,olsheey,unmapped
f75v,M,qoly,heat
f75v,M,oteey,unmapped
f75v,M,qol,heat
f75v,M,chey,unmapped
f75v,M,qokey,heat
f75v,M,oldy,unmapped
f75v,M,olyly,unmapped
f75v,M,sshey,unmapped
f75v,M,qol,heat
f75v,M,dy,unmapped
f75v,M,qokar,heat
f75v,M,shey,unmapped
f75v,M,ldy,unmapped
f75v,M,qokal,heat
f75v,M,dain,unmapped
f75v,M,dain,unmapped
f75v,M,o,unmapped
f75v,M,qoky,heat
f75v,M,daiin,medium
f75v,M,okal,heat
f75v,M,sheedy,unmapped
f75v,M,qoteedy,heat
f75v,M,qokchy,heat
f75v,M,ly,unmapped
f75v,M,ykeedy,unmapped
f75v,M,qokain,heat
f75v,M,otain,unmapped
f75v,M,shety,unmapped
f75v,M,o,unmapped
f75v,M,cthey,unmapped
f75v,M,shedy,retain
f75v,M,otol,outlet
f75v,M,chckhey,unmapped
f75v,M,ldy,unmapped
f75v,M,okeshey,heat
f75v,M,olkedy,unmapped
f75v,M,olkedy,unmapped
f75v,M,qol,heat
f75v,M,chey,unmapped
f75v,M,qokey,heat
f75v,M,olchedy,unmapped
f75v,M,otey,unmapped
f75v,M,orol,outlet
f76r,M,potchokor,reflux
f76r,M,chcfhdy,unmapped
f76r,M,opshdy,unmapped
f76r,M,qolp,heat
f76r,M,chcphy,unmapped
f76r,M,chcphdy,unmapped
f76r,M,opshey,unmapped
f76r,M,qofshy,heat
f76r,M,opchdy,unmapped
f76r,M,sain,unmapped
f76r,M,as,unmapped
f76r,M,y,unmapped
f76r,M,dshedy,unmapped
f76r,M,qotddyar,heat
f76r,M,cthar,reflux
f76r,M,chep,unmapped
f76r,M,dain,unmapped
f76r,M,okain,heat
f76r,M,qokeor,heat
f76r,M,shedy,retain
f76r,M,qol,heat
f76r,M,ain,unmapped
f76r,M,sheals,unmapped
f76r,M,qokeey,heat
f76r,M,yshey,unmapped
f76r,M,qokeey,heat
f76r,M,qokey,heat
f76r,M,qokeed,heat
f76r,M,okedy,heat
f76r,M,shky,unmapped
f76r,M,qotedy,heat
f76r,M,otedy,unmapped
f76r,M,shol,outlet
f76r,M,qoty,heat
f76r,M,ol,outlet
f76r,M,chedy,unmapped
f76r,M,aiiny,unmapped
f76r,M,s,unmapped
f76r,M,qokedy,heat
f76r,M,qokeey,heat
f76r,M,or,reflux
f76r,M,or,reflux
f76r,M,or,reflux
f76r,M,chkorol,outlet
f76r,M,otey,unmapped
f76r,M,qokedy,heat
f76r,M,lkedy,unmapped
f76r,M,chdy,unmapped
f76r,M,qokchdy,heat
f76r,M,qokal,heat
f76r,M,chdam,drain
f76r,M,solchedy,unmapped
f76r,M,qokeedy,heat
f76r,M,qopchedy,heat
f76r,M,qokeeo,heat
f76r,M,rol,outlet
f76r,M,shedy,retain
f76r,M,qokedy,heat
f76r,M,sheey,unmapped
f76r,M,okees,heat
f76r,M,al,outlet
f76r,M,al,outlet
f76r,M,chedain,unmapped
f76r,M,dar,reflux
f76r,M,d,unmapped
f76r,M,qoaiin,heat
f76r,M,ches,unmapped
f76r,M,okeedal,heat
f76r,M,qoked,heat
f76r,M,qokeey,heat
f76r,M,shedy,retain
f76r,M,chey,unmapped
f76r,M,lkeedy,unmapped
f76r,M,okey,heat
f76r,M,dar,reflux
f76r,M,aiin,medium
f76r,M,chekain,unmapped
f76r,M,oldy,unmapped
f76r,M,shed,retain
f76r,M,al,outlet
f76r,M,shckhy,unmapped
f76r,M,r,unmapped
f76r,M,ain,unmapped
f76r,M,chcphedy,unmapped
f76r,M,ain,unmapped
f76r,M,olkeey,unmapped
f76r,M,lkar,reflux
f76r,M,ain,unmapped
f76r,M,otchy,unmapped
f76r,M,lkain,unmapped
f76r,M,chedy,unmapped
f76r,M,dar,reflux
f76r,M,daly,unmapped
f76r,M,q,unmapped
f76r,M,qotedshedy,heat
f76r,M,qorain,heat
f76r,M,oteedy,unmapped
f76r,M,chedy,unmapped
f76r,M,ol,outlet
f76r,M,chdy,unmapped
f76r,M,raiiin,unmapped
f76r,M,chekain,unmapped
f76r,M,dain,unmapped
f76r,M,chckhy,unmapped
f76r,M,sal,outlet
f76r,M,oty,unmapped
f76r,M,solshedy,unmapped
f76r,M,qool,heat
f76r,M,qctheed,unmapped
f76r,M,shdy,unmapped
f76r,M,qa,unmapped
f76r,M,ol,outlet
f76r,M,keey,unmapped
f76r,M,dain,unmapped
f76r,M,saiin,medium
f76r,M,s,unmapped
f76r,M,ar,reflux
f76r,M,shedy,retain
f76r,M,qokeor,heat
f76r,M,okeedy,heat
f76r,M,qokeedy,heat
f76r,M,checthy,unmapped
f76r,M,chckhey,unmapped
f76r,M,okal,heat
f76r,M,okaiin,heat
f76r,M,sheckhey,unmapped
f76r,M,okeedy,heat
f76r,M,otey,unmapped
f76r,M,dal,outlet
f76r,M,y,unmapped
f76r,M,kal,outlet
f76r,M,chedy,unmapped
f76r,M,sar,reflux
f76r,M,s,unmapped
f76r,M,chorshedy,unmapped
f76r,M,qoked,heat
f76r,M,okees,heat
f76r,M,al,outlet
f76r,M,ar,reflux
f76r,M,aiin,medium
f76r,M,ar,reflux
f76r,M,ain,unmapped
f76r,M,chckheed,unmapped
f76r,M,lchedy,unmapped
f76r,M,shedy,retain
f76r,M,qolair,heat
f76r,M,chedy,unmapped
f76r,M,qotes,heat
f76r,M,chedy,unmapped
f76r,M,shckhy,unmapped
f76r,M,qokeey,heat
f76r,M,okeey,heat
f76r,M,kain,unmapped
f76r,M,checkhy,unmapped
f76r,M,qokeedy,heat
f76r,M,qotey,heat
f76r,M,qotain,heat
f76r,M,chekair,unmapped
f76r,M,chey,unmapped
f76r,M,chckh,unmapped
f76r,M,shey,unmapped
f76r,M,qeeey,unmapped
f76r,M,chol,outlet
f76r,M,lkain,unmapped
f76r,M,shedy,retain
f76r,M,qokeedy,heat
f76r,M,okain,heat
f76r,M,chedy,unmapped
f76r,M,okeed,heat
f76r,M,qokaloro,heat
f76r,M,o,unmapped
f76r,M,dcheedy,unmapped
f76r,M,qolchey,heat
f76r,M,qokeey,heat
f76r,M,qokeey,heat
f76r,M,chedy,unmapped
f76r,M,qokar,heat
f76r,M,shedy,retain
f76r,M,shedy,retain
f76r,M,lshedy,unmapped
f76r,M,qolchedy,heat
f76r,M,otedyl,unmapped
f76r,M,dshedy,unmapped
f76r,M,qo,heat
f76r,M,chedy,unmapped
f76r,M,lchedy,unmapped
f76r,M,qokey,heat
f76r,M,qolchey,heat
f76r,M,qotain,heat
f76r,M,chckhy,unmapped
f76r,M,shckhy,unmapped
f76r,M,lchar,reflux
f76r,M,okar,heat
f76r,M,alchdy,unmapped
f76r,M,qokchsdy,heat
f76r,M,okeey,heat
f76r,M,lchedy,unmapped
f76r,M,qo,heat
f76r,M,olain,unmapped
f76r,M,ot,unmapped
f76r,M,shedy,retain
f76r,M,qotaly,heat
f76r,M,dar,reflux
f76r,M,sain,unmapped
f76r,M,shedy,retain
f76r,M,oleeed,unmapped
f76r,M,l,unmapped
f76r,M,sheedy,unmapped
f76r,M,qokedy,heat
f76r,M,chedy,unmapped
f76r,M,chedy,unmapped
f76r,M,qokain,heat
f76r,M,chckhy,unmapped
f76r,M,olchy,unmapped
f76r,M,l,unmapped
f76r,M,ain,unmapped
f76r,M,shedy,retain
f76r,M,olaiin,medium
f76r,M,chedy,unmapped
f76r,M,qokey,heat
f76r,M,dalshedy,unmapped
f76r,M,qol,heat
f76r,M,sheedy,unmapped
f76r,M,qokaldy,heat
f76r,M,chepy,unmapped
f76r,M,dain,unmapped
f76r,M,alolor,reflux
f76r,M,olain,unmapped
f76r,M,chedy,unmapped
f76r,M,shecthy,unmapped
f76r,M,qokey,heat
f76r,M,lor,reflux
f76r,M,qoloin,heat
f76r,M,chey,unmapped
f76r,M,qokeey,heat
f76r,M,lchedy,unmapped
f76r,M,chckhy,unmapped
f76r,M,chey,unmapped
f76r,M,ky,unmapped
f76r,M,chey,unmapped
f76r,M,qolal,heat
f76r,M,lklchey,unmapped
f76r,M,lchedy,unmapped
f76r,M,chey,unmapped
f76r,M,llaiir,unmapped
f76r,M,y,unmapped
f76r,M,shedal,retain
f76r,M,shey,unmapped
f76r,M,qokey,heat
f76r,M,qolchedy,heat
f76r,M,qolain,heat
f76r,M,ain,unmapped
f76r,M,chey,unmapped
f76r,M,qokaiin,heat
f76r,M,okain,heat
f76r,M,cheedy,unmapped
f76r,M,lchey,unmapped
f76r,M,l,unmapped
f76r,M,oly,unmapped
f76r,M,dy,unmapped
f76r,M,k,unmapped
f76r,M,soin,unmapped
f76r,M,sheey,unmapped
f76r,M,chear,reflux
f76r,M,ol,outlet
f76r,M,aiin,medium
f76r,M,chodaiin,medium
f76r,M,qokaiin,heat
f76r,M,chey,unmapped
f76r,M,qokalchey,heat
f76r,M,dal,outlet
f76r,M,chdy,unmapped
f76r,M,dal,outlet
f76r,M,ytal,outlet
f76r,M,qokar,heat
f76r,M,shedy,retain
f76r,M,shedy,retain
f76r,M,qokar,heat
f76r,M,shedy,retain
f76r,M,qokain,heat
f76r,M,dar,reflux
f76r,M,shey,unmapped
f76r,M,lshcthy,unmapped
f76r,M,okar,heat
f76r,M,okain,heat
f76r,M,y,unmapped
f76r,M,laiin,medium
f76r,M,y,unmapped
f76r,M,darchey,unmapped
f76r,M,cheolchey,unmapped
f76r,M,shcthy,unmapped
f76r,M,chedy,unmapped
f76r,M,qo,heat
f76r,M,qokey,heat
f76r,M,dalaiin,medium
f76r,M,sheeky,unmapped
f76r,M,qokain,heat
f76r,M,olky,unmapped
f76r,M,sain,unmapped
f76r,M,chy,unmapped
f76r,M,r,unmapped
f76r,M,cheo,unmapped
f76r,M,r,unmapped
f76r,M,ain,unmapped
f76r,M,okaiin,heat
f76r,M,dain,unmapped
f76r,M,chey,unmapped
f76r,M,dalshedy,unmapped
f76r,M,qokaiin,heat
f76r,M,cheol,outlet
f76r,M,shy,unmapped
f76r,M,chedy,unmapped
f76r,M,rain,unmapped
f76r,M,chedy,unmapped
f76r,M,shy,unmapped
f76r,M,qokedy,heat
f76r,M,lkey,unmapped
f76r,M,kal,outlet
f76r,M,shedy,retain
f76r,M,qopchey,heat
f76r,M,qo,heat
f76r,M,l,unmapped
f76r,M,pchedy,unmapped
f76r,M,okchy,heat
f76r,M,chckhy,unmapped
f76r,M,shey,unmapped
f76r,M,lol,outlet
f76r,M,r,unmapped
f76r,M,ol,outlet
f76r,M,sheey,unmapped
f76r,M,dar,reflux
f76r,M,cheor,reflux
f76r,M,shey,unmapped
f76r,M,qoolkal,heat
f76r,M,shedy,retain
f76r,M,shedy,retain
f76r,M,shey,unmapped
f76r,M,shedy,retain
f76r,M,ollchy,unmapped
f76r,M,shlches,unmapped
f76r,M,shcthy,unmapped
f76r,M,sain,unmapped
f76r,M,oly,unmapped
f76r,M,sain,unmapped
f76r,M,shedy,retain
f76r,M,lshey,unmapped
f76r,M,qokal,heat
f76r,M,chcthy,unmapped
f76r,M,okeolor,heat
f76r,M,cheol,outlet
f76r,M,otar,reflux
f76r,M,chedy,unmapped
f76r,M,qol,heat
f76r,M,chcthy,unmapped
f76r,M,chckhy,unmapped
f76r,M,qokal,heat
f76r,M,shedy,retain
f76r,M,sheol,outlet
f76r,M,cheol,outlet
f76r,M,alshy,unmapped
f76r,M,chol,outlet
f76r,M,chdy,unmapped
f76r,M,talor,reflux
f76r,M,ol,outlet
f76r,M,alor,reflux
f76r,M,chol,outlet
f76r,M,okeor,heat
f76r,M,ar,reflux
f76r,M,o,unmapped
f76r,M,oly,unmapped
f76r,M,s,unmapped
f76r,M,oteey,unmapped
f76r,M,lchey,unmapped
f76r,M,chey,unmapped
f76r,M,olsheol,outlet
f76r,M,qokal,heat
f76r,M,chal,outlet
f76r,M,polalchdy,unmapped
f76r,M,pshedy,unmapped
f76r,M,opchedy,unmapped
f76r,M,qokas,heat
f76r,M,yksheol,outlet
f76r,M,qokeedy,heat
f76r,M,oty,unmapped
f76r,M,lshed,unmapped
f76r,M,chpsheedy,unmapped
f76r,M,ytal,outlet
f76r,M,qolchey,heat
f76r,M,shckhy,unmapped
f76r,M,qokey,heat
f76r,M,lchy,unmapped
f76r,M,opchey,unmapped
f76r,M,dain,unmapped
f76r,M,shdy,unmapped
f76r,M,qokedar,heat
f76r,M,olchdy,unmapped
f76r,M,sor,reflux
f76r,M,oty,unmapped
f76r,M,dy,unmapped
f76r,M,lchedy,unmapped
f76r,M,sain,unmapped
f76r,M,ar,reflux
f76r,M,okedy,heat
f76r,M,lcheey,unmapped
f76r,M,qokey,heat
f76r,M,shckhy,unmapped
f76r,M,otedy,unmapped
f76r,M,qokal,heat
f76r,M,shey,unmapped
f76r,M,qoky,heat
f76r,M,dain,unmapped
f76r,M,chedy,unmapped
f76r,M,qokchdyl,heat
f76r,M,dain,unmapped
f76r,M,chey,unmapped
f76r,M,lsh,unmapped
f76r,M,daiin,medium
f76r,M,chey,unmapped
f76r,M,lchedy,unmapped
f76r,M,qolain,heat
f76r,M,qotal,heat
f76r,M,shedy,retain
f76r,M,dy,unmapped
f76r,M,shecthy,unmapped
f76r,M,otalam,drain
f76r,M,sor,reflux
f76r,M,shey,unmapped
f76r,M,qokey,heat
f76r,M,qokar,heat
f76r,M,sheeoldy,unmapped
f76r,M,chol,outlet
f76r,M,oly,unmapped
f76r,M,chaly,unmapped
f76r,M,lol,outlet
f76r,M,chdy,unmapped
f76r,M,poleedaran,unmapped
f76r,M,shckhy,unmapped
f76r,M,qoty,heat
f76r,M,ykar,reflux
f76r,M,alol,outlet
f76r,M,lkaiin,medium
f76r,M,ol,outlet
f76r,M,shedy,retain
f76r,M,otain,unmapped
f76r,M,okar,heat
f76r,M,opar,reflux
f76r,M,kolpy,unmapped
f76r,M,y,unmapped
f76r,M,shedy,retain
f76r,M,qo,heat
f76r,M,or,reflux
f76r,M,okain,heat
f76r,M,shey,unmapped
f76r,M,qokaiin,heat
f76r,M,okeedy,heat
f76r,M,qochy,heat
f76r,M,as,unmapped
f76r,M,oin,unmapped
f76r,M,sheey,unmapped
f76r,M,chckhy,unmapped
f76r,M,dain,unmapped
f76r,M,shear,reflux
f76r,M,okedy,heat
f76r,M,otedy,unmapped
f76r,M,okedy,heat
f76r,M,lchedy,unmapped
f76r,M,chedy,unmapped
f76r,M,okar,heat
f76r,M,chedy,unmapped
f76r,M,otarain,unmapped
f76r,M,dain,unmapped
f76r,M,chckhy,unmapped
f76r,M,or,reflux
f76r,M,aiin,medium
f76r,M,sheey,unmapped
f76r,M,qockhey,heat
f76r,M,olchdar,reflux
f76r,M,sheey,unmapped
f76r,M,otedy,unmapped
f76r,M,olain,unmapped
f76r,M,oky,heat
f76r,M,saiin,medium
f76r,M,shckhy,unmapped
f76r,M,lkeedy,unmapped
f76r,M,qoky,heat
f76r,M,okain,heat
f76r,M,ytain,unmapped
f76r,M,oteedy,unmapped
f76r,M,okedor,heat
f76r,M,shedy,retain
f76r,M,qokal,heat
f76r,M,saiin,medium
f76r,M,olaiin,medium
f76r,M,oky,heat
f76r,M,shol,outlet
f76r,M,sain,unmapped
f76r,M,oky,heat
f76r,M,l,unmapped
f76r,M,kar,reflux
f76r,M,chedy,unmapped
f76r,M,lkar,reflux
f76r,M,al,outlet
f76r,M,loral,outlet
f76r,M,pchedy,unmapped
f76r,M,sal,outlet
f76r,M,dol,outlet
f76r,M,shdy,unmapped
f76r,M,olkedy,unmapped
f76r,M,qokaiin,heat
f76r,M,otal,outlet
f76r,M,rory,unmapped
f76r,M,qkor,reflux
f76r,M,shedy,retain
f76r,M,shey,unmapped
f76r,M,keedy,unmapped
f76r,M,sal,outlet
f76r,M,raiin,medium
f76r,M,opchdy,unmapped
f76r,M,dar,reflux
f76r,M,chedy,unmapped
f76r,M,qopchedy,heat
f76r,M,rorol,outlet
f76r,M,olsheed,unmapped
f76r,M,qokedy,heat
f76r,M,qokeedy,heat
f76r,M,qokedy,heat
f76r,M,lkedy,unmapped
f76r,M,lsheedy,unmapped
f76r,M,okar,heat
f76r,M,shedy,retain
f76r,M,otain,unmapped
f76r,M,saiin,medium
f76r,M,qol,heat
f76r,M,shedy,retain
f76r,M,ol,outlet
f76r,M,chedor,reflux
f76r,M,chal,outlet
f76r,M,shed,retain
f76r,M,qoteedy,heat
f76r,M,dshdy,unmapped
f76r,M,okal,heat
f76r,M,chedyl,unmapped
f76r,M,dal,outlet
f76r,M,or,reflux
f76r,M,chedy,unmapped
f76r,M,qolaiin,heat
f76r,M,okedal,heat
f76r,M,olchedy,unmapped
f76r,M,chdol,outlet
f76r,M,olchedy,unmapped
f76r,M,choly,unmapped
f76r,M,aiin,medium
f76r,M,y,unmapped
f76r,M,sain,unmapped
f76r,M,sheey,unmapped
f76r,M,or,reflux
f76r,M,ar,reflux
f76r,M,al,outlet
f76r,M,solshey,unmapped
f76r,M,okeedy,heat
f76r,M,ldaiin,medium
f76r,M,checkhey,unmapped
f76r,M,okedalor,heat
f76r,M,qokaiin,heat
f76r,M,ol,outlet
f76r,M,shedy,retain
f76r,M,qokeey,heat
f76r,M,or,reflux
f76r,M,shdy,unmapped
f76v,M,polarar,reflux
f76v,M,okor,heat
f76v,M,opcheey,unmapped
f76v,M,yteey,unmapped
f76v,M,opchaly,unmapped
f76v,M,lshedy,unmapped
f76v,M,qofchdal,heat
f76v,M,lkodol,outlet
f76v,M,opa,unmapped
f76v,M,korols,unmapped
f76v,M,sshedy,unmapped
f76v,M,keedy,unmapped
f76v,M,cholkeeey,unmapped
f76v,M,otedor,reflux
f76v,M,okor,heat
f76v,M,shedy,retain
f76v,M,chedy,unmapped
f76v,M,qokeedy,heat
f76v,M,oly,unmapped
f76v,M,shey,unmapped
f76v,M,qoyky,heat
f76v,M,dchedy,unmapped
f76v,M,qokeedy,heat
f76v,M,oteedy,unmapped
f76v,M,chedaiin,medium
f76v,M,chey,unmapped
f76v,M,qokeedy,heat
f76v,M,olkedy,unmapped
f76v,M,ror,reflux
f76v,M,oteedy,unmapped
f76v,M,okal,heat
f76v,M,salkeey,unmapped
f76v,M,sor,reflux
f76v,M,shecthy,unmapped
f76v,M,daiin,medium
f76v,M,okor,heat
f76v,M,chpchedy,unmapped
f76v,M,chy,unmapped
f76v,M,oty,unmapped
f76v,M,olor,reflux
f76v,M,otchy,unmapped
f76v,M,r,unmapped
f76v,M,alchl,unmapped
f76v,M,s,unmapped
f76v,M,otain,unmapped
f76v,M,okain,heat
f76v,M,chcthedy,unmapped
f76v,M,qoteed,heat
f76v,M,y,unmapped
f76v,M,kedy,unmapped
f76v,M,okedy,heat
f76v,M,chedy,unmapped
f76v,M,otedy,unmapped
f76v,M,teyteg,unmapped
f76v,M,qotees,heat
f76v,M,olkeey,unmapped
f76v,M,okeedy,heat
f76v,M,qoeeedy,heat
f76v,M,chckhey,unmapped
f76v,M,sheor,reflux
f76v,M,aiin,medium
f76v,M,otar,reflux
f76v,M,cheedy,unmapped
f76v,M,lchedy,unmapped
f76v,M,doteey,unmapped
f76v,M,qo,heat
f76v,M,okaiin,heat
f76v,M,oteedy,unmapped
f76v,M,otedy,unmapped
f76v,M,cheolchdy,unmapped
f76v,M,okeedy,heat
f76v,M,otedy,unmapped
f76v,M,qokedy,heat
f76v,M,okedar,heat
f76v,M,da,unmapped
f76v,M,qokeedy,heat
f76v,M,ochedy,unmapped
f76v,M,roiin,unmapped
f76v,M,sheedy,unmapped
f76v,M,qokeedy,heat
f76v,M,okeedy,heat
f76v,M,olor,reflux
f76v,M,okeedy,heat
f76v,M,qolkchey,heat
f76v,M,r,unmapped
f76v,M,ol,outlet
f76v,M,sheor,reflux
f76v,M,chey,unmapped
f76v,M,ral,outlet
f76v,M,cheey,unmapped
f76v,M,r,unmapped
f76v,M,al,outlet
f76v,M,cheedy,unmapped
f76v,M,cphdor,reflux
f76v,M,shedal,retain
f76v,M,qopchdy,heat
f76v,M,dshedy,unmapped
f76v,M,shedy,retain
f76v,M,tchedy,unmapped
f76v,M,lsheetal,outlet
f76v,M,shecphy,unmapped
f76v,M,daiin,medium
f76v,M,dy,unmapped
f76v,M,cheor,reflux
f76v,M,sheedy,unmapped
f76v,M,daiin,medium
f76v,M,oekeedy,unmapped
f76v,M,qokeey,heat
f76v,M,qokedy,heat
f76v,M,oteedy,unmapped
f76v,M,shedy,retain
f76v,M,qokedy,heat
f76v,M,shedam,drain
f76v,M,solsheol,outlet
f76v,M,sheey,unmapped
f76v,M,lteedy,unmapped
f76v,M,qokeedy,heat
f76v,M,qotal,heat
f76v,M,chedy,unmapped
f76v,M,checthy,unmapped
f76v,M,otedeey,unmapped
f76v,M,qokol,heat
f76v,M,chedy,unmapped
f76v,M,deey,unmapped
f76v,M,saiin,medium
f76v,M,sheedy,unmapped
f76v,M,qol,heat
f76v,M,sheedy,unmapped
f76v,M,okeeedy,heat
f76v,M,qoteedy,heat
f76v,M,chedy,unmapped
f76v,M,qotedy,heat
f76v,M,oleeedy,unmapped
f76v,M,qoteedy,heat
f76v,M,lo,unmapped
f76v,M,qokeedy,heat
f76v,M,qol,heat
f76v,M,cheedy,unmapped
f76v,M,otedy,unmapped
f76v,M,cthedy,unmapped
f76v,M,otedy,unmapped
f76v,M,qoteedy,heat
f76v,M,shcthedy,unmapped
f76v,M,qoeekeedy,heat
f76v,M,deedy,unmapped
f76v,M,tchedy,unmapped
f76v,M,lsheedy,unmapped
f76v,M,chedal,outlet
f76v,M,chedy,unmapped
f76v,M,checthey,unmapped
f76v,M,polshdal,outlet
f76v,M,otedair,unmapped
f76v,M,opshedal,outlet
f76v,M,qokedy,heat
f76v,M,shedy,retain
f76v,M,fschedal,outlet
f76v,M,tsheokeedy,unmapped
f76v,M,oshepols,unmapped
f76v,M,sar,reflux
f76v,M,olkeey,unmapped
f76v,M,shokaiin,medium
f76v,M,sheolol,outlet
f76v,M,otedy,unmapped
f76v,M,qekchdy,unmapped
f76v,M,qoeeedy,heat
f76v,M,qokedy,heat
f76v,M,lkedy,unmapped
f76v,M,chdy,unmapped
f76v,M,lshey,unmapped
f76v,M,qockhedy,heat
f76v,M,qodeey,heat
f76v,M,qolkeedy,heat
f76v,M,qokedy,heat
f76v,M,chol,outlet
f76v,M,chedchey,unmapped
f76v,M,daiin,medium
f76v,M,olkedy,unmapped
f76v,M,or,reflux
f76v,M,as,unmapped
f76v,M,sheey,unmapped
f76v,M,otar,reflux
f76v,M,shedy,retain
f76v,M,otchedy,unmapped
f76v,M,checkhey,unmapped
f76v,M,olchedy,unmapped
f76v,M,checkhy,unmapped
f76v,M,checkhy,unmapped
f76v,M,lky,unmapped
f76v,M,dol,outlet
f76v,M,sheetey,unmapped
f76v,M,qokedy,heat
f76v,M,ol,outlet
f76v,M,checkhy,unmapped
f76v,M,lshedy,unmapped
f76v,M,qokeedy,heat
f76v,M,cheedy,unmapped
f76v,M,qokeedy,heat
f76v,M,shl,unmapped
f76v,M,loiii,unmapped
f76v,M,cthedy,unmapped
f76v,M,oteol,outlet
f76v,M,chdar,reflux
f76v,M,chckhy,unmapped
f76v,M,chees,unmapped
f76v,M,salkchdy,unmapped
f76v,M,chey,unmapped
f76v,M,lcheedy,unmapped
f76v,M,lchedy,unmapped
f76v,M,qoteedy,heat
f76v,M,sol,outlet
f76v,M,shey,unmapped
f76v,M,qotedy,heat
f76v,M,chey,unmapped
f76v,M,dytey,unmapped
f76v,M,teedy,unmapped
f76v,M,lchey,unmapped
f76v,M,qokedy,heat
f76v,M,chedy,unmapped
f76v,M,lal,outlet
f76v,M,chedy,unmapped
f76v,M,lchedy,unmapped
f76v,M,dchedy,unmapped
f76v,M,qokeedy,heat
f76v,M,qotchy,heat
f76v,M,qokol,heat
f76v,M,shedy,retain
f76v,M,shedy,retain
f76v,M,chedy,unmapped
f76v,M,olched,unmapped
f76v,M,shetey,unmapped
f76v,M,saiin,medium
f76v,M,qokeey,heat
f76v,M,lsheey,unmapped
f76v,M,dal,outlet
f76v,M,lchedy,unmapped
f76v,M,olshey,unmapped
f76v,M,psheoldy,unmapped
f76v,M,opalshedy,unmapped
f76v,M,qokshedy,heat
f76v,M,qokedy,heat
f76v,M,dor,reflux
f76v,M,shey,unmapped
f76v,M,opchedy,unmapped
f76v,M,dal,outlet
f76v,M,so,unmapped
f76v,M,fcham,drain
f76v,M,dshol,outlet
f76v,M,qokaiin,heat
f76v,M,ches,unmapped
f76v,M,daiin,medium
f76v,M,checkhy,unmapped
f76v,M,oteoldy,unmapped
f76v,M,qokeey,heat
f76v,M,chckhy,unmapped
f76v,M,lar,reflux
f76v,M,aly,unmapped
f76v,M,daiin,medium
f76v,M,shckhey,unmapped
f76v,M,qokeedy,heat
f76v,M,saiin,medium
f76v,M,chek,unmapped
f76v,M,ain,unmapped
f76v,M,r,unmapped
f76v,M,ain,unmapped
f76v,M,o,unmapped
f76v,M,kan,unmapped
f76v,M,chlaiiin,unmapped
f76v,M,saiin,medium
f76v,M,sheckhy,unmapped
f76v,M,cheolchey,unmapped
f76v,M,qokedy,heat
f76v,M,sair,unmapped
f76v,M,sheckhy,unmapped
f76v,M,l,unmapped
f76v,M,keedy,unmapped
f76v,M,lchedy,unmapped
f76v,M,sar,reflux
f76v,M,sheedy,unmapped
f76v,M,qokeedy,heat
f76v,M,qolkey,heat
f76v,M,lchdy,unmapped
f76v,M,schees,unmapped
f76v,M,shees,unmapped
f76v,M,al,outlet
f76v,M,ches,unmapped
f76v,M,okaiin,heat
f76v,M,alaldy,unmapped
f76v,M,tchedy,unmapped
f76v,M,lshees,unmapped
f76v,M,aiin,medium
f76v,M,chees,unmapped
f76v,M,tchy,unmapped
f76v,M,rshed,unmapped
f76v,M,chkaiin,medium
f76v,M,sheky,unmapped
f76v,M,shtal,outlet
f76v,M,cheedy,unmapped
f76v,M,lsan,unmapped
f76v,M,sair,unmapped
f76v,M,shekaiiin,unmapped
f76v,M,shets,unmapped
f76v,M,aiiin,unmapped
f76v,M,shety,unmapped
f76v,M,otey,unmapped
f76v,M,okaiin,heat
f76v,M,otedy,unmapped
f76v,M,qotar,heat
f76v,M,chedy,unmapped
f76v,M,tain,unmapped
f76v,M,sheey,unmapped
f76v,M,qotain,heat
f76v,M,chedy,unmapped
f76v,M,qokaiin,heat
f76v,M,chedy,unmapped
f76v,M,taiin,medium
f76v,M,chckhedy,unmapped
f76v,M,otol,outlet
f76v,M,oty,unmapped
f76v,M,saiin,medium
f76v,M,otaiin,medium
f76v,M,shckhedy,unmapped
f76v,M,sakaiin,medium
f76v,M,okeedy,heat
f76v,M,chedy,unmapped
f76v,M,qotain,heat
f76v,M,cphey,unmapped
f76v,M,opcheey,unmapped
f76v,M,oty,unmapped
f76v,M,saiin,medium
f76v,M,otary,unmapped
f76v,M,ychees,unmapped
f76v,M,alchedy,unmapped
f76v,M,qokeedy,heat
f76v,M,lshedy,unmapped
f76v,M,tolchedy,unmapped
f76v,M,lchedy,unmapped
f76v,M,qoky,heat
f76v,M,saiin,medium
f76v,M,olor,reflux
f76v,M,daiin,medium
f76v,M,cheol,outlet
f76v,M,teey,unmapped
f76v,M,lshety,unmapped
f76v,M,okeey,heat
f76v,M,qeedy,unmapped
f76v,M,qoeedy,heat
f76v,M,lchedy,unmapped
f76v,M,chees,unmapped
f76v,M,ol,outlet
f76v,M,oiiin,unmapped
f76v,M,chchky,unmapped
f76v,M,shekeey,unmapped
f76v,M,qokey,heat
f76v,M,qoky,heat
f76v,M,saiin,medium
f76v,M,sy,unmapped
f76v,M,saiin,medium
f76v,M,chedy,unmapped
f76v,M,shedy,retain
f76v,M,qokeedy,heat
f76v,M,lol,outlet
f76v,M,saiiin,unmapped
f76v,M,qokain,heat
f76v,M,chey,unmapped
f76v,M,r,unmapped
f76v,M,al,outlet
f76v,M,r,unmapped
f76v,M,aiin,medium
f76v,M,dl,unmapped
f76v,M,sshey,unmapped
f76v,M,lshedy,unmapped
f76v,M,qokaiin,heat
f76v,M,shedy,retain
f76v,M,okedy,heat
f76v,M,san,unmapped
f76v,M,ol,outlet
f76v,M,keedy,unmapped
f76v,M,sor,reflux
f76v,M,qoky,heat
f76v,M,dedy,unmapped
f76v,M,sol,outlet
f76v,M,shedy,retain
f76v,M,qoky,heat
f76v,M,daiin,medium
f76v,M,shedy,retain
f76v,M,chey,unmapped
f76v,M,qokaiin,heat
f76v,M,cheedy,unmapped
f76v,M,qo,heat
f76v,M,char,reflux
f76v,M,aiin,medium
f76v,M,sol,outlet
f76v,M,shey,unmapped
f76v,M,chedy,unmapped
f76v,M,qokedy,heat
f76v,M,chedy,unmapped
f76v,M,qol,heat
f76v,M,r,unmapped
f76v,M,aiin,medium
f76v,M,shedy,retain
f77r,M,darchdar,reflux
f77r,M,olkchs,unmapped
f77r,M,otedy,unmapped
f77r,M,otork,unmapped
f77r,M,otol,outlet
f77r,M,dchdy,unmapped
f77r,M,soral,outlet
f77r,M,dotedy,unmapped
f77r,M,poldarais,unmapped
f77r,M,ol,outlet
f77r,M,qokol,heat
f77r,M,chey,unmapped
f77r,M,qopchedy,heat
f77r,M,qopchedy,heat
f77r,M,dylches,unmapped
f77r,M,olkedy,unmapped
f77r,M,loly,unmapped
f77r,M,tolchd,unmapped
f77r,M,ar,reflux
f77r,M,shey,unmapped
f77r,M,qotaiin,heat
f77r,M,qotedy,heat
f77r,M,qokol,heat
f77r,M,chdy,unmapped
f77r,M,qokain,heat
f77r,M,chetey,unmapped
f77r,M,sal,outlet
f77r,M,qoteedy,heat
f77r,M,qokaiin,heat
f77r,M,shedy,retain
f77r,M,chol,outlet
f77r,M,shedy,retain
f77r,M,shcthey,unmapped
f77r,M,qokeedy,heat
f77r,M,oteedy,unmapped
f77r,M,cham,drain
f77r,M,solteedy,unmapped
f77r,M,qoteedy,heat
f77r,M,qodeedy,heat
f77r,M,chedaiin,medium
f77r,M,chedy,unmapped
f77r,M,shedaiin,retain
f77r,M,shealol,outlet
f77r,M,ched,unmapped
f77r,M,qokeedy,heat
f77r,M,qol,heat
f77r,M,sheedy,unmapped
f77r,M,shol,outlet
f77r,M,tedy,unmapped
f77r,M,chedy,unmapped
f77r,M,lsheedy,unmapped
f77r,M,qokedy,heat
f77r,M,qolal,heat
f77r,M,chedy,unmapped
f77r,M,sokcheey,unmapped
f77r,M,sain,unmapped
f77r,M,sheeol,outlet
f77r,M,qoteedy,heat
f77r,M,qokaiin,heat
f77r,M,shedy,retain
f77r,M,qokeedy,heat
f77r,M,qotedy,heat
f77r,M,qokeedy,heat
f77r,M,shedy,retain
f77r,M,qotol,heat
f77r,M,shedy,retain
f77r,M,qokaiin,heat
f77r,M,sheety,unmapped
f77r,M,qokeed,heat
f77r,M,y,unmapped
f77r,M,lchedy,unmapped
f77r,M,lol,outlet
f77r,M,sshedy,unmapped
f77r,M,qotaiin,heat
f77r,M,chedy,unmapped
f77r,M,qokaiin,heat
f77r,M,shedy,retain
f77r,M,qolcheedy,heat
f77r,M,qokeedy,heat
f77r,M,lol,outlet
f77r,M,qoteedy,heat
f77r,M,qoteedy,heat
f77r,M,qokedy,heat
f77r,M,sheed,unmapped
f77r,M,qeey,unmapped
f77r,M,saiin,medium
f77r,M,sheety,unmapped
f77r,M,qokeedy,heat
f77r,M,lol,outlet
f77r,M,daiin,medium
f77r,M,cheedy,unmapped
f77r,M,lshey,unmapped
f77r,M,qo,heat
f77r,M,l,unmapped
f77r,M,or,reflux
f77r,M,chees,unmapped
f77r,M,sheckhedy,unmapped
f77r,M,qol,heat
f77r,M,cheedy,unmapped
f77r,M,qotaiin,heat
f77r,M,qokeedy,heat
f77r,M,lchey,unmapped
f77r,M,lsheey,unmapped
f77r,M,qokeedy,heat
f77r,M,qokeedy,heat
f77r,M,qokar,heat
f77r,M,qokeey,heat
f77r,M,laiin,medium
f77r,M,chey,unmapped
f77r,M,qotain,heat
f77r,M,sheal,outlet
f77r,M,qokeedy,heat
f77r,M,qoteey,heat
f77r,M,qokain,heat
f77r,M,sheey,unmapped
f77r,M,qotedy,heat
f77r,M,dalchedy,unmapped
f77r,M,chedaiin,medium
f77r,M,shedy,retain
f77r,M,qokeedy,heat
f77r,M,qokedy,heat
f77r,M,qokeey,heat
f77r,M,chedy,unmapped
f77r,M,shear,reflux
f77r,M,olaiiny,unmapped
f77r,M,qoteedy,heat
f77r,M,al,outlet
f77r,M,lchedy,unmapped
f77r,M,r,unmapped
f77r,M,oin,unmapped
f77r,M,chy,unmapped
f77r,M,chedaiin,medium
f77r,M,cheey,unmapped
f77r,M,okedy,heat
f77r,M,qoky,heat
f77r,M,sheoky,unmapped
f77r,M,qokaiin,heat
f77r,M,chedy,unmapped
f77r,M,lchedy,unmapped
f77r,M,olshedy,unmapped
f77r,M,qokeedy,heat
f77r,M,chedy,unmapped
f77r,M,qokal,heat
f77r,M,daiin,medium
f77r,M,dol,outlet
f77r,M,shor,reflux
f77r,M,cphey,unmapped
f77r,M,lfcheal,outlet
f77r,M,shear,reflux
f77r,M,qolchy,heat
f77r,M,otedy,unmapped
f77r,M,qokar,heat
f77r,M,shedy,retain
f77r,M,qokal,heat
f77r,M,shedar,retain
f77r,M,dal,outlet
f77r,M,chedy,unmapped
f77r,M,daror,reflux
f77r,M,qoteedy,heat
f77r,M,qokeedy,heat
f77r,M,qokaiin,heat
f77r,M,chcthy,unmapped
f77r,M,lchedy,unmapped
f77r,M,qokaly,heat
f77r,M,solchedy,unmapped
f77r,M,qokain,heat
f77r,M,okaiin,heat
f77r,M,shedy,retain
f77r,M,qokeedy,heat
f77r,M,qotedy,heat
f77r,M,olchey,unmapped
f77r,M,qotey,heat
f77r,M,qokain,heat
f77r,M,olcheedy,unmapped
f77r,M,sar,reflux
f77r,M,lom,unmapped
f77r,M,saiin,medium
f77r,M,cheeol,outlet
f77r,M,qokeedy,heat
f77r,M,qokeedy,heat
f77r,M,qotal,heat
f77r,M,qokaiin,heat
f77r,M,chckhey,unmapped
f77r,M,sa,unmapped
f77r,M,iin,unmapped
f77r,M,qolkain,heat
f77r,M,cheeky,unmapped
f77r,M,lol,outlet
f77r,M,qokain,heat
f77r,M,chckhy,unmapped
f77r,M,qokeey,heat
f77r,M,qotedy,heat
f77r,M,qotedy,heat
f77r,M,qotary,heat
f77r,M,qor,heat
f77r,M,ain,unmapped
f77r,M,cheol,outlet
f77r,M,ol,outlet
f77r,M,chealor,reflux
f77r,M,cheey,unmapped
f77r,M,qeteiiin,unmapped
f77r,M,dary,unmapped
f77r,M,daiin,medium
f77r,M,chedy,unmapped
f77r,M,qol,heat
f77r,M,keedy,unmapped
f77r,M,qoteeedy,heat
f77r,M,sar,reflux
f77r,M,oiiiin,unmapped
f77r,M,cheety,unmapped
f77r,M,dy,unmapped
f77r,M,qokaiin,heat
f77r,M,shedy,retain
f77r,M,chedy,unmapped
f77r,M,qolchedy,heat
f77r,M,qokaiin,heat
f77r,M,qokaiin,heat
f77r,M,checkhy,unmapped
f77r,M,raiin,medium
f77r,M,solkeey,unmapped
f77r,M,okaiin,heat
f77r,M,chedy,unmapped
f77r,M,qokain,heat
f77r,M,sheedy,unmapped
f77r,M,qokaiin,heat
f77r,M,chedaiin,medium
f77r,M,chealy,unmapped
f77r,M,dshedy,unmapped
f77r,M,pchedy,unmapped
f77r,M,qotain,heat
f77r,M,chedy,unmapped
f77r,M,dolchl,unmapped
f77r,M,qokeedy,heat
f77r,M,qokol,heat
f77r,M,olchey,unmapped
f77r,M,teeolain,unmapped
f77r,M,chey,unmapped
f77r,M,qoteedy,heat
f77r,M,qokain,heat
f77r,M,cheedy,unmapped
f77r,M,cheey,unmapped
f77r,M,lchedy,unmapped
f77r,M,pol,outlet
f77r,M,shedy,retain
f77r,M,qoeedy,heat
f77r,M,qokaiin,heat
f77r,M,chcphey,unmapped
f77r,M,qol,heat
f77r,M,ltaiin,medium
f77r,M,shedy,retain
f77r,M,qol,heat
f77r,M,olaiin,medium
f77r,M,cheey,unmapped
f77r,M,sheckhey,unmapped
f77r,M,lsheey,unmapped
f77r,M,qykaiin,medium
f77r,M,sheedy,unmapped
f77r,M,laiin,medium
f77r,M,daiiin,unmapped
f77r,M,ol,outlet
f77r,M,eeedy,unmapped
f77r,M,okaiin,heat
f77r,M,sheeol,outlet
f77r,M,qotaiin,heat
f77r,M,shody,unmapped
f77r,M,qoty,heat
f77r,M,daiin,medium
f77r,M,sh,unmapped
f77r,M,qolchey,heat
f77r,M,qotedy,heat
f77r,M,qotal,heat
f77r,M,r,unmapped
f77r,M,ain,unmapped
f77r,M,chl,unmapped
f77r,M,s,unmapped
f77r,M,arol,outlet
f77r,M,qokeedy,heat
f77r,M,qotedy,heat
f77r,M,qokeedy,heat
f77r,M,qokeedy,heat
f77r,M,qokeey,heat
f77r,M,s,unmapped
f77r,M,aiin,medium
f77r,M,al,outlet
f77r,M,d,unmapped
f77r,M,chee,unmapped
f77r,M,ol,outlet
f77r,M,cheedy,unmapped
f77r,M,qotaiin,heat
f77r,M,qoteedy,heat
f77r,M,qotedy,heat
f77r,M,raiin,medium
f77r,M,sheey,unmapped
f77r,M,qepchedy,unmapped
f77r,M,qol,heat
f77r,M,cheedy,unmapped
f77r,M,qokear,heat
f77r,M,cheey,unmapped
f77r,M,loly,unmapped
f77r,M,dy,unmapped
f77r,M,qokaiin,heat
f77r,M,ches,unmapped
f77r,M,lchear,reflux
f77r,M,dal,outlet
f77r,M,chr,unmapped
f77r,M,sl,unmapped
f77r,M,s,unmapped
f77r,M,ain,unmapped
f77r,M,ol,outlet
f77r,M,raiin,medium
f77r,M,lod,unmapped
f77r,M,daiin,medium
f77r,M,chlchpsheey,unmapped
f77r,M,tal,outlet
f77r,M,cheol,outlet
f77r,M,dag,unmapped
f77r,M,as,unmapped
f77r,M,otey,unmapped
f77r,M,daiin,medium
f77r,M,ysheey,unmapped
f77r,M,dal,outlet
f77r,M,saiisol,outlet
f77r,M,sal,outlet
f77r,M,dalo,unmapped
f77r,M,tain,unmapped
f77r,M,dary,unmapped
f77r,M,dalo,unmapped
f77r,M,sodar,reflux
f77r,M,oloky,unmapped
f77r,M,otchdy,unmapped
f77r,M,otolaiin,medium
f77r,M,o,unmapped
f77v,M,okain,heat
f77v,M,y,unmapped
f77v,M,kal,outlet
f77v,M,otol,outlet
f77v,M,shedy,retain
f77v,M,olkeedal,outlet
f77v,M,otolor,reflux
f77v,M,orchedal,outlet
f77v,M,qetedy,unmapped
f77v,M,shedy,retain
f77v,M,qotol,heat
f77v,M,odal,outlet
f77v,M,chal,outlet
f77v,M,dar,reflux
f77v,M,qopshedy,heat
f77v,M,qotedy,heat
f77v,M,qotedy,heat
f77v,M,qokedy,heat
f77v,M,dal,outlet
f77v,M,olshedy,unmapped
f77v,M,qolsheedy,heat
f77v,M,qy,unmapped
f77v,M,rr,unmapped
f77v,M,ycheedy,unmapped
f77v,M,okedy,heat
f77v,M,lshedy,unmapped
f77v,M,chs,unmapped
f77v,M,shdal,outlet
f77v,M,chedy,unmapped
f77v,M,qolky,heat
f77v,M,qokeeey,heat
f77v,M,shedy,retain
f77v,M,qokeedy,heat
f77v,M,qodykey,heat
f77v,M,qokedy,heat
f77v,M,rsheedy,unmapped
f77v,M,taiiin,unmapped
f77v,M,sheol,outlet
f77v,M,teedy,unmapped
f77v,M,yry,unmapped
f77v,M,dcheol,outlet
f77v,M,kshey,unmapped
f77v,M,qolchshy,heat
f77v,M,cheol,outlet
f77v,M,olchedy,unmapped
f77v,M,ol,outlet
f77v,M,chs,unmapped
f77v,M,ol,outlet
f77v,M,sheedy,unmapped
f77v,M,qokedy,heat
f77v,M,chedy,unmapped
f77v,M,tchedar,reflux
f77v,M,alain,unmapped
f77v,M,checkhy,unmapped
f77v,M,sal,outlet
f77v,M,shedy,retain
f77v,M,qokal,heat
f77v,M,chedy,unmapped
f77v,M,qokedy,heat
f77v,M,qol,heat
f77v,M,shedy,retain
f77v,M,lol,outlet
f77v,M,qockhy,heat
f77v,M,dol,outlet
f77v,M,chdy,unmapped
f77v,M,dsheedal,outlet
f77v,M,qokal,heat
f77v,M,chedy,unmapped
f77v,M,dal,outlet
f77v,M,shedy,retain
f77v,M,qokeedy,heat
f77v,M,dal,outlet
f77v,M,olchy,unmapped
f77v,M,lchedy,unmapped
f77v,M,shedal,retain
f77v,M,qokedy,heat
f77v,M,okal,heat
f77v,M,chedy,unmapped
f77v,M,qokal,heat
f77v,M,shedy,retain
f77v,M,chedy,unmapped
f77v,M,qol,heat
f77v,M,chdy,unmapped
f77v,M,lam,drain
f77v,M,sor,reflux
f77v,M,sheol,outlet
f77v,M,chdy,unmapped
f77v,M,qokeedy,heat
f77v,M,dar,reflux
f77v,M,shedy,retain
f77v,M,chedy,unmapped
f77v,M,qokal,heat
f77v,M,chedy,unmapped
f77v,M,qokey,heat
f77v,M,lshedy,unmapped
f77v,M,dal,outlet
f77v,M,darcheedal,outlet
f77v,M,qeedy,unmapped
f77v,M,qeedeey,unmapped
f77v,M,olchey,unmapped
f77v,M,lchey,unmapped
f77v,M,qedy,unmapped
f77v,M,or,reflux
f77v,M,cheey,unmapped
f77v,M,qol,heat
f77v,M,rar,reflux
f77v,M,ar,reflux
f77v,M,qol,heat
f77v,M,kaiin,medium
f77v,M,shey,unmapped
f77v,M,tedal,outlet
f77v,M,daiin,medium
f77v,M,okaiin,heat
f77v,M,shedy,retain
f77v,M,qokedy,heat
f77v,M,qokain,heat
f77v,M,otedy,unmapped
f77v,M,dasy,unmapped
f77v,M,olchedy,unmapped
f77v,M,qol,heat
f77v,M,shedy,retain
f77v,M,qokchedy,heat
f77v,M,qokeey,heat
f77v,M,daiin,medium
f77v,M,olol,outlet
f77v,M,qokaiin,heat
f77v,M,sheol,outlet
f77v,M,ekedy,unmapped
f77v,M,qokey,heat
f77v,M,qokal,heat
f77v,M,dal,outlet
f77v,M,daly,unmapped
f77v,M,qoraiin,heat
f77v,M,shey,unmapped
f77v,M,qokaiin,heat
f77v,M,chal,outlet
f77v,M,aiiin,unmapped
f77v,M,chedy,unmapped
f77v,M,qol,heat
f77v,M,daiin,medium
f77v,M,salchedy,unmapped
f77v,M,qokedy,heat
f77v,M,qokal,heat
f77v,M,shed,retain
f77v,M,keoly,unmapped
f77v,M,qokal,heat
f77v,M,salchedy,unmapped
f77v,M,shey,unmapped
f77v,M,fchor,reflux
f77v,M,qotas,heat
f77v,M,olky,unmapped
f77v,M,darory,unmapped
f77v,M,dalchey,unmapped
f77v,M,qol,heat
f77v,M,chedy,unmapped
f77v,M,oqokain,unmapped
f77v,M,olkaiin,medium
f77v,M,chckhy,unmapped
f77v,M,qokal,heat
f77v,M,dar,reflux
f77v,M,qokal,heat
f77v,M,chees,unmapped
f77v,M,ol,outlet
f77v,M,shedy,retain
f77v,M,doraiin,medium
f77v,M,ol,outlet
f77v,M,qoky,heat
f77v,M,ches,unmapped
f77v,M,ol,outlet
f77v,M,dal,outlet
f77v,M,daiin,medium
f77v,M,sheekey,unmapped
f77v,M,qokeedy,heat
f77v,M,daiin,medium
f77v,M,dail,unmapped
f77v,M,qokedy,heat
f77v,M,qokedy,heat
f77v,M,rol,outlet
f77v,M,lchor,reflux
f77v,M,oiiin,unmapped
f77v,M,shedy,retain
f77v,M,qokaiin,heat
f77v,M,saiin,medium
f77v,M,dal,outlet
f77v,M,sheedy,unmapped
f77v,M,qokeedy,heat
f77v,M,ral,outlet
f77v,M,dairol,outlet
f77v,M,shedy,retain
f77v,M,rchy,unmapped
f77v,M,sheor,reflux
f77v,M,qokedy,heat
f77v,M,qoky,heat
f77v,M,chckhy,unmapped
f77v,M,qokchy,heat
f77v,M,ldol,outlet
f77v,M,tshedy,unmapped
f77v,M,qokain,heat
f77v,M,chedal,outlet
f77v,M,fchedy,unmapped
f77v,M,cheky,unmapped
f77v,M,sain,unmapped
f77v,M,chedy,unmapped
f77v,M,qokain,heat
f77v,M,ol,outlet
f77v,M,ychedy,unmapped
f77v,M,qokedy,heat
f77v,M,qoked,heat
f77v,M,ol,outlet
f77v,M,sheor,reflux
f77v,M,olchdy,unmapped
f77v,M,tchadchy,unmapped
f77v,M,lshedy,unmapped
f77v,M,daly,unmapped
f77v,M,dal,outlet
f77v,M,dsheedy,unmapped
f77v,M,pcheol,outlet
f77v,M,lfol,outlet
f77v,M,ol,outlet
f77v,M,cheedy,unmapped
f77v,M,qoty,heat
f77v,M,shey,unmapped
f77v,M,ol,outlet
f77v,M,sheey,unmapped
f77v,M,qokedy,heat
f77v,M,lchedy,unmapped
f77v,M,qokaiin,heat
f77v,M,dal,outlet
f77v,M,daiin,medium
f77v,M,chedy,unmapped
f77v,M,qoas,heat
f77v,M,shedy,retain
f77v,M,qokaiin,heat
f77v,M,shcthy,unmapped
f77v,M,qotedy,heat
f77v,M,rchr,unmapped
f77v,M,oltedy,unmapped
f77v,M,lchy,unmapped
f77v,M,ycheey,unmapped
f77v,M,qolshedy,heat
f77v,M,qokalchedy,heat
f77v,M,qokaiin,heat
f77v,M,checkhy,unmapped
f77v,M,qokal,heat
f77v,M,qokaiin,heat
f77v,M,cheky,unmapped
f77v,M,rar,reflux
f77v,M,chedy,unmapped
f77v,M,qokal,heat
f77v,M,dar,reflux
f77v,M,y,unmapped
f77v,M,qotal,heat
f77v,M,dal,outlet
f77v,M,rain,unmapped
f77v,M,solkchedy,unmapped
f77v,M,shar,reflux
f77v,M,ytal,outlet
f77v,M,dy,unmapped
f77v,M,dychedy,unmapped
f77v,M,lkchey,unmapped
f77v,M,qokedy,heat
f77v,M,rched,unmapped
f77v,M,tchor,reflux
f77v,M,sheey,unmapped
f77v,M,qokain,heat
f77v,M,qokain,heat
f77v,M,sheol,outlet
f77v,M,qokeedy,heat
f77v,M,qokal,heat
f77v,M,dary,unmapped
f77v,M,qotchy,heat
f77v,M,qokal,heat
f77v,M,shedy,retain
f77v,M,qokedy,heat
f77v,M,lchedy,unmapped
f77v,M,qokedy,heat
f77v,M,qol,heat
f77v,M,raiin,medium
f77v,M,chey,unmapped
f77v,M,schedy,unmapped
f77v,M,qotar,heat
f77v,M,sarolsheedy,unmapped
f77v,M,qokain,heat
f77v,M,cheey,unmapped
f77v,M,roiin,unmapped
f77v,M,daiin,medium
f77v,M,shey,unmapped
f77v,M,toldal,outlet
f77v,M,shedy,retain
f77v,M,qokedy,heat
f77v,M,qokain,heat
f77v,M,dolcheedy,unmapped
f77v,M,rolchedy,unmapped
f77v,M,qokedy,heat
f77v,M,dcheol,outlet
f77v,M,kchedy,unmapped
f77v,M,soey,unmapped
f77v,M,qokal,heat
f77v,M,qokal,heat
f77v,M,shedy,retain
f77v,M,sholdy,unmapped
f77v,M,qotal,heat
f77v,M,dar,reflux
f77v,M,qokeey,heat
f77v,M,rol,outlet
f77v,M,chdor,reflux
f77v,M,cheey,unmapped
f77v,M,qokaiin,heat
f77v,M,saiin,medium
f77v,M,shedy,retain
f77v,M,qokeedy,heat
f77v,M,qokam,drain
f77v,M,chedy,unmapped
f77v,M,lchedy,unmapped
f77v,M,lkaiin,medium
f77v,M,dy,unmapped
f77v,M,qokal,heat
f77v,M,dar,reflux
f77v,M,chdain,unmapped
f77v,M,ldchey,unmapped
f77v,M,ol,outlet
f77v,M,raiin,medium
f77v,M,oldy,unmapped
f77v,M,tcheey,unmapped
f77v,M,qokeey,heat
f77v,M,qokal,heat
f77v,M,lchedy,unmapped
f77v,M,cheolkaiin,medium
f77v,M,okol,heat
f77v,M,saroral,outlet
f77v,M,okalo,heat
f77v,M,oeoedu,unmapped
f78r,M,okchdldlo,heat
f78r,M,okchdy,heat
f78r,M,tshedor,reflux
f78r,M,shedy,retain
f78r,M,qopchedy,heat
f78r,M,qokedy,heat
f78r,M,dy,unmapped
f78r,M,qokol,heat
f78r,M,oky,heat
f78r,M,qokeedy,heat
f78r,M,qokedy,heat
f78r,M,shedy,retain
f78r,M,tchedy,unmapped
f78r,M,otar,reflux
f78r,M,olkedy,unmapped
f78r,M,dam,drain
f78r,M,qckhedy,unmapped
f78r,M,cheky,unmapped
f78r,M,dol,outlet
f78r,M,chedy,unmapped
f78r,M,qokedy,heat
f78r,M,qokain,heat
f78r,M,olkedy,unmapped
f78r,M,yteedy,unmapped
f78r,M,qotal,heat
f78r,M,dol,outlet
f78r,M,shedy,retain
f78r,M,qokedar,heat
f78r,M,chcthey,unmapped
f78r,M,otor,reflux
f78r,M,dor,reflux
f78r,M,or,reflux
f78r,M,qokal,heat
f78r,M,otedy,unmapped
f78r,M,qokedy,heat
f78r,M,qokedy,heat
f78r,M,dal,outlet
f78r,M,qokedy,heat
f78r,M,qokedy,heat
f78r,M,s,unmapped
f78r,M,am,drain
f78r,M,dshedy,unmapped
f78r,M,qokedy,heat
f78r,M,okar,heat
f78r,M,qokedy,heat
f78r,M,shedy,retain
f78r,M,ykedy,unmapped
f78r,M,shedy,retain
f78r,M,qoky,heat
f78r,M,schedy,unmapped
f78r,M,keedy,unmapped
f78r,M,qokedy,heat
f78r,M,chckhd,unmapped
f78r,M,qokain,heat
f78r,M,chedy,unmapped
f78r,M,qotedy,heat
f78r,M,dy,unmapped
f78r,M,dshedy,unmapped
f78r,M,deedy,unmapped
f78r,M,qokeedy,heat
f78r,M,otedy,unmapped
f78r,M,otal,outlet
f78r,M,tedy,unmapped
f78r,M,otey,unmapped
f78r,M,oloiin,unmapped
f78r,M,qoky,heat
f78r,M,okeedy,heat
f78r,M,sheety,unmapped
f78r,M,qoteedy,heat
f78r,M,otey,unmapped
f78r,M,shckhedy,unmapped
f78r,M,sokol,outlet
f78r,M,or,reflux
f78r,M,dor,reflux
f78r,M,shekedy,unmapped
f78r,M,qokol,heat
f78r,M,kechdy,unmapped
f78r,M,otedy,unmapped
f78r,M,ol,outlet
f78r,M,tedy,unmapped
f78r,M,chckhedy,unmapped
f78r,M,qokedy,heat
f78r,M,ol,outlet
f78r,M,kedy,unmapped
f78r,M,qokain,heat
f78r,M,okedy,heat
f78r,M,kedy,unmapped
f78r,M,tol,outlet
f78r,M,dy,unmapped
f78r,M,qoteedy,heat
f78r,M,dy,unmapped
f78r,M,sor,reflux
f78r,M,checkhy,unmapped
f78r,M,or,reflux
f78r,M,chckhdy,unmapped
f78r,M,dol,outlet
f78r,M,kedy,unmapped
f78r,M,qokededy,heat
f78r,M,qokan,heat
f78r,M,ol,outlet
f78r,M,dchckhedy,unmapped
f78r,M,qokchdy,heat
f78r,M,qokedy,heat
f78r,M,okedy,heat
f78r,M,dal,outlet
f78r,M,or,reflux
f78r,M,okeed,heat
f78r,M,olkain,unmapped
f78r,M,qokol,heat
f78r,M,oted,unmapped
f78r,M,okain,heat
f78r,M,ched,unmapped
f78r,M,ar,reflux
f78r,M,alory,unmapped
f78r,M,soiin,unmapped
f78r,M,kar,reflux
f78r,M,kedy,unmapped
f78r,M,pche'y,unmapped
f78r,M,tchdoltdy,unmapped
f78r,M,o,unmapped
f78r,M,l,unmapped
f78r,M,chedy,unmapped
f78r,M,qokain,heat
f78r,M,dar,reflux
f78r,M,ar,reflux
f78r,M,okain,heat
f78r,M,y,unmapped
f78r,M,ches,unmapped
f78r,M,aiin,medium
f78r,M,okeedy,heat
f78r,M,qokain,heat
f78r,M,chl,unmapped
f78r,M,sol,outlet
f78r,M,shedy,retain
f78r,M,dalshdy,unmapped
f78r,M,qokychdy,heat
f78r,M,lchedy,unmapped
f78r,M,qokain,heat
f78r,M,cheeky,unmapped
f78r,M,lokedy,unmapped
f78r,M,yched,unmapped
f78r,M,qokain,heat
f78r,M,daiin,medium
f78r,M,chckhdy,unmapped
f78r,M,lr,unmapped
f78r,M,sain,unmapped
f78r,M,sheor,reflux
f78r,M,olkchdy,unmapped
f78r,M,roiin,unmapped
f78r,M,okeedy,heat
f78r,M,qokeedy,heat
f78r,M,kedy,unmapped
f78r,M,qokeey,heat
f78r,M,qokedy,heat
f78r,M,olol,outlet
f78r,M,sokeedy,unmapped
f78r,M,keol,outlet
f78r,M,lorain,unmapped
f78r,M,olkeey,unmapped
f78r,M,raiin,medium
f78r,M,sol,outlet
f78r,M,shey,unmapped
f78r,M,kary,unmapped
f78r,M,or,reflux
f78r,M,shedy,retain
f78r,M,qeedar,reflux
f78r,M,ain,unmapped
f78r,M,anl,unmapped
f78r,M,daiin,medium
f78r,M,chckhal,outlet
f78r,M,daiil,unmapped
f78r,M,aldy,unmapped
f78r,M,orain,unmapped
f78r,M,ol,outlet
f78r,M,qokeedy,heat
f78r,M,kchol,outlet
f78r,M,tchal,outlet
f78r,M,olkee,unmapped
f78r,M,yfchey,unmapped
f78r,M,ofchedy,unmapped
f78r,M,taly,unmapped
f78r,M,ssheky,unmapped
f78r,M,ol,outlet
f78r,M,kedy,unmapped
f78r,M,chckhy,unmapped
f78r,M,dain,unmapped
f78r,M,oty,unmapped
f78r,M,qokor,heat
f78r,M,oky,heat
f78r,M,dain,unmapped
f78r,M,chy,unmapped
f78r,M,ol,outlet
f78r,M,qokeedy,heat
f78r,M,qokey,heat
f78r,M,daiin,medium
f78r,M,olkain,unmapped
f78r,M,dal,outlet
f78r,M,chedy,unmapped
f78r,M,ololdal,outlet
f78r,M,chchty,unmapped
f78r,M,tedy,unmapped
f78r,M,solkeedy,unmapped
f78r,M,sheckhy,unmapped
f78r,M,qokedy,heat
f78r,M,otal,outlet
f78r,M,shedy,retain
f78r,M,otar,reflux
f78r,M,olchedy,unmapped
f78r,M,cthdy,unmapped
f78r,M,qokedy,heat
f78r,M,ckhdy,unmapped
f78r,M,qokain,heat
f78r,M,chedy,unmapped
f78r,M,dalky,unmapped
f78r,M,lkain,unmapped
f78r,M,ykeedy,unmapped
f78r,M,okaly,heat
f78r,M,dy,unmapped
f78r,M,ytedy,unmapped
f78r,M,daiin,medium
f78r,M,ykedy,unmapped
f78r,M,y,unmapped
f78r,M,olsheey,unmapped
f78r,M,qokeey,heat
f78r,M,okal,heat
f78r,M,ol,outlet
f78r,M,keedy,unmapped
f78r,M,dyky,unmapped
f78r,M,dshedy,unmapped
f78r,M,qokeedy,heat
f78r,M,qopchedy,heat
f78r,M,qokaly,heat
f78r,M,dar,reflux
f78r,M,okaiin,heat
f78r,M,o,unmapped
f78r,M,keeal,outlet
f78r,M,am,drain
f78r,M,y,unmapped
f78r,M,sain,unmapped
f78r,M,checkhy,unmapped
f78r,M,qokain,heat
f78r,M,cheeky,unmapped
f78r,M,daiin,medium
f78r,M,daiin,medium
f78r,M,y,unmapped
f78r,M,tees,unmapped
f78r,M,ol,outlet
f78r,M,y,unmapped
f78r,M,qotchedy,heat
f78r,M,lchedy,unmapped
f78r,M,lchedykedy,unmapped
f78r,M,qol,heat
f78r,M,saiin,medium
f78r,M,ckhain,unmapped
f78r,M,or,reflux
f78r,M,osal,outlet
f78r,M,ol,outlet
f78r,M,s,unmapped
f78r,M,aiin,medium
f78r,M,shee',unmapped
f78r,M,aiin,medium
f78r,M,oly,unmapped
f78r,M,sar,reflux
f78r,M,aiin,medium
f78r,M,oteedy,unmapped
f78r,M,ol,outlet
f78r,M,aiin,medium
f78r,M,chedy,unmapped
f78r,M,qotaiin,heat
f78r,M,qokaiin,heat
f78r,M,otedy,unmapped
f78r,M,l,unmapped
f78r,M,keedy,unmapped
f78r,M,shedy,retain
f78r,M,qol,heat
f78r,M,shedy,retain
f78r,M,qokaiin,heat
f78r,M,d,unmapped
f78r,M,ol,outlet
f78r,M,ykain,unmapped
f78r,M,chdar,reflux
f78r,M,chedy,unmapped
f78r,M,qokain,heat
f78r,M,dy,unmapped
f78r,M,dain,unmapped
f78r,M,chfaiin,medium
f78r,M,opaly,unmapped
f78r,M,kotaly,unmapped
f78r,M,lchedy,unmapped
f78r,M,pchedy,unmapped
f78r,M,qokaiin,heat
f78r,M,dar,reflux
f78r,M,dar,reflux
f78r,M,aloy,unmapped
f78r,M,dchedaly,unmapped
f78r,M,otarodla'y,unmapped
f78r,M,orory,unmapped
f78r,M,okaral,heat
f78v,M,ykedy,unmapped
f78v,M,olfchedy,unmapped
f78v,M,qokedy,heat
f78v,M,spchy,unmapped
f78v,M,chedy,unmapped
f78v,M,rol,outlet
f78v,M,dor,reflux
f78v,M,ofchedy,unmapped
f78v,M,qokedy,heat
f78v,M,olshedy,unmapped
f78v,M,qokedy,heat
f78v,M,rshedy,unmapped
f78v,M,cthdy,unmapped
f78v,M,otedy,unmapped
f78v,M,kedy,unmapped
f78v,M,dal,outlet
f78v,M,dal,outlet
f78v,M,dol,outlet
f78v,M,oty,unmapped
f78v,M,dal,outlet
f78v,M,qokedy,heat
f78v,M,chety,unmapped
f78v,M,qolshedy,heat
f78v,M,okedy,heat
f78v,M,dol,outlet
f78v,M,eesolchey,unmapped
f78v,M,qotedy,heat
f78v,M,ol,outlet
f78v,M,dam,drain
f78v,M,ol,outlet
f78v,M,chy,unmapped
f78v,M,lshdy,unmapped
f78v,M,lcheckhy,unmapped
f78v,M,ol,outlet
f78v,M,keedy,unmapped
f78v,M,lcheckhey,unmapped
f78v,M,l,unmapped
f78v,M,olkedykain,unmapped
f78v,M,ol,outlet
f78v,M,qor,heat
f78v,M,olkeey,unmapped
f78v,M,olkain,unmapped
f78v,M,ol,outlet
f78v,M,chsey,unmapped
f78v,M,ol,outlet
f78v,M,cheeky,unmapped
f78v,M,dar,reflux
f78v,M,okal,heat
f78v,M,dal,outlet
f78v,M,olchedy,unmapped
f78v,M,ety,unmapped
f78v,M,okeey,heat
f78v,M,or,reflux
f78v,M,eey,unmapped
f78v,M,ykeey,unmapped
f78v,M,lchey,unmapped
f78v,M,qokain,heat
f78v,M,okedy,heat
f78v,M,qokedy,heat
f78v,M,qol,heat
f78v,M,otor,reflux
f78v,M,y,unmapped
f78v,M,shedy,retain
f78v,M,otedy,unmapped
f78v,M,shedy,retain
f78v,M,qokeedy,heat
f78v,M,qokedy,heat
f78v,M,otar,reflux
f78v,M,otedy,unmapped
f78v,M,qokedy,heat
f78v,M,otedy,unmapped
f78v,M,qokain,heat
f78v,M,oteedy,unmapped
f78v,M,qokeedy,heat
f78v,M,dar,reflux
f78v,M,okedy,heat
f78v,M,dkedy,unmapped
f78v,M,dain,unmapped
f78v,M,y,unmapped
f78v,M,cheolk,unmapped
f78v,M,o,unmapped
f78v,M,lkeedy,unmapped
f78v,M,qokedy,heat
f78v,M,ol,outlet
f78v,M,chedol,outlet
f78v,M,okeedy,heat
f78v,M,qotedy,heat
f78v,M,rorarol,outlet
f78v,M,dshedy,unmapped
f78v,M,qokedy,heat
f78v,M,or,reflux
f78v,M,shedy,retain
f78v,M,pchedy,unmapped
f78v,M,qokedy,heat
f78v,M,okedy,heat
f78v,M,opchedy,unmapped
f78v,M,qol,heat
f78v,M,chedy,unmapped
f78v,M,qol,heat
f78v,M,okeey,heat
f78v,M,ykal,outlet
f78v,M,ol,outlet
f78v,M,chdy,unmapped
f78v,M,qokain,heat
f78v,M,chcthy,unmapped
f78v,M,daiin,medium
f78v,M,sheor,reflux
f78v,M,ol,outlet
f78v,M,qokaiin,heat
f78v,M,shckhy,unmapped
f78v,M,otaly,unmapped
f78v,M,qolsheey,heat
f78v,M,qokal,heat
f78v,M,sain,unmapped
f78v,M,dchokol,outlet
f78v,M,chedy,unmapped
f78v,M,qokedy,heat
f78v,M,qokey,heat
f78v,M,qol,heat
f78v,M,chedy,unmapped
f78v,M,qokeedy,heat
f78v,M,lchey,unmapped
f78v,M,qolkeshdy,heat
f78v,M,qol,heat
f78v,M,shedy,retain
f78v,M,olkedy,unmapped
f78v,M,okol,heat
f78v,M,chedy,unmapped
f78v,M,qokain,heat
f78v,M,dal,outlet
f78v,M,cheey,unmapped
f78v,M,qolchedy,heat
f78v,M,qokey,heat
f78v,M,or,reflux
f78v,M,cheef,unmapped
f78v,M,chckhey,unmapped
f78v,M,tedy,unmapped
f78v,M,qokedy,heat
f78v,M,ls,unmapped
f78v,M,lshey,unmapped
f78v,M,r,unmapped
f78v,M,shedy,retain
f78v,M,d,unmapped
f78v,M,qokedy,heat
f78v,M,okey,heat
f78v,M,lchedy,unmapped
f78v,M,qokdy,heat
f78v,M,daiin,medium
f78v,M,oly,unmapped
f78v,M,qol,heat
f78v,M,sheedy,unmapped
f78v,M,qol,heat
f78v,M,lcheol,outlet
f78v,M,lchdy,unmapped
f78v,M,dchdy,unmapped
f78v,M,da,unmapped
f78v,M,qar,reflux
f78v,M,olkal,outlet
f78v,M,dy,unmapped
f78v,M,chedy,unmapped
f78v,M,shckhy,unmapped
f78v,M,qokedy,heat
f78v,M,dal,outlet
f78v,M,lshckhy,unmapped
f78v,M,qol,heat
f78v,M,qol,heat
f78v,M,oteedy,unmapped
f78v,M,qor,heat
f78v,M,lchedy,unmapped
f78v,M,ol,outlet
f78v,M,chedar,reflux
f78v,M,shedy,retain
f78v,M,lor,reflux
f78v,M,shedaldy,retain
f78v,M,orain,unmapped
f78v,M,qofcheol,heat
f78v,M,opchedy,unmapped
f78v,M,qokain,heat
f78v,M,op,unmapped
f78v,M,chedy,unmapped
f78v,M,lchey,unmapped
f78v,M,cphar,reflux
f78v,M,ol,outlet
f78v,M,okalor,heat
f78v,M,chedy,unmapped
f78v,M,lshedy,unmapped
f78v,M,olshedy,unmapped
f78v,M,otaiin,medium
f78v,M,ol,outlet
f78v,M,qokar,heat
f78v,M,shedy,retain
f78v,M,yteedy,unmapped
f78v,M,okol,heat
f78v,M,shey,unmapped
f78v,M,ol,outlet
f78v,M,shedy,retain
f78v,M,okal,heat
f78v,M,okchey,heat
f78v,M,okeol,heat
f78v,M,ol,outlet
f78v,M,chedy,unmapped
f78v,M,qol,heat
f78v,M,qol,heat
f78v,M,chedy,unmapped
f78v,M,okeshy,heat
f78v,M,qoteedy,heat
f78v,M,okeedy,heat
f78v,M,ol,outlet
f78v,M,shedy,retain
f78v,M,qokedy,heat
f78v,M,dy,unmapped
f78v,M,ytaiin,medium
f78v,M,shedy,retain
f78v,M,ol,outlet
f78v,M,sheedy,unmapped
f78v,M,olshdy,unmapped
f78v,M,shey,unmapped
f78v,M,kshdy,unmapped
f78v,M,shol,outlet
f78v,M,kedy,unmapped
f78v,M,teeol,outlet
f78v,M,olkeshey,unmapped
f78v,M,qolcheol,heat
f78v,M,ol,outlet
f78v,M,or,reflux
f78v,M,sheckhedy,unmapped
f78v,M,or,reflux
f78v,M,ol,outlet
f78v,M,sham,drain
f78v,M,qokaiin,heat
f78v,M,or,reflux
f78v,M,sheedy,unmapped
f78v,M,otain,unmapped
f78v,M,ol,outlet
f78v,M,shedy,retain
f78v,M,sol,outlet
f78v,M,fchedy,unmapped
f78v,M,otaldy,unmapped
f78v,M,lol,outlet
f78v,M,kar,reflux
f78v,M,shr,unmapped
f78v,M,r,unmapped
f78v,M,ol,outlet
f78v,M,ols,unmapped
f78v,M,sheey,unmapped
f78v,M,ol,outlet
f78v,M,chedy,unmapped
f78v,M,oltar,reflux
f78v,M,olkaiin,medium
f78v,M,olkain,unmapped
f78v,M,shey,unmapped
f78v,M,qokey,heat
f78v,M,okar,heat
f78v,M,ol,outlet
f78v,M,oteedy,unmapped
f78v,M,chcthy,unmapped
f78v,M,los,unmapped
f78v,M,aiin,medium
f78v,M,d,unmapped
f78v,M,lchedy,unmapped
f78v,M,otchey,unmapped
f78v,M,qol,heat
f78v,M,chedy,unmapped
f78v,M,lr,unmapped
f78v,M,al,outlet
f78v,M,s,unmapped
f78v,M,aiiin,unmapped
f78v,M,ol,outlet
f78v,M,shedy,retain
f78v,M,ary,unmapped
f78v,M,sal,outlet
f78v,M,shol,outlet
f78v,M,sain,unmapped
f78v,M,sheety,unmapped
f78v,M,or,reflux
f78v,M,oiiin,unmapped
f78v,M,okal,heat
f78v,M,oltal,outlet
f78v,M,qokar,heat
f78v,M,ary,unmapped
f78v,M,sor,reflux
f78v,M,ar,reflux
f78v,M,or,reflux
f78v,M,dchor,reflux
f78v,M,otaiin,medium
f78v,M,otain,unmapped
f78v,M,ytedy,unmapped
f78v,M,olshdy,unmapped
f78v,M,sholkal,outlet
f78v,M,lol,outlet
f78v,M,cheor,reflux
f78v,M,sheol,outlet
f78v,M,dy,unmapped
f78v,M,qokar,heat
f78v,M,otalor,reflux
f79r,M,torain,unmapped
f79r,M,shedy,retain
f79r,M,pchor,reflux
f79r,M,or,reflux
f79r,M,shek,unmapped
f79r,M,otarpchdy,unmapped
f79r,M,opcholor,reflux
f79r,M,otal,outlet
f79r,M,shedy,retain
f79r,M,qoteedy,heat
f79r,M,lshdy,unmapped
f79r,M,otchedy,unmapped
f79r,M,olshey,unmapped
f79r,M,olshee,unmapped
f79r,M,qol,heat
f79r,M,sheey,unmapped
f79r,M,qoteey,heat
f79r,M,loly,unmapped
f79r,M,yshealdy,unmapped
f79r,M,rshedy,unmapped
f79r,M,qoteedy,heat
f79r,M,chckhey,unmapped
f79r,M,qo,heat
f79r,M,y,unmapped
f79r,M,chey,unmapped
f79r,M,lchey,unmapped
f79r,M,qokeey,heat
f79r,M,rchedy,unmapped
f79r,M,teey,unmapped
f79r,M,dar,reflux
f79r,M,qotar,heat
f79r,M,sheds,retain
f79r,M,sheekeey,unmapped
f79r,M,qokeey,heat
f79r,M,okey,heat
f79r,M,qolshy,heat
f79r,M,olchey,unmapped
f79r,M,qoky,heat
f79r,M,ol,outlet
f79r,M,qokal,heat
f79r,M,shedy,retain
f79r,M,chcthy,unmapped
f79r,M,or,reflux
f79r,M,chear,reflux
f79r,M,salchey,unmapped
f79r,M,qol,heat
f79r,M,shal,outlet
f79r,M,chey,unmapped
f79r,M,l,unmapped
f79r,M,cheol,outlet
f79r,M,chol,outlet
f79r,M,chy,unmapped
f79r,M,shol,outlet
f79r,M,okar,heat
f79r,M,ol,outlet
f79r,M,olkeey,unmapped
f79r,M,qokey,heat
f79r,M,sain,unmapped
f79r,M,olcheey,unmapped
f79r,M,qol,heat
f79r,M,chey,unmapped
f79r,M,polchedy,unmapped
f79r,M,qokar,heat
f79r,M,shey,unmapped
f79r,M,qokl,heat
f79r,M,ol,outlet
f79r,M,cheey,unmapped
f79r,M,qokain,heat
f79r,M,chey,unmapped
f79r,M,qoty,heat
f79r,M,qokar,heat
f79r,M,qokol,heat
f79r,M,cheedy,unmapped
f79r,M,qokal,heat
f79r,M,shed,retain
f79r,M,ykchedy,unmapped
f79r,M,chcthy,unmapped
f79r,M,yoky,unmapped
f79r,M,qokal,heat
f79r,M,cholo,unmapped
f79r,M,saiin,medium
f79r,M,shedy,retain
f79r,M,psheedy,unmapped
f79r,M,qokar,heat
f79r,M,sheol,outlet
f79r,M,qolchey,heat
f79r,M,qoty,heat
f79r,M,qokal,heat
f79r,M,qokam,drain
f79r,M,qokshedy,heat
f79r,M,qokain,heat
f79r,M,cheor,reflux
f79r,M,okol,heat
f79r,M,sheeol,outlet
f79r,M,qotey,heat
f79r,M,choty,unmapped
f79r,M,otechys,unmapped
f79r,M,shoy,unmapped
f79r,M,chedy,unmapped
f79r,M,tshey,unmapped
f79r,M,dshdy,unmapped
f79r,M,otchar,reflux
f79r,M,shek,unmapped
f79r,M,chcthy,unmapped
f79r,M,otal,outlet
f79r,M,ory,unmapped
f79r,M,qokchy,heat
f79r,M,qotchey,heat
f79r,M,ldain,unmapped
f79r,M,shedy,retain
f79r,M,qotaiin,heat
f79r,M,sal,outlet
f79r,M,pshorol,outlet
f79r,M,shckhy,unmapped
f79r,M,qotshdy,heat
f79r,M,qokaldy,heat
f79r,M,opchedy,unmapped
f79r,M,qotar,heat
f79r,M,or,reflux
f79r,M,aiin,medium
f79r,M,ol,outlet
f79r,M,saral,outlet
f79r,M,qokain,heat
f79r,M,checkhy,unmapped
f79r,M,qotal,heat
f79r,M,qol,heat
f79r,M,cheey,unmapped
f79r,M,chey,unmapped
f79r,M,dain,unmapped
f79r,M,chedy,unmapped
f79r,M,qol,heat
f79r,M,qokl,heat
f79r,M,shey,unmapped
f79r,M,qokal,heat
f79r,M,chedy,unmapped
f79r,M,okol,heat
f79r,M,dyty,unmapped
f79r,M,r,unmapped
f79r,M,aiin,medium
f79r,M,ol,outlet
f79r,M,sheol,outlet
f79r,M,lchey,unmapped
f79r,M,shain,unmapped
f79r,M,shckhy,unmapped
f79r,M,qoly,heat
f79r,M,kshedy,unmapped
f79r,M,otal,outlet
f79r,M,sheey,unmapped
f79r,M,qokain,heat
f79r,M,shey,unmapped
f79r,M,qokam,drain
f79r,M,qokaiin,heat
f79r,M,shy,unmapped
f79r,M,lsheey,unmapped
f79r,M,ls,unmapped
f79r,M,air,unmapped
f79r,M,or,reflux
f79r,M,aror,reflux
f79r,M,otaiin,medium
f79r,M,ches,unmapped
f79r,M,olol,outlet
f79r,M,ol,outlet
f79r,M,solor,reflux
f79r,M,olshey,unmapped
f79r,M,qokaiin,heat
f79r,M,chey,unmapped
f79r,M,qokain,heat
f79r,M,otain,unmapped
f79r,M,otain,unmapped
f79r,M,otal,outlet
f79r,M,ol,outlet
f79r,M,dam,drain
f79r,M,sol,outlet
f79r,M,cheey,unmapped
f79r,M,chol,outlet
f79r,M,sain,unmapped
f79r,M,oral,outlet
f79r,M,shey,unmapped
f79r,M,qokain,heat
f79r,M,sheyky,unmapped
f79r,M,shoty,unmapped
f79r,M,oly,unmapped
f79r,M,y,unmapped
f79r,M,shal,outlet
f79r,M,y,unmapped
f79r,M,chedar,reflux
f79r,M,oy,unmapped
f79r,M,scthey,unmapped
f79r,M,tal,outlet
f79r,M,chear,reflux
f79r,M,pol,outlet
f79r,M,shar,reflux
f79r,M,sharpchey,unmapped
f79r,M,otshey,unmapped
f79r,M,okaos,heat
f79r,M,aiin,medium
f79r,M,okshey,heat
f79r,M,dalkeeeyry,unmapped
f79r,M,lchey,unmapped
f79r,M,dal,outlet
f79r,M,sheedy,unmapped
f79r,M,efchedy,unmapped
f79r,M,otain,unmapped
f79r,M,shey,unmapped
f79r,M,qofchey,heat
f79r,M,ol,outlet
f79r,M,dorchedchey,unmapped
f79r,M,das,unmapped
f79r,M,shear,reflux
f79r,M,qotaiin,heat
f79r,M,ol,outlet
f79r,M,lkain,unmapped
f79r,M,otchedy,unmapped
f79r,M,or,reflux
f79r,M,olkl,unmapped
f79r,M,o,unmapped
f79r,M,tshedy,unmapped
f79r,M,otory,unmapped
f79r,M,qokshedy,heat
f79r,M,qolkeey,heat
f79r,M,qolkeedy,heat
f79r,M,qokedy,heat
f79r,M,otain,unmapped
f79r,M,otchey,unmapped
f79r,M,okain,heat
f79r,M,y,unmapped
f79r,M,cholchey,unmapped
f79r,M,qotshy,heat
f79r,M,qol,heat
f79r,M,shey,unmapped
f79r,M,qokar,heat
f79r,M,shedy,retain
f79r,M,oteey,unmapped
f79r,M,chcthy,unmapped
f79r,M,polaiin,medium
f79r,M,olteedy,unmapped
f79r,M,qotchey,heat
f79r,M,dykeedy,unmapped
f79r,M,qokchdy,heat
f79r,M,opchedy,unmapped
f79r,M,shol,outlet
f79r,M,ory,unmapped
f79r,M,qokeedy,heat
f79r,M,sheey,unmapped
f79r,M,kas,unmapped
f79r,M,cheey,unmapped
f79r,M,olkaiin,medium
f79r,M,ol,outlet
f79r,M,ory,unmapped
f79r,M,cholor,reflux
f79r,M,oty,unmapped
f79r,M,oky,heat
f79r,M,y,unmapped
f79r,M,dolsheey,unmapped
f79r,M,qokain,heat
f79r,M,o,unmapped
f79r,M,dain,unmapped
f79r,M,yteey,unmapped
f79r,M,chyteey,unmapped
f79r,M,otoldy,unmapped
f79r,M,lchey,unmapped
f79r,M,lcheey,unmapped
f79r,M,qochey,heat
f79r,M,qody,heat
f79r,M,qokal,heat
f79r,M,olor,reflux
f79r,M,okchd,heat
f79r,M,dchol,outlet
f79r,M,dchy,unmapped
f79r,M,oly,unmapped
f79r,M,y,unmapped
f79r,M,shedy,retain
f79r,M,qotal,heat
f79r,M,ysheey,unmapped
f79r,M,olor,reflux
f79r,M,polshey,unmapped
f79r,M,oltshedy,unmapped
f79r,M,sheol,outlet
f79r,M,ykeey,unmapped
f79r,M,okeey,heat
f79r,M,cheor,reflux
f79r,M,sheedy,unmapped
f79r,M,ol,outlet
f79r,M,sol,outlet
f79r,M,cheedy,unmapped
f79r,M,qoteedy,heat
f79r,M,okaiin,heat
f79r,M,ol,outlet
f79r,M,olaiin,medium
f79r,M,shey,unmapped
f79r,M,daiin,medium
f79r,M,chy,unmapped
f79r,M,ol,outlet
f79r,M,daiin,medium
f79r,M,shedy,retain
f79r,M,qotshedy,heat
f79r,M,oteeedy,unmapped
f79r,M,oteedy,unmapped
f79r,M,chey,unmapped
f79r,M,qokain,heat
f79r,M,ol,outlet
f79r,M,lcheol,outlet
f79r,M,kchedy,unmapped
f79r,M,qotas,heat
f79r,M,sheey,unmapped
f79r,M,teol,outlet
f79r,M,oteedy,unmapped
f79r,M,polchedy,unmapped
f79r,M,shedy,retain
f79r,M,qoteedy,heat
f79r,M,qotain,heat
f79r,M,ody,unmapped
f79r,M,chckhes,unmapped
f79r,M,otal,outlet
f79r,M,sol,outlet
f79r,M,sheeol,outlet
f79r,M,ol,outlet
f79r,M,cheey,unmapped
f79r,M,os,unmapped
f79r,M,sheky,unmapped
f79r,M,sheol,outlet
f79r,M,or,reflux
f79r,M,shear,reflux
f79r,M,oly,unmapped
f79r,M,lcheol,outlet
f79r,M,ol,outlet
f79r,M,ol,outlet
f79r,M,sheey,unmapped
f79r,M,olsheey,unmapped
f79r,M,sholkeey,unmapped
f79r,M,okchey,heat
f79r,M,dain,unmapped
f79r,M,pol,outlet
f79r,M,olkeeey,unmapped
f79r,M,sheol,outlet
f79r,M,qokeey,heat
f79r,M,polkeey,unmapped
f79r,M,qokol,heat
f79r,M,otshdy,unmapped
f79r,M,olky,unmapped
f79r,M,orkor,reflux
f79r,M,sheedy,unmapped
f79r,M,olkal,outlet
f79r,M,y,unmapped
f79r,M,shedy,retain
f79r,M,qokched,heat
f79r,M,oltchey,unmapped
f79r,M,otchotar,reflux
f79r,M,ol,outlet
f79r,M,okaiin,heat
f79r,M,chckhy,unmapped
f79r,M,qokain,heat
f79r,M,shedy,retain
f79r,M,qotain,heat
f79r,M,oteedy,unmapped
f79r,M,chkain,unmapped
f79r,M,ol,outlet
f79r,M,ol,outlet
f79r,M,chedy,unmapped
f79r,M,oly,unmapped
f79r,M,sain,unmapped
f79r,M,okaio,heat
f79r,M,chedy,unmapped
f79r,M,lkchedy,unmapped
f79r,M,aiin,medium
f79r,M,okain,heat
f79r,M,oly,unmapped
f79r,M,cheedy,unmapped
f79r,M,y,unmapped
f79r,M,shey,unmapped
f79r,M,qokain,heat
f79r,M,cheol,outlet
f79r,M,qoky,heat
f79r,M,daiin,medium
f79r,M,chkag,unmapped
f79r,M,ar,reflux
f79r,M,cheedy,unmapped
f79r,M,ldy,unmapped
f79r,M,ody,unmapped
f79r,M,aran,unmapped
f79r,M,okeey,heat
f79r,M,dar,reflux
f79r,M,cheory,unmapped
f79v,M,poldshedy,unmapped
f79v,M,olkory,unmapped
f79v,M,qotolol,heat
f79v,M,otaldy,unmapped
f79v,M,ytedol,outlet
f79v,M,or,reflux
f79v,M,olorol,outlet
f79v,M,qoteedy,heat
f79v,M,qokchey,heat
f79v,M,qoty,heat
f79v,M,lshey,unmapped
f79v,M,qokain,heat
f79v,M,shey,unmapped
f79v,M,qorchedy,heat
f79v,M,dolsheol,outlet
f79v,M,okchy,heat
f79v,M,qokain,heat
f79v,M,sheedy,unmapped
f79v,M,qokshedy,heat
f79v,M,qokeedy,heat
f79v,M,otaram,drain
f79v,M,qokeedy,heat
f79v,M,qokeedy,heat
f79v,M,qotain,heat
f79v,M,sol,outlet
f79v,M,chedy,unmapped
f79v,M,rchey,unmapped
f79v,M,qoky,heat
f79v,M,lchedy,unmapped
f79v,M,qolkeedy,heat
f79v,M,qokedy,heat
f79v,M,qotal,heat
f79v,M,saiin,medium
f79v,M,ory,unmapped
f79v,M,qokedy,heat
f79v,M,oteedy,unmapped
f79v,M,lcheam,drain
f79v,M,ycheckhey,unmapped
f79v,M,r,unmapped
f79v,M,ain,unmapped
f79v,M,chedy,unmapped
f79v,M,qokain,heat
f79v,M,chedy,unmapped
f79v,M,ol,outlet
f79v,M,shedy,retain
f79v,M,dar,reflux
f79v,M,ytam,drain
f79v,M,qokshey,heat
f79v,M,qokeedy,heat
f79v,M,qol,heat
f79v,M,kedy,unmapped
f79v,M,qokeedy,heat
f79v,M,qokain,heat
f79v,M,solchedy,unmapped
f79v,M,ychedy,unmapped
f79v,M,qotey,heat
f79v,M,okedy,heat
f79v,M,tedyol,outlet
f79v,M,sheedy,unmapped
f79v,M,qokeey,heat
f79v,M,qoteedy,heat
f79v,M,lol,outlet
f79v,M,sar,reflux
f79v,M,ol,outlet
f79v,M,sheey,unmapped
f79v,M,qokeedy,heat
f79v,M,qokechey,heat
f79v,M,qol,heat
f79v,M,pchedy,unmapped
f79v,M,lsheckhedy,unmapped
f79v,M,qokeey,heat
f79v,M,qokaiin,heat
f79v,M,olky,unmapped
f79v,M,opchedy,unmapped
f79v,M,pchedy,unmapped
f79v,M,olcheey,unmapped
f79v,M,lchedy,unmapped
f79v,M,qolkeedy,heat
f79v,M,qokain,heat
f79v,M,chckhy,unmapped
f79v,M,otar,reflux
f79v,M,olkam,drain
f79v,M,pshdy,unmapped
f79v,M,ofchdy,unmapped
f79v,M,qokedy,heat
f79v,M,qoteedy,heat
f79v,M,qokedy,heat
f79v,M,qoltedy,heat
f79v,M,qotedy,heat
f79v,M,oky,heat
f79v,M,dain,unmapped
f79v,M,ar,reflux
f79v,M,olshey,unmapped
f79v,M,dytain,unmapped
f79v,M,qokain,heat
f79v,M,checthy,unmapped
f79v,M,okeedy,heat
f79v,M,qokeedy,heat
f79v,M,ror,reflux
f79v,M,qokeey,heat
f79v,M,qokedy,heat
f79v,M,okeey,heat
f79v,M,qokol,heat
f79v,M,sheedy,unmapped
f79v,M,qokeedy,heat
f79v,M,rolchey,unmapped
f79v,M,qokeedy,heat
f79v,M,yteedy,unmapped
f79v,M,qokeedy,heat
f79v,M,qokain,heat
f79v,M,olkeey,unmapped
f79v,M,cheokain,unmapped
f79v,M,dy,unmapped
f79v,M,teey,unmapped
f79v,M,qokain,heat
f79v,M,dol,outlet
f79v,M,sheey,unmapped
f79v,M,qol,heat
f79v,M,olkshey,unmapped
f79v,M,qokeedy,heat
f79v,M,olkeedy,unmapped
f79v,M,qol,heat
f79v,M,okaiin,heat
f79v,M,oly,unmapped
f79v,M,qol,heat
f79v,M,sheey,unmapped
f79v,M,chol,outlet
f79v,M,ol,outlet
f79v,M,dar,reflux
f79v,M,qokaiin,heat
f79v,M,cheekey,unmapped
f79v,M,qoky,heat
f79v,M,otain,unmapped
f79v,M,oram,drain
f79v,M,qokain,heat
f79v,M,sheey,unmapped
f79v,M,qokeey,heat
f79v,M,teey,unmapped
f79v,M,oteey,unmapped
f79v,M,lcheey,unmapped
f79v,M,qokeey,heat
f79v,M,olkeedy,unmapped
f79v,M,rchey,unmapped
f79v,M,ykail,unmapped
f79v,M,shy,unmapped
f79v,M,qolar,heat
f79v,M,shey,unmapped
f79v,M,qokedy,heat
f79v,M,qokedy,heat
f79v,M,qokedy,heat
f79v,M,dar,reflux
f79v,M,olkain,unmapped
f79v,M,cham,drain
f79v,M,dchedy,unmapped
f79v,M,lchey,unmapped
f79v,M,qety,unmapped
f79v,M,shedy,retain
f79v,M,okain,heat
f79v,M,ykees,unmapped
f79v,M,olkey,unmapped
f79v,M,oty,unmapped
f79v,M,shey,unmapped
f79v,M,qoly,heat
f79v,M,dshey,unmapped
f79v,M,qokal,heat
f79v,M,sheedy,unmapped
f79v,M,sheky,unmapped
f79v,M,orain,unmapped
f79v,M,otshdy,unmapped
f79v,M,dain,unmapped
f79v,M,cther,unmapped
f79v,M,aror,reflux
f79v,M,tshey,unmapped
f79v,M,ykeey,unmapped
f79v,M,r,unmapped
f79v,M,ch,unmapped
f79v,M,ain,unmapped
f79v,M,oroiiin,unmapped
f79v,M,tolkey,unmapped
f79v,M,okar,heat
f79v,M,ol,outlet
f79v,M,okaiin,heat
f79v,M,otylor,reflux
f79v,M,qokol,heat
f79v,M,okeedy,heat
f79v,M,dalary,unmapped
f79v,M,ycheear,reflux
f79v,M,o,unmapped
f79v,M,oiin,unmapped
f79v,M,oeedy,unmapped
f79v,M,qotain,heat
f79v,M,chedy,unmapped
f79v,M,qokeey,heat
f79v,M,oteey,unmapped
f79v,M,qokeey,heat
f79v,M,lol,outlet
f79v,M,qokeey,heat
f79v,M,ol,outlet
f79v,M,olshdy,unmapped
f79v,M,qotain,heat
f79v,M,oteedy,unmapped
f79v,M,olkain,unmapped
f79v,M,otshey,unmapped
f79v,M,sain,unmapped
f79v,M,ol,outlet
f79v,M,ykeedy,unmapped
f79v,M,okaiin,heat
f79v,M,dykaiin,medium
f79v,M,otedy,unmapped
f79v,M,dkeey,unmapped
f79v,M,tar,reflux
f79v,M,ol,outlet
f79v,M,otol,outlet
f79v,M,oiiiny,unmapped
f79v,M,odchey,unmapped
f79v,M,kar,reflux
f79v,M,akain,unmapped
f79v,M,opar,reflux
f79v,M,otain,unmapped
f79v,M,olkey,unmapped
f79v,M,pchey,unmapped
f79v,M,ksheol,outlet
f79v,M,qokain,heat
f79v,M,ofchedy,unmapped
f79v,M,otalshdy,unmapped
f79v,M,olkair,unmapped
f79v,M,otaiin,medium
f79v,M,okeedy,heat
f79v,M,dain,unmapped
f79v,M,sheyteedy,unmapped
f79v,M,lky,unmapped
f79v,M,opchedy,unmapped
f79v,M,qotedy,heat
f79v,M,otey,unmapped
f79v,M,tal,outlet
f79v,M,dain,unmapped
f79v,M,oteey,unmapped
f79v,M,oty,unmapped
f79v,M,qokain,heat
f79v,M,sheeky,unmapped
f79v,M,okar,heat
f79v,M,okey,heat
f79v,M,qokey,heat
f79v,M,tedy,unmapped
f79v,M,skain,unmapped
f79v,M,oteedy,unmapped
f79v,M,qoky,heat
f79v,M,yshees,unmapped
f79v,M,aiin,medium
f79v,M,o,unmapped
f79v,M,ykeedy,unmapped
f79v,M,qokeedy,heat
f79v,M,qokar,heat
f79v,M,oteedy,unmapped
f79v,M,roltain,unmapped
f79v,M,olkeey,unmapped
f79v,M,ol,outlet
f79v,M,or,reflux
f79v,M,ocheey,unmapped
f79v,M,ol,outlet
f79v,M,ol,outlet
f79v,M,o,unmapped
f79v,M,keeedy,unmapped
f79v,M,checkhy,unmapped
f79v,M,aror,reflux
f79v,M,por,reflux
f79v,M,ar,reflux
f79v,M,or,reflux
f79v,M,yteey,unmapped
f79v,M,teey,unmapped
f79v,M,okar,heat
f79v,M,oshey,unmapped
f79v,M,qoky,heat
f79v,M,chey,unmapped
f79v,M,okeey,heat
f79v,M,ldy,unmapped
f79v,M,oral,outlet
f79v,M,ykeeey,unmapped
f79v,M,qokeey,heat
f79v,M,lshey,unmapped
f79v,M,qoky,heat
f79v,M,tchedy,unmapped
f79v,M,orsheedy,unmapped
f79v,M,otain,unmapped
f79v,M,sheor,reflux
f79v,M,oly,unmapped
f79v,M,qor,heat
f79v,M,cheey,unmapped
f79v,M,kain,unmapped
f79v,M,chl,unmapped
f79v,M,ol,outlet
f79v,M,otol,outlet
f79v,M,dain,unmapped
f79v,M,otain,unmapped
f79v,M,ol,outlet
f79v,M,oteedy,unmapped
f79v,M,qokan,heat
f79v,M,ysheey,unmapped
f79v,M,ol,outlet
f79v,M,shey,unmapped
f79v,M,oltshsey,unmapped
f79v,M,sheepshey,unmapped
f79v,M,pol,outlet
f79v,M,ol,outlet
f79v,M,shal,outlet
f79v,M,kain,unmapped
f79v,M,okeey,heat
f79v,M,lkeey,unmapped
f79v,M,qokal,heat
f79v,M,otchsdy,unmapped
f79v,M,okeshdy,heat
f79v,M,olkeeey,unmapped
f79v,M,qokeey,heat
f79v,M,okeedy,heat
f79v,M,shedy,retain
f79v,M,qokeey,heat
f79v,M,okain,heat
f79v,M,sheckhdy,unmapped
f79v,M,dag,unmapped
f79v,M,qokeedy,heat
f79v,M,ykeey,unmapped
f79v,M,sheey,unmapped
f79v,M,or,reflux
f79v,M,or,reflux
f79v,M,aiin,medium
f79v,M,yefaiin,medium
f79v,M,chy,unmapped
f79v,M,dor,reflux
f79v,M,yty,unmapped
f79v,M,qokees,heat
f79v,M,aiin,medium
f79v,M,okain,heat
f79v,M,ol,outlet
f79v,M,oiin,unmapped
f79v,M,qokoin,heat
f79v,M,sheky,unmapped
f79v,M,qokeedy,heat
f79v,M,qokar,heat
f79v,M,ol,outlet
f79v,M,yshedy,unmapped
f79v,M,qokeey,heat
f79v,M,okain,heat
f79v,M,ol,outlet
f79v,M,keey,unmapped
f79v,M,daldy,unmapped
f79v,M,chedy,unmapped
f79v,M,raiin,medium
f79v,M,orain,unmapped
f79v,M,okchedy,heat
f79v,M,qokain,heat
f79v,M,sheky,unmapped
f79v,M,chedy,unmapped
f79v,M,ol,outlet
f79v,M,ain,unmapped
f79v,M,y,unmapped
f79v,M,daral,outlet
f80r,M,toroly,unmapped
f80r,M,olchdy,unmapped
f80r,M,okaly,heat
f80r,M,okolo,heat
f80r,M,okary,heat
f80r,M,opor,reflux
f80r,M,olky,unmapped
f80r,M,otalshedy,unmapped
f80r,M,okar,heat
f80r,M,okan,heat
f80r,M,pdol,outlet
f80r,M,fshedy,unmapped
f80r,M,polkain,unmapped
f80r,M,octhor,reflux
f80r,M,okchdy,heat
f80r,M,qokeedy,heat
f80r,M,qopcheol,heat
f80r,M,olkoiin,unmapped
f80r,M,y,unmapped
f80r,M,darshey,unmapped
f80r,M,dykshy,unmapped
f80r,M,ol,outlet
f80r,M,otchedy,unmapped
f80r,M,qokain,heat
f80r,M,qotain,heat
f80r,M,chckhey,unmapped
f80r,M,qokain,heat
f80r,M,okal,heat
f80r,M,qotain,heat
f80r,M,okedy,heat
f80r,M,qo,heat
f80r,M,l,unmapped
f80r,M,r,unmapped
f80r,M,tchedy,unmapped
f80r,M,qotair,heat
f80r,M,cheol,outlet
f80r,M,qokal,heat
f80r,M,qokal,heat
f80r,M,cheety,unmapped
f80r,M,qokaiin,heat
f80r,M,qokar,heat
f80r,M,qokain,heat
f80r,M,chedy,unmapped
f80r,M,qokam,drain
f80r,M,solkain,unmapped
f80r,M,shl,unmapped
f80r,M,lky,unmapped
f80r,M,chcthy,unmapped
f80r,M,qokain,heat
f80r,M,qotchy,heat
f80r,M,qotal,heat
f80r,M,dy,unmapped
f80r,M,chckhy,unmapped
f80r,M,lchey,unmapped
f80r,M,qotar,heat
f80r,M,otal,outlet
f80r,M,qokedy,heat
f80r,M,qokeedy,heat
f80r,M,checkhy,unmapped
f80r,M,olchedy,unmapped
f80r,M,qokain,heat
f80r,M,chey,unmapped
f80r,M,qokechckhy,heat
f80r,M,otar,reflux
f80r,M,cheoltain,unmapped
f80r,M,sy,unmapped
f80r,M,solchedy,unmapped
f80r,M,qokeedy,heat
f80r,M,qokar,heat
f80r,M,ol,outlet
f80r,M,chedy,unmapped
f80r,M,qokain,heat
f80r,M,shecthy,unmapped
f80r,M,qokeedy,heat
f80r,M,saltar,reflux
f80r,M,chkain,unmapped
f80r,M,oty,unmapped
f80r,M,solky,unmapped
f80r,M,sheckhy,unmapped
f80r,M,sheky,unmapped
f80r,M,shkeol,outlet
f80r,M,qokar,heat
f80r,M,sheky,unmapped
f80r,M,chetain,unmapped
f80r,M,ol,outlet
f80r,M,olkar,reflux
f80r,M,okain,heat
f80r,M,sheky,unmapped
f80r,M,qokal,heat
f80r,M,da,unmapped
f80r,M,paiin,medium
f80r,M,sheol,outlet
f80r,M,qokain,heat
f80r,M,chety,unmapped
f80r,M,qokeedy,heat
f80r,M,qokar,heat
f80r,M,shcthy,unmapped
f80r,M,qotol,heat
f80r,M,shecthy,unmapped
f80r,M,qokain,heat
f80r,M,olkam,drain
f80r,M,dcheol,outlet
f80r,M,shedy,retain
f80r,M,qokeel,heat
f80r,M,qotaiin,heat
f80r,M,chtal,outlet
f80r,M,schcthy,unmapped
f80r,M,qokal,heat
f80r,M,chcthy,unmapped
f80r,M,qokain,heat
f80r,M,okain,heat
f80r,M,oloky,unmapped
f80r,M,qoteedy,heat
f80r,M,keey,unmapped
f80r,M,qokain,heat
f80r,M,chckhy,unmapped
f80r,M,qoty,heat
f80r,M,dalched,unmapped
f80r,M,otain,unmapped
f80r,M,shedy,retain
f80r,M,qokair,heat
f80r,M,shey,unmapped
f80r,M,dalom,unmapped
f80r,M,shedy,retain
f80r,M,qokey,heat
f80r,M,shckhey,unmapped
f80r,M,qotar,heat
f80r,M,chckhy,unmapped
f80r,M,otol,outlet
f80r,M,teol,outlet
f80r,M,sheol,outlet
f80r,M,qotal,heat
f80r,M,oltain,unmapped
f80r,M,chcthy,unmapped
f80r,M,qokeedy,heat
f80r,M,qol,heat
f80r,M,shecthy,unmapped
f80r,M,qokalkeol,heat
f80r,M,qoky,heat
f80r,M,qokal,heat
f80r,M,shedy,retain
f80r,M,sal,outlet
f80r,M,olkain,unmapped
f80r,M,shey,unmapped
f80r,M,qokl,heat
f80r,M,yshey,unmapped
f80r,M,l,unmapped
f80r,M,shey,unmapped
f80r,M,kaiin,medium
f80r,M,lor,reflux
f80r,M,aiiin,unmapped
f80r,M,shcthy,unmapped
f80r,M,pchey,unmapped
f80r,M,ty,unmapped
f80r,M,ol,outlet
f80r,M,keedy,unmapped
f80r,M,tar,reflux
f80r,M,oky,heat
f80r,M,lar,reflux
f80r,M,lol,outlet
f80r,M,chey,unmapped
f80r,M,rchy,unmapped
f80r,M,r,unmapped
f80r,M,ol,outlet
f80r,M,dain,unmapped
f80r,M,oty,unmapped
f80r,M,qoty,heat
f80r,M,otalor,reflux
f80r,M,sheckhy,unmapped
f80r,M,olkeey,unmapped
f80r,M,ral,outlet
f80r,M,chedyor,reflux
f80r,M,dar,reflux
f80r,M,sheal,outlet
f80r,M,cheeky,unmapped
f80r,M,okain,heat
f80r,M,sol,outlet
f80r,M,lshedy,unmapped
f80r,M,dol,outlet
f80r,M,checthy,unmapped
f80r,M,orol,outlet
f80r,M,eeesal,outlet
f80r,M,olo,unmapped
f80r,M,teol,outlet
f80r,M,ory,unmapped
f80r,M,lchol,outlet
f80r,M,dar,reflux
f80r,M,shecthy,unmapped
f80r,M,otedy,unmapped
f80r,M,qol,heat
f80r,M,olcheedy,unmapped
f80r,M,opcheeky,unmapped
f80r,M,qotchy,heat
f80r,M,qokaiin,heat
f80r,M,otair,unmapped
f80r,M,olky,unmapped
f80r,M,lol,outlet
f80r,M,shar,reflux
f80r,M,otaiin,medium
f80r,M,olkaiin,medium
f80r,M,ol,outlet
f80r,M,olkain,unmapped
f80r,M,oraiin,medium
f80r,M,olor,reflux
f80r,M,checthy,unmapped
f80r,M,olor,reflux
f80r,M,pcheolkal,outlet
f80r,M,dal,outlet
f80r,M,korchy,unmapped
f80r,M,qotey,heat
f80r,M,qoty,heat
f80r,M,rchedy,unmapped
f80r,M,qokal,heat
f80r,M,olkolshedy,unmapped
f80r,M,chty,unmapped
f80r,M,okchey,heat
f80r,M,qoky,heat
f80r,M,chedy,unmapped
f80r,M,qokain,heat
f80r,M,shedy,retain
f80r,M,qol,heat
f80r,M,sheey,unmapped
f80r,M,qokal,heat
f80r,M,dar,reflux
f80r,M,ary,unmapped
f80r,M,dshedy,unmapped
f80r,M,qokal,heat
f80r,M,chcthy,unmapped
f80r,M,qokain,heat
f80r,M,shedy,retain
f80r,M,okaiin,heat
f80r,M,shey,unmapped
f80r,M,dainol,outlet
f80r,M,qokal,heat
f80r,M,checthy,unmapped
f80r,M,sol,outlet
f80r,M,chey,unmapped
f80r,M,okalol,heat
f80r,M,okaly,heat
f80r,M,qokeedy,heat
f80r,M,oly,unmapped
f80r,M,solchey,unmapped
f80r,M,qoky,heat
f80r,M,r,unmapped
f80r,M,cheykain,unmapped
f80r,M,sheckhy,unmapped
f80r,M,qokain,heat
f80r,M,okain,heat
f80r,M,ol,outlet
f80r,M,solchey,unmapped
f80r,M,qokeey,heat
f80r,M,lkar,reflux
f80r,M,otal,outlet
f80r,M,olkeey,unmapped
f80r,M,okain,heat
f80r,M,shecthy,unmapped
f80r,M,ol,outlet
f80r,M,ey,unmapped
f80r,M,rcheky,unmapped
f80r,M,shepchedy,unmapped
f80r,M,qokar,heat
f80r,M,ol,outlet
f80r,M,qockhey,heat
f80r,M,olchey,unmapped
f80r,M,qokedy,heat
f80r,M,koroiin,unmapped
f80r,M,y,unmapped
f80r,M,olkeey,unmapped
f80r,M,l,unmapped
f80r,M,sheol,outlet
f80r,M,qokeey,heat
f80r,M,shedy,retain
f80r,M,qol,heat
f80r,M,shedy,retain
f80r,M,qokain,heat
f80r,M,shey,unmapped
f80r,M,qoty,heat
f80r,M,qokain,heat
f80r,M,qokady,heat
f80r,M,qokeey,heat
f80r,M,rchey,unmapped
f80r,M,tain,unmapped
f80r,M,oteey,unmapped
f80r,M,qokain,heat
f80r,M,shekaiin,medium
f80r,M,sheckhy,unmapped
f80r,M,qolshey,heat
f80r,M,qokain,heat
f80r,M,ol,outlet
f80r,M,lom,unmapped
f80r,M,sol,outlet
f80r,M,olkeeey,unmapped
f80r,M,otar,reflux
f80r,M,orchey,unmapped
f80r,M,qokeey,heat
f80r,M,ltalor,reflux
f80r,M,olor,reflux
f80r,M,qokaiin,heat
f80r,M,ol,outlet
f80r,M,shey,unmapped
f80r,M,qotor,heat
f80r,M,alom,unmapped
f80r,M,sor,reflux
f80r,M,olky,unmapped
f80r,M,qoty,heat
f80r,M,ty,unmapped
f80r,M,tor,reflux
f80r,M,sheyky,unmapped
f80r,M,t,unmapped
f80r,M,otol,outlet
f80r,M,opchedy,unmapped
f80r,M,qokain,heat
f80r,M,sheky,unmapped
f80r,M,qokain,heat
f80r,M,ol,outlet
f80r,M,qokeedy,heat
f80r,M,qokail,heat
f80r,M,oteey,unmapped
f80r,M,otain,unmapped
f80r,M,shedy,retain
f80r,M,ykeey,unmapped
f80r,M,rar,reflux
f80r,M,alshees,unmapped
f80r,M,torolshsdy,unmapped
f80r,M,opchey,unmapped
f80r,M,shepchy,unmapped
f80r,M,qotain,heat
f80r,M,shcthy,unmapped
f80r,M,qokedy,heat
f80r,M,daly,unmapped
f80r,M,tolkain,unmapped
f80r,M,otal,outlet
f80r,M,chedy,unmapped
f80r,M,qokar,heat
f80r,M,ol,outlet
f80r,M,shedy,retain
f80r,M,checkhy,unmapped
f80r,M,or,reflux
f80r,M,oly,unmapped
f80r,M,y,unmapped
f80r,M,cheeytal,outlet
f80r,M,checthy,unmapped
f80r,M,qokain,heat
f80r,M,qokain,heat
f80r,M,checthy,unmapped
f80r,M,qokain,heat
f80r,M,ol,outlet
f80r,M,sor,reflux
f80r,M,sheckhy,unmapped
f80r,M,qokar,heat
f80r,M,checkhy,unmapped
f80r,M,okain,heat
f80r,M,sheckhy,unmapped
f80r,M,qokeey,heat
f80r,M,ly,unmapped
f80r,M,qokain,heat
f80r,M,shckhy,unmapped
f80r,M,qokolkain,heat
f80r,M,chedy,unmapped
f80r,M,qokain,heat
f80r,M,checthy,unmapped
f80r,M,lor,reflux
f80r,M,okain,heat
f80r,M,shedy,retain
f80r,M,qokan,heat
f80r,M,chedy,unmapped
f80r,M,qotain,heat
f80r,M,cheky,unmapped
f80r,M,lteey,unmapped
f80r,M,lolom,unmapped
f80r,M,qokain,heat
f80r,M,cheey,unmapped
f80r,M,olkain,unmapped
f80r,M,shedy,retain
f80r,M,qokain,heat
f80r,M,orol,outlet
f80r,M,s,unmapped
f80r,M,polchy,unmapped
f80r,M,efaloir,unmapped
f80r,M,okain,heat
f80r,M,okaiin,heat
f80r,M,cheey,unmapped
f80r,M,kaiin,medium
f80r,M,ylor,reflux
f80r,M,olkeey,unmapped
f80r,M,qokal,heat
f80r,M,sal,outlet
f80r,M,shy,unmapped
f80r,M,loiin,unmapped
f80r,M,cheey,unmapped
f80r,M,qotl,heat
f80r,M,shety,unmapped
f80r,M,sheoky,unmapped
f80r,M,qokaiin,heat
f80r,M,cheey,unmapped
f80r,M,ram,drain
f80r,M,tiiin,unmapped
f80r,M,chey,unmapped
f80r,M,ral,outlet
f80r,M,kar,reflux
f80r,M,chey,unmapped
f80r,M,lkl,unmapped
f80r,M,ol,outlet
f80r,M,shees,unmapped
f80r,M,okaiin,heat
f80r,M,olky,unmapped
f80r,M,oklor,heat
f80r,M,lol,outlet
f80r,M,chey,unmapped
f80r,M,saiin,medium
f80r,M,shety,unmapped
f80r,M,okaiiin,heat
f80r,M,sheor,reflux
f80r,M,tchey,unmapped
f80r,M,lkaiin,medium
f80r,M,okainy,heat
f80r,M,talkl,unmapped
f80r,M,ol,outlet
f80r,M,s,unmapped
f80r,M,al,outlet
f80r,M,cheoly,unmapped
f80r,M,daiin,medium
f80r,M,otaly,unmapped
f80r,M,otain,unmapped
f80r,M,chey,unmapped
f80r,M,lkain,unmapped
f80r,M,olom,unmapped
f80r,M,sol,outlet
f80r,M,tl,unmapped
f80r,M,shey,unmapped
f80r,M,qoklcheey,heat
f80r,M,lkaiin,medium
f80r,M,ol,outlet
f80r,M,olor,reflux
f80r,M,aiin,medium
f80r,M,y,unmapped
f80r,M,daiin,medium
f80r,M,cheol,outlet
f80r,M,kain,unmapped
f80r,M,lol,outlet
f80r,M,eey,unmapped
f80r,M,lchey,unmapped
f80r,M,qokal,heat
f80r,M,cheol,outlet
f80r,M,lchor,reflux
f80r,M,otlol,outlet
f80v,M,pchedy,unmapped
f80v,M,dolfchedy,unmapped
f80v,M,qokeedy,heat
f80v,M,qotedy,heat
f80v,M,qotolfchedy,heat
f80v,M,roly,unmapped
f80v,M,tshedy,unmapped
f80v,M,qotedy,heat
f80v,M,olkain,unmapped
f80v,M,otal,outlet
f80v,M,chckhy,unmapped
f80v,M,qoky,heat
f80v,M,daiin,medium
f80v,M,doly,unmapped
f80v,M,schedy,unmapped
f80v,M,qolchedy,heat
f80v,M,qokaiin,heat
f80v,M,chcthy,unmapped
f80v,M,otaiin,medium
f80v,M,sheeky,unmapped
f80v,M,qol,heat
f80v,M,qokedy,heat
f80v,M,qokar,heat
f80v,M,qokain,heat
f80v,M,chedy,unmapped
f80v,M,qol,heat
f80v,M,qol,heat
f80v,M,shey,unmapped
f80v,M,qoly,heat
f80v,M,okeedy,heat
f80v,M,chedy,unmapped
f80v,M,olkeedy,unmapped
f80v,M,oy,unmapped
f80v,M,qokaiin,heat
f80v,M,shckhy,unmapped
f80v,M,qotain,heat
f80v,M,ol,outlet
f80v,M,tcheol,outlet
f80v,M,kedy,unmapped
f80v,M,pcheol,outlet
f80v,M,kain,unmapped
f80v,M,shedy,retain
f80v,M,qokaiin,heat
f80v,M,otey,unmapped
f80v,M,qokedy,heat
f80v,M,chedy,unmapped
f80v,M,polshol,outlet
f80v,M,tchey,unmapped
f80v,M,qokol,heat
f80v,M,shedy,retain
f80v,M,qotshey,heat
f80v,M,saly,unmapped
f80v,M,kchey,unmapped
f80v,M,stolpchy,unmapped
f80v,M,olteedy,unmapped
f80v,M,qokaiin,heat
f80v,M,shedy,retain
f80v,M,qokain,heat
f80v,M,sheol,outlet
f80v,M,qokchdy,heat
f80v,M,qokchdy,heat
f80v,M,qoty,heat
f80v,M,dy,unmapped
f80v,M,tchdy,unmapped
f80v,M,qol,heat
f80v,M,tol,outlet
f80v,M,tal,outlet
f80v,M,taldain,unmapped
f80v,M,chckhy,unmapped
f80v,M,qokal,heat
f80v,M,dol,outlet
f80v,M,checthy,unmapped
f80v,M,qokal,heat
f80v,M,ly,unmapped
f80v,M,sol,outlet
f80v,M,sheey,unmapped
f80v,M,qokaiin,heat
f80v,M,shcthy,unmapped
f80v,M,dolshedy,unmapped
f80v,M,qokal,heat
f80v,M,shecthy,unmapped
f80v,M,qotainol,heat
f80v,M,tol,outlet
f80v,M,sheedy,unmapped
f80v,M,qokar,heat
f80v,M,olky,unmapped
f80v,M,rorcheey,unmapped
f80v,M,sheckhy,unmapped
f80v,M,qotain,heat
f80v,M,chedy,unmapped
f80v,M,rol,outlet
f80v,M,ycheol,outlet
f80v,M,kain,unmapped
f80v,M,shey,unmapped
f80v,M,qokain,heat
f80v,M,chedy,unmapped
f80v,M,qokol,heat
f80v,M,olkain,unmapped
f80v,M,shy,unmapped
f80v,M,l,unmapped
f80v,M,lor,reflux
f80v,M,ar,reflux
f80v,M,ol,outlet
f80v,M,olor,reflux
f80v,M,chey,unmapped
f80v,M,koldy,unmapped
f80v,M,tshedy,unmapped
f80v,M,qokain,heat
f80v,M,shedy,retain
f80v,M,qokas,heat
f80v,M,otal,outlet
f80v,M,qopshedy,heat
f80v,M,qoty,heat
f80v,M,lchedy,unmapped
f80v,M,qopalor,heat
f80v,M,qotaiin,heat
f80v,M,chty,unmapped
f80v,M,lchedy,unmapped
f80v,M,s,unmapped
f80v,M,aly,unmapped
f80v,M,tol,outlet
f80v,M,chey,unmapped
f80v,M,qoteedy,heat
f80v,M,otal,outlet
f80v,M,dain,unmapped
f80v,M,ol,outlet
f80v,M,dal,outlet
f80v,M,cheol,outlet
f80v,M,key,unmapped
f80v,M,qotar,heat
f80v,M,dy,unmapped
f80v,M,qotal,heat
f80v,M,dy,unmapped
f80v,M,keedy,unmapped
f80v,M,qokain,heat
f80v,M,oty,unmapped
f80v,M,loldy,unmapped
f80v,M,tal,outlet
f80v,M,solcheol,outlet
f80v,M,qokaiin,heat
f80v,M,shecthy,unmapped
f80v,M,qokal,heat
f80v,M,cheol,outlet
f80v,M,dy,unmapped
f80v,M,qotlolkal,heat
f80v,M,chedyr,unmapped
f80v,M,ychedy,unmapped
f80v,M,qol,heat
f80v,M,okaiin,heat
f80v,M,olkedy,unmapped
f80v,M,or,reflux
f80v,M,okain,heat
f80v,M,psheoldy,unmapped
f80v,M,dkshey,unmapped
f80v,M,qokopy,heat
f80v,M,ror,reflux
f80v,M,opor,reflux
f80v,M,olpoy,unmapped
f80v,M,oltydy,unmapped
f80v,M,ysheeyqorar,reflux
f80v,M,ol,outlet
f80v,M,cheey,unmapped
f80v,M,daiin,medium
f80v,M,shey,unmapped
f80v,M,qokaiin,heat
f80v,M,ol,outlet
f80v,M,okaiin,heat
f80v,M,tar,reflux
f80v,M,kain,unmapped
f80v,M,okal,heat
f80v,M,y,unmapped
f80v,M,rchey,unmapped
f80v,M,qokal,heat
f80v,M,olor,reflux
f80v,M,aiin,medium
f80v,M,okal,heat
f80v,M,otam,drain
f80v,M,dchedy,unmapped
f80v,M,qokal,heat
f80v,M,ol,outlet
f80v,M,chey,unmapped
f80v,M,dal,outlet
f80v,M,or,reflux
f80v,M,shedy,retain
f80v,M,lshedy,unmapped
f80v,M,polteshol,outlet
f80v,M,opy,unmapped
f80v,M,shey,unmapped
f80v,M,qopshedy,heat
f80v,M,qoteedy,heat
f80v,M,qotol,heat
f80v,M,shy,unmapped
f80v,M,kolshd,unmapped
f80v,M,qoky,heat
f80v,M,yshedy,unmapped
f80v,M,qokeey,heat
f80v,M,qokey,heat
f80v,M,qoty,heat
f80v,M,qotol,heat
f80v,M,otaiin,medium
f80v,M,ol,outlet
f80v,M,chedy,unmapped
f80v,M,qoky,heat
f80v,M,daiin,medium
f80v,M,lshedy,unmapped
f80v,M,qoty,heat
f80v,M,olol,outlet
f80v,M,cheey,unmapped
f80v,M,qokain,heat
f80v,M,okalchy,heat
f80v,M,tal,outlet
f80v,M,or,reflux
f80v,M,checthy,unmapped
f80v,M,sar,reflux
f80v,M,qoty,heat
f80v,M,cheyqytaiin,medium
f80v,M,chey,unmapped
f80v,M,lchedy,unmapped
f80v,M,shedy,retain
f80v,M,olchey,unmapped
f80v,M,pshol,outlet
f80v,M,kain,unmapped
f80v,M,olkar,reflux
f80v,M,shey,unmapped
f80v,M,qokain,heat
f80v,M,dal,outlet
f80v,M,oltaiin,medium
f80v,M,okain,heat
f80v,M,shal,outlet
f80v,M,qoty,heat
f80v,M,olcheol,outlet
f80v,M,qokain,heat
f80v,M,or,reflux
f80v,M,al,outlet
f80v,M,chain,unmapped
f80v,M,qokain,heat
f80v,M,ol,outlet
f80v,M,kaiin,medium
f80v,M,okeedy,heat
f80v,M,qokey,heat
f80v,M,ly,unmapped
f80v,M,qokain,heat
f80v,M,olkain,unmapped
f80v,M,olkain,unmapped
f80v,M,ol,outlet
f80v,M,keeol,outlet
f80v,M,pol,outlet
f80v,M,or,reflux
f80v,M,olkain,unmapped
f80v,M,oy,unmapped
f80v,M,qokaiin,heat
f80v,M,okain,heat
f80v,M,okar,heat
f80v,M,shey,unmapped
f80v,M,qolky,heat
f80v,M,qol,heat
f80v,M,ol,outlet
f80v,M,oiin,unmapped
f80v,M,olkain,unmapped
f80v,M,ol,outlet
f80v,M,chedy,unmapped
f80v,M,qokain,heat
f80v,M,olshey,unmapped
f80v,M,qokain,heat
f80v,M,s,unmapped
f80v,M,olkain,unmapped
f80v,M,shol,outlet
f80v,M,kair,unmapped
f80v,M,or,reflux
f80v,M,arolkeedy,unmapped
f80v,M,olky,unmapped
f80v,M,qolkain,heat
f80v,M,shedy,retain
f80v,M,qokeedy,heat
f80v,M,qoker,heat
f80v,M,olkain,unmapped
f80v,M,olshedy,unmapped
f80v,M,qokey,heat
f80v,M,qokeey,heat
f80v,M,tchcthy,unmapped
f80v,M,lom,unmapped
f80v,M,dol,outlet
f80v,M,sheyr,unmapped
f80v,M,shey,unmapped
f80v,M,olshey,unmapped
f80v,M,cthor,reflux
f80v,M,ylchdy,unmapped
f80v,M,olkain,unmapped
f80v,M,shcthy,unmapped
f80v,M,qoly,heat
f80v,M,tol,outlet
f80v,M,oltain,unmapped
f80v,M,olkar,reflux
f80v,M,y,unmapped
f80v,M,qol,heat
f80v,M,qol,heat
f80v,M,kain,unmapped
f80v,M,okiin,heat
f80v,M,ol,outlet
f80v,M,kain,unmapped
f80v,M,shey,unmapped
f80v,M,ldy,unmapped
f80v,M,soin,unmapped
f80v,M,okain,heat
f80v,M,sheor,reflux
f80v,M,ol,outlet
f80v,M,shey,unmapped
f80v,M,daly,unmapped
f80v,M,olshedy,unmapped
f80v,M,olal,outlet
f80v,M,shedy,retain
f80v,M,lchy,unmapped
f80v,M,polshdy,unmapped
f80v,M,qokeedy,heat
f80v,M,shky,unmapped
f80v,M,ololchey,unmapped
f80v,M,polkedy,unmapped
f80v,M,lsheckhy,unmapped
f80v,M,olky,unmapped
f80v,M,ot,unmapped
f80v,M,olkchy,unmapped
f80v,M,rchey,unmapped
f80v,M,qcthy,unmapped
f80v,M,rchey,unmapped
f80v,M,ral,outlet
f80v,M,sol,outlet
f80v,M,aiin,medium
f80v,M,chey,unmapped
f80v,M,qokain,heat
f80v,M,ches,unmapped
f80v,M,ol,outlet
f80v,M,chckhy,unmapped
f80v,M,qokeedy,heat
f80v,M,tchdy,unmapped
f80v,M,aral,outlet
f80v,M,qokain,heat
f80v,M,ol,outlet
f80v,M,cheeor,reflux
f80v,M,olar,reflux
f80v,M,chey,unmapped
f80v,M,tchar,reflux
f80v,M,ol,outlet
f80v,M,chedy,unmapped
f80v,M,qotal,heat
f80v,M,olchedy,unmapped
f80v,M,tor,reflux
f80v,M,arol,outlet
f80v,M,ar,reflux
f80v,M,shckhy,unmapped
f80v,M,lkol,outlet
f80v,M,otol,outlet
f80v,M,chedy,unmapped
f80v,M,qokain,heat
f80v,M,chckhy,unmapped
f80v,M,qokal,heat
f80v,M,pol,outlet
f80v,M,ol,outlet
f80v,M,aiin,medium
f80v,M,olkal,outlet
f80v,M,shar,reflux
f80v,M,shedy,retain
f80v,M,qokol,heat
f80v,M,chdy,unmapped
f80v,M,ldol,outlet
f80v,M,dar,reflux
f80v,M,al,outlet
f80v,M,sor,reflux
f80v,M,ain,unmapped
f80v,M,shkain,unmapped
f80v,M,shar,reflux
f80v,M,okshey,heat
f80v,M,dalar,reflux
f80v,M,shokal,outlet
f80v,M,dy,unmapped
f80v,M,qokal,heat
f80v,M,orol,outlet
f81r,M,polchoy,unmapped
f81r,M,qokedy,heat
f81r,M,shol,outlet
f81r,M,opchedy,unmapped
f81r,M,olpchedy,unmapped
f81r,M,ofshdy,unmapped
f81r,M,oly,unmapped
f81r,M,dchey,unmapped
f81r,M,lshl,unmapped
f81r,M,alched,unmapped
f81r,M,qokol,heat
f81r,M,chol,outlet
f81r,M,otar,reflux
f81r,M,chedy,unmapped
f81r,M,oky,heat
f81r,M,qotey,heat
f81r,M,l,unmapped
f81r,M,chees,unmapped
f81r,M,olkal,outlet
f81r,M,ol,outlet
f81r,M,chedy,unmapped
f81r,M,okar,heat
f81r,M,shedy,retain
f81r,M,dchedy,unmapped
f81r,M,qokain,heat
f81r,M,ol,outlet
f81r,M,ol,outlet
f81r,M,chcthy,unmapped
f81r,M,ykeedy,unmapped
f81r,M,al,outlet
f81r,M,qol,heat
f81r,M,cheol,outlet
f81r,M,okeey,heat
f81r,M,ol,outlet
f81r,M,ol,outlet
f81r,M,olaiin,medium
f81r,M,ol,outlet
f81r,M,or,reflux
f81r,M,ain,unmapped
f81r,M,sar,reflux
f81r,M,ol,outlet
f81r,M,eses,unmapped
f81r,M,oteey,unmapped
f81r,M,shor,reflux
f81r,M,qokeey,heat
f81r,M,ol,outlet
f81r,M,dshees,unmapped
f81r,M,okain,heat
f81r,M,chcthy,unmapped
f81r,M,otey,unmapped
f81r,M,okain,heat
f81r,M,pchedy,unmapped
f81r,M,qokeey,heat
f81r,M,oty,unmapped
f81r,M,qotey,heat
f81r,M,oteey,unmapped
f81r,M,oly,unmapped
f81r,M,qoteesy,heat
f81r,M,qotedy,heat
f81r,M,qokeedy,heat
f81r,M,chcphey,unmapped
f81r,M,chol,outlet
f81r,M,dain,unmapped
f81r,M,otedy,unmapped
f81r,M,cheey,unmapped
f81r,M,qotain,heat
f81r,M,ly,unmapped
f81r,M,olsheol,outlet
f81r,M,olkedy,unmapped
f81r,M,sheckhedy,unmapped
f81r,M,oltedy,unmapped
f81r,M,ychedy,unmapped
f81r,M,tedy,unmapped
f81r,M,ol,outlet
f81r,M,sheedy,unmapped
f81r,M,qokeey,heat
f81r,M,loly,unmapped
f81r,M,dchol,outlet
f81r,M,shedy,retain
f81r,M,qotedy,heat
f81r,M,qol,heat
f81r,M,chedy,unmapped
f81r,M,chetyry,unmapped
f81r,M,qokechedy,heat
f81r,M,qolsheedy,heat
f81r,M,or,reflux
f81r,M,ain,unmapped
f81r,M,arol,outlet
f81r,M,oeeedy,unmapped
f81r,M,sain,unmapped
f81r,M,ol,outlet
f81r,M,cheedy,unmapped
f81r,M,qokeedy,heat
f81r,M,otedy,unmapped
f81r,M,polchdy,unmapped
f81r,M,qopchol,heat
f81r,M,qokor,heat
f81r,M,olpchedy,unmapped
f81r,M,opol,outlet
f81r,M,oraisy,unmapped
f81r,M,y,unmapped
f81r,M,checthy,unmapped
f81r,M,okeedy,heat
f81r,M,shey,unmapped
f81r,M,qokedy,heat
f81r,M,ol,outlet
f81r,M,ochedar,reflux
f81r,M,osheedy,unmapped
f81r,M,shedy,retain
f81r,M,ol,outlet
f81r,M,shedy,retain
f81r,M,okeedy,heat
f81r,M,oror,reflux
f81r,M,qokedy,heat
f81r,M,sheedy,unmapped
f81r,M,chedy,unmapped
f81r,M,qoteedy,heat
f81r,M,olam,drain
f81r,M,qopchedy,heat
f81r,M,qol,heat
f81r,M,chedy,unmapped
f81r,M,qokeey,heat
f81r,M,odaiin,medium
f81r,M,rain,unmapped
f81r,M,daly,unmapped
f81r,M,dshedy,unmapped
f81r,M,qokal,heat
f81r,M,olkeey,unmapped
f81r,M,oteey,unmapped
f81r,M,olshey,unmapped
f81r,M,otey,unmapped
f81r,M,lol,outlet
f81r,M,qotal,heat
f81r,M,chedy,unmapped
f81r,M,qol,heat
f81r,M,ol,outlet
f81r,M,daiin,medium
f81r,M,ol,outlet
f81r,M,chedar,reflux
f81r,M,ol,outlet
f81r,M,oly,unmapped
f81r,M,chey,unmapped
f81r,M,okain,heat
f81r,M,sheckhy,unmapped
f81r,M,soiin,unmapped
f81r,M,chey,unmapped
f81r,M,lchey,unmapped
f81r,M,par,reflux
f81r,M,ody,unmapped
f81r,M,shecphy,unmapped
f81r,M,cheol,outlet
f81r,M,qotaldar,heat
f81r,M,otedy,unmapped
f81r,M,oly,unmapped
f81r,M,sar,reflux
f81r,M,shedy,retain
f81r,M,qol,heat
f81r,M,otain,unmapped
f81r,M,okair,heat
f81r,M,okal,heat
f81r,M,chedy,unmapped
f81r,M,dy,unmapped
f81r,M,pchedy,unmapped
f81r,M,qokey,heat
f81r,M,oteol,outlet
f81r,M,qol,heat
f81r,M,sheor,reflux
f81r,M,shedy,retain
f81r,M,qcthdys,unmapped
f81r,M,sol,outlet
f81r,M,chedy,unmapped
f81r,M,qokedy,heat
f81r,M,olkedy,unmapped
f81r,M,dol,outlet
f81r,M,qokchedy,heat
f81r,M,qokesdy,heat
f81r,M,chedy,unmapped
f81r,M,qokar,heat
f81r,M,chey,unmapped
f81r,M,taiin,medium
f81r,M,otey,unmapped
f81r,M,lchl,unmapped
f81r,M,y,unmapped
f81r,M,sheedy,unmapped
f81r,M,shy,unmapped
f81r,M,chey,unmapped
f81r,M,l,unmapped
f81r,M,chcthy,unmapped
f81r,M,ytar,reflux
f81r,M,olkaiin,medium
f81r,M,ol,outlet
f81r,M,l,unmapped
f81r,M,shedy,retain
f81r,M,qokedy,heat
f81r,M,sor,reflux
f81r,M,olkar,reflux
f81r,M,ol,outlet
f81r,M,kaiin,medium
f81r,M,olkshdy,unmapped
f81r,M,sol,outlet
f81r,M,shedy,retain
f81r,M,ol,outlet
f81r,M,lchedy,unmapped
f81r,M,shedy,retain
f81r,M,shy,unmapped
f81r,M,olkedy,unmapped
f81r,M,ches,unmapped
f81r,M,ar,reflux
f81r,M,or,reflux
f81r,M,oraiiin,unmapped
f81v,M,par,reflux
f81v,M,shey,unmapped
f81v,M,keedy,unmapped
f81v,M,shekal,outlet
f81v,M,dal,outlet
f81v,M,dar,reflux
f81v,M,ol,outlet
f81v,M,pchedy,unmapped
f81v,M,shek,unmapped
f81v,M,dain,unmapped
f81v,M,ofalsheky,unmapped
f81v,M,qokedy,heat
f81v,M,okaiin,heat
f81v,M,kair,unmapped
f81v,M,okal,heat
f81v,M,sar,reflux
f81v,M,ol,outlet
f81v,M,kain,unmapped
f81v,M,olkain,unmapped
f81v,M,al,outlet
f81v,M,ol,outlet
f81v,M,rol,outlet
f81v,M,dl,unmapped
f81v,M,saiin,medium
f81v,M,daiin,medium
f81v,M,olkeedy,unmapped
f81v,M,okedy,heat
f81v,M,dykain,unmapped
f81v,M,shek,unmapped
f81v,M,chdy,unmapped
f81v,M,dalal,outlet
f81v,M,oldy,unmapped
f81v,M,qokaiin,heat
f81v,M,okain,heat
f81v,M,cheeky,unmapped
f81v,M,dy,unmapped
f81v,M,ol,outlet
f81v,M,kaiin,medium
f81v,M,dain,unmapped
f81v,M,dy,unmapped
f81v,M,daiin,medium
f81v,M,chcthy,unmapped
f81v,M,okaiin,heat
f81v,M,daiin,medium
f81v,M,otain,unmapped
f81v,M,chckhy,unmapped
f81v,M,okeedy,heat
f81v,M,qoky,heat
f81v,M,kar,reflux
f81v,M,daiin,medium
f81v,M,okar,heat
f81v,M,qokain,heat
f81v,M,okaiin,heat
f81v,M,ol,outlet
f81v,M,chedy,unmapped
f81v,M,cheol,outlet
f81v,M,lky,unmapped
f81v,M,l,unmapped
f81v,M,s,unmapped
f81v,M,aiin,medium
f81v,M,okain,heat
f81v,M,daldy,unmapped
f81v,M,olor,reflux
f81v,M,ol,outlet
f81v,M,sheckhal,outlet
f81v,M,daiin,medium
f81v,M,qokeedal,heat
f81v,M,daiin,medium
f81v,M,chckhy,unmapped
f81v,M,schedy,unmapped
f81v,M,qol,heat
f81v,M,ykol,outlet
f81v,M,or,reflux
f81v,M,shedy,retain
f81v,M,sheedy,unmapped
f81v,M,qolkeedy,heat
f81v,M,daiin,medium
f81v,M,dkain,unmapped
f81v,M,cphedy,unmapped
f81v,M,oldy,unmapped
f81v,M,yar,reflux
f81v,M,olchey,unmapped
f81v,M,kaiin,medium
f81v,M,okeey,heat
f81v,M,daiin,medium
f81v,M,olor,reflux
f81v,M,checkhy,unmapped
f81v,M,daiidy,unmapped
f81v,M,polshy,unmapped
f81v,M,ashyteed,unmapped
f81v,M,qop,heat
f81v,M,okeedy,heat
f81v,M,otedy,unmapped
f81v,M,okshedy,heat
f81v,M,qoty,heat
f81v,M,dairam,drain
f81v,M,yshey,unmapped
f81v,M,qokeey,heat
f81v,M,okeey,heat
f81v,M,oky,heat
f81v,M,ykeey,unmapped
f81v,M,qoky,heat
f81v,M,oky,heat
f81v,M,lky,unmapped
f81v,M,olchy,unmapped
f81v,M,ky,unmapped
f81v,M,dsholyd,unmapped
f81v,M,qol,heat
f81v,M,ol,outlet
f81v,M,chdy,unmapped
f81v,M,shedy,retain
f81v,M,qokedy,heat
f81v,M,ytedy,unmapped
f81v,M,chetedy,unmapped
f81v,M,lkedey,unmapped
f81v,M,ytedy,unmapped
f81v,M,ykeshey,unmapped
f81v,M,dchs:ed,unmapped
f81v,M,ytedy,unmapped
f81v,M,ytedy,unmapped
f81v,M,dar,reflux
f81v,M,ykeday,unmapped
f81v,M,qoty,heat
f81v,M,ykedy,unmapped
f81v,M,okal,heat
f81v,M,dshedy,unmapped
f81v,M,ykeedy,unmapped
f81v,M,sheeky,unmapped
f81v,M,daiin,medium
f81v,M,okedy,heat
f81v,M,qokeed,heat
f81v,M,qokedy,heat
f81v,M,lchpchdy,unmapped
f81v,M,qokal,heat
f81v,M,chedy,unmapped
f81v,M,ol,outlet
f81v,M,sheey,unmapped
f81v,M,salshcthdy,unmapped
f81v,M,qofchedy,heat
f81v,M,r,unmapped
f81v,M,chedy,unmapped
f81v,M,ltary,unmapped
f81v,M,lor,reflux
f81v,M,shedy,retain
f81v,M,qoeedy,heat
f81v,M,ol,outlet
f81v,M,chy,unmapped
f81v,M,rshdy,unmapped
f81v,M,lshedy,unmapped
f81v,M,dar,reflux
f81v,M,chdy,unmapped
f81v,M,pchdy,unmapped
f81v,M,sshkchdy,unmapped
f81v,M,chedy,unmapped
f81v,M,ol,outlet
f81v,M,shedy,retain
f81v,M,qolchedy,heat
f81v,M,qokain,heat
f81v,M,ckhy,unmapped
f81v,M,dl,unmapped
f81v,M,ral,outlet
f81v,M,qokchdy,heat
f81v,M,chey,unmapped
f81v,M,ol,outlet
f81v,M,cheky,unmapped
f81v,M,ol,outlet
f81v,M,shedy,retain
f81v,M,qokedy,heat
f81v,M,qokedy,heat
f81v,M,chckhy,unmapped
f81v,M,qoky,heat
f81v,M,solkeey,unmapped
f81v,M,ol,outlet
f81v,M,shedy,retain
f81v,M,qokar,heat
f81v,M,shckhy,unmapped
f81v,M,dedy,unmapped
f81v,M,qokar,heat
f81v,M,qokal,heat
f81v,M,dol,outlet
f81v,M,chy,unmapped
f81v,M,qocthey,heat
f81v,M,chekal,outlet
f81v,M,chedy,unmapped
f81v,M,qokedy,heat
f81v,M,lshety,unmapped
f81v,M,qoldy,heat
f81v,M,ltedy,unmapped
f81v,M,qotain,heat
f81v,M,lsho,unmapped
f81v,M,qokey,heat
f81v,M,lshedy,unmapped
f81v,M,lshedy,unmapped
f81v,M,chedy,unmapped
f81v,M,qolky,heat
f81v,M,lchedal,outlet
f81v,M,qol,heat
f81v,M,otar,reflux
f81v,M,qokal,heat
f81v,M,qol,heat
f81v,M,oiin,unmapped
f81v,M,cheey,unmapped
f81v,M,dal,outlet
f81v,M,lchedy,unmapped
f81v,M,chedy,unmapped
f81v,M,salchtedytar,reflux
f81v,M,shol,outlet
f81v,M,qetchy,unmapped
f81v,M,ykaiin,medium
f81v,M,olkain,unmapped
f81v,M,shedy,retain
f81v,M,qoky,heat
f81v,M,dchedy,unmapped
f81v,M,rol,outlet
f81v,M,olcthdy,unmapped
f81v,M,ytey,unmapped
f81v,M,okchedy,heat
f81v,M,qokal,heat
f81v,M,okeey,heat
f81v,M,qol,heat
f81v,M,cheedy,unmapped
f81v,M,sal,outlet
f81v,M,teol,outlet
f81v,M,dchdy,unmapped
f81v,M,ly,unmapped
f81v,M,oshedy,unmapped
f81v,M,qotedy,heat
f81v,M,shol,outlet
f81v,M,chedy,unmapped
f81v,M,y,unmapped
f81v,M,shchey,unmapped
f81v,M,ol,outlet
f81v,M,chey,unmapped
f81v,M,qol,heat
f81v,M,chedy,unmapped
f81v,M,tchd,unmapped
f81v,M,oky,heat
f81v,M,ol,outlet
f81v,M,checholtar,reflux
f81v,M,oiin,unmapped
f81v,M,okedy,heat
f81v,M,dal,outlet
f81v,M,shey,unmapped
f81v,M,olkeol,outlet
f81v,M,olkeedy,unmapped
f81v,M,okeol,heat
f81v,M,dsheol,outlet
f81v,M,oiiin,unmapped
f81v,M,olkeedy,unmapped
f81v,M,tedy,unmapped
f81v,M,cheky,unmapped
f81v,M,shckhedy,unmapped
f81v,M,chal,outlet
f81v,M,otain,unmapped
f81v,M,olkal,outlet
f82r,M,qosheedy,heat
f82r,M,qokeol,heat
f82r,M,daiin,medium
f82r,M,shckhy,unmapped
f82r,M,okeeor,heat
f82r,M,cheey,unmapped
f82r,M,daiin,medium
f82r,M,shey,unmapped
f82r,M,dchedy,unmapped
f82r,M,qolchedy,heat
f82r,M,qokain,heat
f82r,M,dy,unmapped
f82r,M,qokeedy,heat
f82r,M,qokal,heat
f82r,M,lcheckhy,unmapped
f82r,M,lched,unmapped
f82r,M,qokeey,heat
f82r,M,lcheckhedy,unmapped
f82r,M,qokaly,heat
f82r,M,solkaiin,medium
f82r,M,chckhy,unmapped
f82r,M,qokaiin,heat
f82r,M,qokaiin,heat
f82r,M,octheol,outlet
f82r,M,chkeey,unmapped
f82r,M,ldy,unmapped
f82r,M,oteey,unmapped
f82r,M,qokal,heat
f82r,M,sheckhy,unmapped
f82r,M,qoky,heat
f82r,M,sol,outlet
f82r,M,lkchedy,unmapped
f82r,M,qokeedy,heat
f82r,M,qokal,heat
f82r,M,cthol,outlet
f82r,M,chedy,unmapped
f82r,M,qoteedy,heat
f82r,M,qokal,heat
f82r,M,sar,reflux
f82r,M,shedy,retain
f82r,M,qol,heat
f82r,M,shedaiin,retain
f82r,M,sheckhy,unmapped
f82r,M,okal,heat
f82r,M,sheky,unmapped
f82r,M,qotaiin,heat
f82r,M,chedol,outlet
f82r,M,dshedy,unmapped
f82r,M,sotaiin,medium
f82r,M,qokar,heat
f82r,M,shedy,retain
f82r,M,solshedy,unmapped
f82r,M,qokeey,heat
f82r,M,qoky,heat
f82r,M,ls,unmapped
f82r,M,cheey,unmapped
f82r,M,qekeey,unmapped
f82r,M,sheedy,unmapped
f82r,M,qokedy,heat
f82r,M,lcho,unmapped
f82r,M,r,unmapped
f82r,M,cheey,unmapped
f82r,M,qokey,heat
f82r,M,qotal,heat
f82r,M,chedy,unmapped
f82r,M,qoteor,heat
f82r,M,ssholshecthy,unmapped
f82r,M,qokaiin,heat
f82r,M,chkedy,unmapped
f82r,M,rchey,unmapped
f82r,M,dairchey,unmapped
f82r,M,qokaiin,heat
f82r,M,oroldair,unmapped
f82r,M,kolchdy,unmapped
f82r,M,qokedy,heat
f82r,M,qopol,heat
f82r,M,qotedor,heat
f82r,M,chopchedy,unmapped
f82r,M,qotal,heat
f82r,M,chedy,unmapped
f82r,M,kam,drain
f82r,M,otedy,unmapped
f82r,M,qodched,heat
f82r,M,olqo,unmapped
f82r,M,dar,reflux
f82r,M,checkho,unmapped
f82r,M,lolol,outlet
f82r,M,okal,heat
f82r,M,okarchedy,heat
f82r,M,tcheol,outlet
f82r,M,olchedy,unmapped
f82r,M,qokeedy,heat
f82r,M,qotedy,heat
f82r,M,chedar,reflux
f82r,M,cheey,unmapped
f82r,M,lchey,unmapped
f82r,M,solarol,outlet
f82r,M,r,unmapped
f82r,M,olchy,unmapped
f82r,M,qokal,heat
f82r,M,chey,unmapped
f82r,M,qokain,heat
f82r,M,deeedy,unmapped
f82r,M,qokeey,heat
f82r,M,qokaiin,heat
f82r,M,olchedy,unmapped
f82r,M,kedy,unmapped
f82r,M,lchedy,unmapped
f82r,M,qokedy,heat
f82r,M,qokeedy,heat
f82r,M,lkeedy,unmapped
f82r,M,qokaiin,heat
f82r,M,dy,unmapped
f82r,M,daiin,medium
f82r,M,chdy,unmapped
f82r,M,dy,unmapped
f82r,M,qokeedy,heat
f82r,M,lchedy,unmapped
f82r,M,qokeedy,heat
f82r,M,cheey,unmapped
f82r,M,r,unmapped
f82r,M,or,reflux
f82r,M,ol,outlet
f82r,M,s,unmapped
f82r,M,aiin,medium
f82r,M,chey,unmapped
f82r,M,ra,unmapped
f82r,M,dam,drain
f82r,M,dshedy,unmapped
f82r,M,qoteey,heat
f82r,M,chedy,unmapped
f82r,M,qokeeey,heat
f82r,M,qokedy,heat
f82r,M,lteedy,unmapped
f82r,M,qokeedy,heat
f82r,M,ralchey,unmapped
f82r,M,polched,unmapped
f82r,M,otain,unmapped
f82r,M,shedy,retain
f82r,M,shedy,retain
f82r,M,dal,outlet
f82r,M,chedar,reflux
f82r,M,qokeey,heat
f82r,M,ykeey,unmapped
f82r,M,l,unmapped
f82r,M,s,unmapped
f82r,M,araiin,medium
f82r,M,ory,unmapped
f82r,M,okain,heat
f82r,M,char,reflux
f82r,M,okain,heat
f82r,M,qokeedy,heat
f82r,M,lchy,unmapped
f82r,M,posalshy,unmapped
f82r,M,qokedy,heat
f82r,M,cphal,outlet
f82r,M,shedy,retain
f82r,M,sheol,outlet
f82r,M,keeedy,unmapped
f82r,M,lkaiin,medium
f82r,M,shedy,retain
f82r,M,qoly,heat
f82r,M,daiin,medium
f82r,M,cheoky,unmapped
f82r,M,lkedy,unmapped
f82r,M,salshey,unmapped
f82r,M,daiin,medium
f82r,M,chey,unmapped
f82r,M,qol,heat
f82r,M,chedy,unmapped
f82r,M,qokeey,heat
f82r,M,dal,outlet
f82r,M,qokaiin,heat
f82r,M,cheor,reflux
f82r,M,sheey,unmapped
f82r,M,qokaiin,heat
f82r,M,shckhey,unmapped
f82r,M,qol,heat
f82r,M,keeedy,unmapped
f82r,M,qokeeey,heat
f82r,M,rasy,unmapped
f82r,M,cheey,unmapped
f82r,M,qcthey,unmapped
f82r,M,qokeey,heat
f82r,M,lcheey,unmapped
f82r,M,daiin,medium
f82r,M,chey,unmapped
f82r,M,qokeeedy,heat
f82r,M,lchedy,unmapped
f82r,M,lar,reflux
f82r,M,qokeedy,heat
f82r,M,lcheedy,unmapped
f82r,M,qokeoy,heat
f82r,M,sal,outlet
f82r,M,raiin,medium
f82r,M,qokeey,heat
f82r,M,lkeey,unmapped
f82r,M,qokeey,heat
f82r,M,raiin,medium
f82r,M,ydy,unmapped
f82r,M,dol,outlet
f82r,M,qoesedy,heat
f82r,M,sheea'l,unmapped
f82r,M,sheedy,unmapped
f82r,M,lshed,unmapped
f82r,M,qockhey,heat
f82r,M,lchedy,unmapped
f82r,M,lar,reflux
f82r,M,sheey,unmapped
f82r,M,ry,unmapped
f82r,M,tshey,unmapped
f82r,M,qokeedy,heat
f82r,M,cheal,outlet
f82r,M,lchedar,reflux
f82r,M,ches,unmapped
f82r,M,aiin,medium
f82r,M,oteey,unmapped
f82r,M,qokaiin,heat
f82r,M,okey,heat
f82r,M,pchedy,unmapped
f82r,M,rsheal,outlet
f82r,M,daldy,unmapped
f82r,M,qokeedy,heat
f82r,M,rshedy,unmapped
f82r,M,qoteedy,heat
f82r,M,qokeedy,heat
f82r,M,lochedy,unmapped
f82r,M,qokoiin,heat
f82r,M,shedy,retain
f82r,M,qokeedy,heat
f82r,M,qotaiin,heat
f82r,M,chcthey,unmapped
f82r,M,qoteeol,heat
f82r,M,chey,unmapped
f82r,M,qokaiin,heat
f82r,M,oly,unmapped
f82r,M,d,unmapped
f82r,M,cheey,unmapped
f82r,M,lchedy,unmapped
f82r,M,qokeedy,heat
f82r,M,lchedy,unmapped
f82r,M,rchedy,unmapped
f82r,M,oky,heat
f82r,M,qotedy,heat
f82r,M,qoty,heat
f82r,M,qoty,heat
f82r,M,qoteey,heat
f82r,M,raiin,medium
f82r,M,cheol,outlet
f82r,M,qoteey,heat
f82r,M,shedy,retain
f82r,M,qokeey,heat
f82r,M,lshedy,unmapped
f82r,M,qokeedy,heat
f82r,M,rag,unmapped
f82r,M,cheol,outlet
f82r,M,ol,outlet
f82r,M,rsheedy,unmapped
f82r,M,lchedy,unmapped
f82r,M,qoty,heat
f82r,M,lcheeor,reflux
f82r,M,qokain,heat
f82r,M,cheedy,unmapped
f82r,M,lched,unmapped
f82r,M,taiin,medium
f82r,M,shedaiin,retain
f82r,M,chckhey,unmapped
f82r,M,lchey,unmapped
f82r,M,lcheckhy,unmapped
f82r,M,sheey,unmapped
f82r,M,lr,unmapped
f82r,M,chey,unmapped
f82r,M,rain,unmapped
f82r,M,sain,unmapped
f82r,M,ol,outlet
f82r,M,cheol,outlet
f82r,M,ey,unmapped
f82r,M,cheor,reflux
f82r,M,chey,unmapped
f82r,M,okor,heat
f82r,M,darol,outlet
f82r,M,okal,heat
f82r,M,okaldy,heat
f82r,M,darary,unmapped
f82r,M,okairady,heat
f82r,M,sororl,unmapped
f82r,M,olkoky,unmapped
f82r,M,sokoly,unmapped
f82r,M,dolol,outlet
f82r,M,olaiin,medium
f82r,M,okeear,heat
f82v,M,otechdy,unmapped
f82v,M,otedy,unmapped
f82v,M,daiinoty,unmapped
f82v,M,otedal,outlet
f82v,M,tokol,outlet
f82v,M,olfchedy,unmapped
f82v,M,qokeedy,heat
f82v,M,qokedal,heat
f82v,M,shol,outlet
f82v,M,qotal,heat
f82v,M,otdal,outlet
f82v,M,dal,outlet
f82v,M,olshedy,unmapped
f82v,M,qokedy,heat
f82v,M,lshedy,unmapped
f82v,M,qotol,heat
f82v,M,dol,outlet
f82v,M,shedy,retain
f82v,M,shedy,retain
f82v,M,dy,unmapped
f82v,M,darotedy,unmapped
f82v,M,chetedy,unmapped
f82v,M,lokam,drain
f82v,M,dair,unmapped
f82v,M,o,unmapped
f82v,M,l,unmapped
f82v,M,chedy,unmapped
f82v,M,qotedy,heat
f82v,M,qotedy,heat
f82v,M,chsdy,unmapped
f82v,M,qotal,heat
f82v,M,qoty,heat
f82v,M,qokal,heat
f82v,M,qokedy,heat
f82v,M,lo,unmapped
f82v,M,qokain,heat
f82v,M,sheol,outlet
f82v,M,qoteedy,heat
f82v,M,chedy,unmapped
f82v,M,qokey,heat
f82v,M,qokedy,heat
f82v,M,qokol,heat
f82v,M,chedy,unmapped
f82v,M,chedy,unmapped
f82v,M,lchy,unmapped
f82v,M,solshedy,unmapped
f82v,M,lchedy,unmapped
f82v,M,dolshedy,unmapped
f82v,M,qokal,heat
f82v,M,sheckhy,unmapped
f82v,M,shey,unmapped
f82v,M,teeol,outlet
f82v,M,oteedy,unmapped
f82v,M,qokedy,heat
f82v,M,qotey,heat
f82v,M,qokal,heat
f82v,M,shoky,unmapped
f82v,M,qokal,heat
f82v,M,chedy,unmapped
f82v,M,qotalchedy,heat
f82v,M,pcheol,outlet
f82v,M,dar,reflux
f82v,M,qokeey,heat
f82v,M,cheeky,unmapped
f82v,M,qokal,heat
f82v,M,dal,outlet
f82v,M,shedy,retain
f82v,M,pchdy,unmapped
f82v,M,rol,outlet
f82v,M,qotedy,heat
f82v,M,rol,outlet
f82v,M,dal,outlet
f82v,M,shol,outlet
f82v,M,dar,reflux
f82v,M,ol,outlet
f82v,M,qoky,heat
f82v,M,qol,heat
f82v,M,chedy,unmapped
f82v,M,qokar,heat
f82v,M,qoteytyqoky,heat
f82v,M,chcthy,unmapped
f82v,M,qoky,heat
f82v,M,tchedy,unmapped
f82v,M,qocthes,heat
f82v,M,qokar,heat
f82v,M,chckhy,unmapped
f82v,M,qokain,heat
f82v,M,cholkaiin,medium
f82v,M,chckhdy,unmapped
f82v,M,qokoldy,heat
f82v,M,dalchedy,unmapped
f82v,M,lchey,unmapped
f82v,M,rol,outlet
f82v,M,rol,outlet
f82v,M,cheey,unmapped
f82v,M,s,unmapped
f82v,M,ain,unmapped
f82v,M,shey,unmapped
f82v,M,tar,reflux
f82v,M,sheckhy,unmapped
f82v,M,qokal,heat
f82v,M,qokain,heat
f82v,M,cheol,outlet
f82v,M,tedy,unmapped
f82v,M,rchedy,unmapped
f82v,M,pchedy,unmapped
f82v,M,rsheol,outlet
f82v,M,dal,outlet
f82v,M,qokedy,heat
f82v,M,lchey,unmapped
f82v,M,cheey,unmapped
f82v,M,raiin,medium
f82v,M,shes,unmapped
f82v,M,qokchey,heat
f82v,M,qokain,heat
f82v,M,okal,heat
f82v,M,dy,unmapped
f82v,M,lchedam,drain
f82v,M,or,reflux
f82v,M,ain,unmapped
f82v,M,shedy,retain
f82v,M,qok,heat
f82v,M,char,reflux
f82v,M,okai,heat
f82v,M,qokeedy,heat
f82v,M,rcheey,unmapped
f82v,M,qotedy,heat
f82v,M,chtedy,unmapped
f82v,M,rches,unmapped
f82v,M,aly,unmapped
f82v,M,ykeedy,unmapped
f82v,M,qokeedy,heat
f82v,M,chedy,unmapped
f82v,M,qokar,heat
f82v,M,okeey,heat
f82v,M,lkedy,unmapped
f82v,M,qokal,heat
f82v,M,olkeedy,unmapped
f82v,M,qokeedy,heat
f82v,M,oky,heat
f82v,M,qokol,heat
f82v,M,chedy,unmapped
f82v,M,cheal,outlet
f82v,M,chedy,unmapped
f82v,M,oty,unmapped
f82v,M,chdy,unmapped
f82v,M,dy,unmapped
f82v,M,checkhy,unmapped
f82v,M,otal,outlet
f82v,M,chl,unmapped
f82v,M,s,unmapped
f82v,M,tolsheol,outlet
f82v,M,qokedy,heat
f82v,M,qolkedy,heat
f82v,M,rshedy,unmapped
f82v,M,qokedy,heat
f82v,M,rsheedar,reflux
f82v,M,oinoly,unmapped
f82v,M,dain,unmapped
f82v,M,chey,unmapped
f82v,M,qokeeey,heat
f82v,M,qoky,heat
f82v,M,okaiin,heat
f82v,M,okain,heat
f82v,M,olkain,unmapped
f82v,M,otain,unmapped
f82v,M,okar,heat
f82v,M,aly,unmapped
f82v,M,qokain,heat
f82v,M,chedy,unmapped
f82v,M,qolkshey,heat
f82v,M,qotal,heat
f82v,M,shey,unmapped
f82v,M,qokain,heat
f82v,M,ol,outlet
f82v,M,checkhy,unmapped
f82v,M,ly,unmapped
f82v,M,yshedy,unmapped
f82v,M,qolchey,heat
f82v,M,qolaiin,heat
f82v,M,otain,unmapped
f82v,M,olkeedy,unmapped
f82v,M,qotshedy,heat
f82v,M,oll,unmapped
f82v,M,dshedy,unmapped
f82v,M,qokaiin,heat
f82v,M,olchedy,unmapped
f82v,M,qokal,heat
f82v,M,shedy,retain
f82v,M,qotal,heat
f82v,M,dytar,reflux
f82v,M,y,unmapped
f82v,M,ll,unmapped
f82v,M,qok,heat
f82v,M,sheol,outlet
f82v,M,kechey,unmapped
f82v,M,qoty,heat
f82v,M,ral,outlet
f82v,M,tchdarol,outlet
f82v,M,sheytchdy,unmapped
f82v,M,qokal,heat
f82v,M,saiin,medium
f82v,M,shey,unmapped
f82v,M,qokol,heat
f82v,M,chol,outlet
f82v,M,qol,heat
f82v,M,sheedy,unmapped
f82v,M,qokal,heat
f82v,M,shedy,retain
f82v,M,qokaiin,heat
f82v,M,qokain,heat
f82v,M,sheal,outlet
f82v,M,qolchedy,heat
f82v,M,qokaiir,heat
f82v,M,olkaiin,medium
f82v,M,shedy,retain
f82v,M,tchal,outlet
f82v,M,olkair,unmapped
f82v,M,sheeky,unmapped
f82v,M,qolchey,heat
f82v,M,qokar,heat
f82v,M,shey,unmapped
f82v,M,qokain,heat
f82v,M,otshedy,unmapped
f82v,M,daiin,medium
f82v,M,chey,unmapped
f82v,M,qoky,heat
f82v,M,shedy,retain
f82v,M,qokaiin,heat
f82v,M,olkeedy,unmapped
f82v,M,qokechedy,heat
f82v,M,qotar,heat
f82v,M,pol,outlet
f82v,M,olor,reflux
f82v,M,chey,unmapped
f82v,M,qokain,heat
f82v,M,shedy,retain
f82v,M,qokaiin,heat
f82v,M,olchesy,unmapped
f82v,M,ol,outlet
f82v,M,r,unmapped
f82v,M,aindar,reflux
f82v,M,qokeey,heat
f82v,M,r,unmapped
f82v,M,ain,unmapped
f82v,M,chey,unmapped
f82v,M,qolkain,heat
f82v,M,oky,heat
f82v,M,otaly,unmapped
f82v,M,qokal,heat
f82v,M,olshalsy,unmapped
f82v,M,sar,reflux
f82v,M,al,outlet
f82v,M,loraiin,medium
f82v,M,chey,unmapped
f82v,M,qokain,heat
f82v,M,o,unmapped
f82v,M,roiiin,unmapped
f82v,M,qody,heat
f82v,M,shar,reflux
f82v,M,ay,unmapped
f82v,M,qokchey,heat
f82v,M,kchey,unmapped
f82v,M,olkain,unmapped
f82v,M,opchedy,unmapped
f82v,M,qfol,outlet
f82v,M,shty,unmapped
f82v,M,oral,outlet
f82v,M,yckhey,unmapped
f82v,M,qokain,heat
f82v,M,cheky,unmapped
f82v,M,otaiin,medium
f82v,M,olor,reflux
f82v,M,okain,heat
f82v,M,qolkeey,heat
f82v,M,qotar,heat
f82v,M,olkain,unmapped
f82v,M,cthor,reflux
f82v,M,chey,unmapped
f82v,M,qsain,unmapped
f82v,M,qokeey,heat
f82v,M,qokain,heat
f82v,M,otain,unmapped
f82v,M,otal,outlet
f82v,M,okeedy,heat
f82v,M,qokal,heat
f82v,M,dym,drain
f82v,M,saiin,medium
f82v,M,shey,unmapped
f82v,M,qokeedy,heat
f82v,M,qokar,heat
f82v,M,sheecthey,unmapped
f82v,M,qokaiin,heat
f82v,M,daltedy,unmapped
f82v,M,rcheald,unmapped
f82v,M,sol,outlet
f82v,M,chey,unmapped
f82v,M,r,unmapped
f82v,M,alchey,unmapped
f82v,M,chol,outlet
f82v,M,olkol,outlet
f82v,M,chckhy,unmapped
f82v,M,dalchckhy,unmapped
f82v,M,olkain,unmapped
f82v,M,olkeeyr,unmapped
f82v,M,pcheol,outlet
f82v,M,shedy,retain
f82v,M,qokaiin,heat
f82v,M,sholdy,unmapped
f82v,M,olkeedy,unmapped
f82v,M,okalchy,heat
f82v,M,okain,heat
f82v,M,okaoky,heat
f82v,M,okedor,heat
f82v,M,okol,heat
f82v,M,okoldy,heat
f82v,M,olkol,outlet
f82v,M,otedol,outlet
f82v,M,oteedy,unmapped
f83r,M,tchedy,unmapped
f83r,M,lpchedy,unmapped
f83r,M,opedy,unmapped
f83r,M,chepol,outlet
f83r,M,pchedar,reflux
f83r,M,shedy,retain
f83r,M,qopchedy,heat
f83r,M,sol,outlet
f83r,M,cheey,unmapped
f83r,M,qokaiin,heat
f83r,M,shol,outlet
f83r,M,lchs,unmapped
f83r,M,shey,unmapped
f83r,M,qoteedy,heat
f83r,M,rches,unmapped
f83r,M,ar,reflux
f83r,M,chedy,unmapped
f83r,M,dor,reflux
f83r,M,olkeedy,unmapped
f83r,M,qotal,heat
f83r,M,chkeedy,unmapped
f83r,M,chey,unmapped
f83r,M,daiin,medium
f83r,M,chey,unmapped
f83r,M,lchedy,unmapped
f83r,M,qokaiin,heat
f83r,M,qotal,heat
f83r,M,dar,reflux
f83r,M,qokshedy,heat
f83r,M,chedy,unmapped
f83r,M,qokedy,heat
f83r,M,chkedy,unmapped
f83r,M,daiin,medium
f83r,M,shetar,reflux
f83r,M,shedy,retain
f83r,M,qekaiin,medium
f83r,M,chedy,unmapped
f83r,M,deey,unmapped
f83r,M,qotaiin,heat
f83r,M,checkhy,unmapped
f83r,M,qoty,heat
f83r,M,cheg,unmapped
f83r,M,shedy,retain
f83r,M,qokeey,heat
f83r,M,rchedy,unmapped
f83r,M,qoteedy,heat
f83r,M,lo,unmapped
f83r,M,schedy,unmapped
f83r,M,chedchy,unmapped
f83r,M,qokal,heat
f83r,M,olchedy,unmapped
f83r,M,qokaiin,heat
f83r,M,chedy,unmapped
f83r,M,qokeedy,heat
f83r,M,lchedy,unmapped
f83r,M,qoky,heat
f83r,M,solshed,unmapped
f83r,M,lsheedy,unmapped
f83r,M,qeeedy,unmapped
f83r,M,qoky,heat
f83r,M,o,unmapped
f83r,M,qol,heat
f83r,M,rsheedy,unmapped
f83r,M,qokedy,heat
f83r,M,qoteedy,heat
f83r,M,qoteedy,heat
f83r,M,pchedal,outlet
f83r,M,otedy,unmapped
f83r,M,shecthedchy,unmapped
f83r,M,qoky,heat
f83r,M,chedy,unmapped
f83r,M,chary,unmapped
f83r,M,pchor,reflux
f83r,M,checphedy,unmapped
f83r,M,qokedy,heat
f83r,M,lsheedy,unmapped
f83r,M,qokchdy,heat
f83r,M,r,unmapped
f83r,M,shedkedy,retain
f83r,M,qopshdy,heat
f83r,M,qopy,heat
f83r,M,olkeey,unmapped
f83r,M,rchs,unmapped
f83r,M,cheeb,unmapped
f83r,M,ols,unmapped
f83r,M,aiin,medium
f83r,M,skal,outlet
f83r,M,dain,unmapped
f83r,M,cthal,outlet
f83r,M,s,unmapped
f83r,M,aiin,medium
f83r,M,chky,unmapped
f83r,M,lal,outlet
f83r,M,sam,drain
f83r,M,sor,reflux
f83r,M,shedy,retain
f83r,M,qokaiin,heat
f83r,M,chkain,unmapped
f83r,M,shcthey,unmapped
f83r,M,qokedy,heat
f83r,M,okair,heat
f83r,M,sheedy,unmapped
f83r,M,lchedy,unmapped
f83r,M,lo,unmapped
f83r,M,qockhol,heat
f83r,M,sheckhy,unmapped
f83r,M,otal,outlet
f83r,M,qokeal,heat
f83r,M,sheckhdy,unmapped
f83r,M,al,outlet
f83r,M,okedy,heat
f83r,M,qokedy,heat
f83r,M,qokal,heat
f83r,M,salcheol,outlet
f83r,M,tar,reflux
f83r,M,shedy,retain
f83r,M,s,unmapped
f83r,M,altedy,unmapped
f83r,M,sair,unmapped
f83r,M,qokedy,heat
f83r,M,qedy,unmapped
f83r,M,lchcphedy,unmapped
f83r,M,ldar,reflux
f83r,M,qokchedy,heat
f83r,M,qokeedy,heat
f83r,M,shedy,retain
f83r,M,qokshedy,heat
f83r,M,dal,outlet
f83r,M,lchedy,unmapped
f83r,M,qokaiin,heat
f83r,M,shcthy,unmapped
f83r,M,dal,outlet
f83r,M,sy,unmapped
f83r,M,saiin,medium
f83r,M,shedal,retain
f83r,M,shecthy,unmapped
f83r,M,chey,unmapped
f83r,M,tal,outlet
f83r,M,shcthy,unmapped
f83r,M,dalchdy,unmapped
f83r,M,qotchedy,heat
f83r,M,lchedy,unmapped
f83r,M,tchedy,unmapped
f83r,M,qokchdy,heat
f83r,M,cheedar,reflux
f83r,M,chldaiin,medium
f83r,M,chedy,unmapped
f83r,M,qokain,heat
f83r,M,checthy,unmapped
f83r,M,chealror,reflux
f83r,M,dcheokedy,unmapped
f83r,M,lkeed,unmapped
f83r,M,shckhey,unmapped
f83r,M,ytaiin,medium
f83r,M,shechy,unmapped
f83r,M,schety,unmapped
f83r,M,pdalshdy,unmapped
f83r,M,shocphedy,unmapped
f83r,M,otor,reflux
f83r,M,shedy,retain
f83r,M,opshedy,unmapped
f83r,M,otshdy,unmapped
f83r,M,qokedol,heat
f83r,M,shdy,unmapped
f83r,M,soldy,unmapped
f83r,M,sar,reflux
f83r,M,shedaiin,retain
f83r,M,ockhey,unmapped
f83r,M,sain,unmapped
f83r,M,ched,unmapped
f83r,M,shedy,retain
f83r,M,qetal,outlet
f83r,M,dal,outlet
f83r,M,shedy,retain
f83r,M,shey,unmapped
f83r,M,lchedy,unmapped
f83r,M,solkeedy,unmapped
f83r,M,qoteedy,heat
f83r,M,qokeey,heat
f83r,M,qokedy,heat
f83r,M,sol,outlet
f83r,M,cheeety,unmapped
f83r,M,qokedy,heat
f83r,M,qoky,heat
f83r,M,saiin,medium
f83r,M,solkeedy,unmapped
f83r,M,qokedy,heat
f83r,M,otedy,unmapped
f83r,M,sol,outlet
f83r,M,chedy,unmapped
f83r,M,lkedy,unmapped
f83r,M,qokchedy,heat
f83r,M,qokedy,heat
f83r,M,chckhdy,unmapped
f83r,M,sar,reflux
f83r,M,schedair,unmapped
f83r,M,otchedy,unmapped
f83r,M,qokeedy,heat
f83r,M,chedain,unmapped
f83r,M,chedy,unmapped
f83r,M,qotedaiin,heat
f83r,M,otaiin,medium
f83r,M,otedy,unmapped
f83r,M,ldy,unmapped
f83r,M,tchedy,unmapped
f83r,M,qotedy,heat
f83r,M,qokal,heat
f83r,M,shedy,retain
f83r,M,qokedy,heat
f83r,M,shecthedy,unmapped
f83r,M,shecthy,unmapped
f83r,M,otor,reflux
f83r,M,chedy,unmapped
f83r,M,soiiin,unmapped
f83r,M,checthy,unmapped
f83r,M,chety,unmapped
f83r,M,otaiin,medium
f83r,M,olsaly,unmapped
f83r,M,shedy,retain
f83r,M,qokeedy,heat
f83r,M,qolchey,heat
f83r,M,qokeey,heat
f83r,M,qokedy,heat
f83r,M,chedy,unmapped
f83r,M,otal,outlet
f83r,M,otchey,unmapped
f83r,M,qokeey,heat
f83r,M,qoky,heat
f83r,M,tol,outlet
f83r,M,shedy,retain
f83r,M,qokylddy,heat
f83r,M,dain,unmapped
f83r,M,chedy,unmapped
f83r,M,qokeedy,heat
f83r,M,shckhedy,unmapped
f83r,M,shckhedy,unmapped
f83r,M,saiin,medium
f83r,M,cheeky,unmapped
f83r,M,sheey,unmapped
f83r,M,qokedy,heat
f83r,M,shedy,retain
f83r,M,oldy,unmapped
f83r,M,salche'dy,unmapped
f83r,M,cheey,unmapped
f83r,M,qody,heat
f83r,M,kesd,unmapped
f83r,M,oldy,unmapped
f83r,M,s,unmapped
f83r,M,okeedy,heat
f83r,M,qokeedy,heat
f83r,M,qoky,heat
f83r,M,saii,unmapped
f83r,M,techedy,unmapped
f83r,M,qotchedy,heat
f83r,M,okeedy,heat
f83r,M,ldy,unmapped
f83r,M,cheol,outlet
f83r,M,qokchedy,heat
f83r,M,lchedy,unmapped
f83r,M,qokey,heat
f83r,M,sy,unmapped
f83r,M,s,unmapped
f83r,M,aiin,medium
f83r,M,sheekchy,unmapped
f83r,M,qokey,heat
f83r,M,sain,unmapped
f83r,M,shky,unmapped
f83r,M,lchedy,unmapped
f83r,M,dolshed,unmapped
f83r,M,qokchy,heat
f83r,M,saiin,medium
f83r,M,cheky,unmapped
f83r,M,okeeol,heat
f83r,M,okain,heat
f83r,M,chdy,unmapped
f83r,M,sor,reflux
f83r,M,aiin,medium
f83r,M,shy,unmapped
f83r,M,shey,unmapped
f83r,M,lshedy,unmapped
f83r,M,qoky,heat
f83r,M,sol,outlet
f83r,M,lkedy,unmapped
f83r,M,lchedy,unmapped
f83r,M,qokol,heat
f83r,M,shedy,retain
f83r,M,or,reflux
f83r,M,chey,unmapped
f83r,M,qockhey,heat
f83r,M,dairydy,unmapped
f83r,M,qokain,heat
f83r,M,shey,unmapped
f83r,M,kain,unmapped
f83r,M,chckhal,outlet
f83r,M,solchedy,unmapped
f83r,M,olchedy,unmapped
f83r,M,chedaiin,medium
f83r,M,solkey,unmapped
f83r,M,lchedy,unmapped
f83r,M,qolkain,heat
f83r,M,dal,outlet
f83r,M,sol,outlet
f83r,M,ol,outlet
f83r,M,chcthdy,unmapped
f83r,M,l,unmapped
f83r,M,chedy,unmapped
f83r,M,lchdy,unmapped
f83r,M,daiin,medium
f83r,M,sheol,outlet
f83r,M,chedy,unmapped
f83r,M,qotal,heat
f83r,M,sar,reflux
f83r,M,skar,reflux
f83r,M,shedy,retain
f83r,M,chtorol,outlet
f83r,M,olsaiin,medium
f83r,M,otchdy,unmapped
f83r,M,qokchdy,heat
f83r,M,shedal,retain
f83r,M,dal,outlet
f83r,M,cheol,outlet
f83r,M,lol,outlet
f83r,M,chdal,outlet
f83r,M,aiin,medium
f83r,M,sol,outlet
f83r,M,daiiin,unmapped
f83r,M,chedy,unmapped
f83r,M,sasoldal,outlet
f83r,M,darolsy,unmapped
f83r,M,solkeey,unmapped
f83r,M,qekey,unmapped
f83r,M,raly,unmapped
f83r,M,ol,outlet
f83r,M,solchkal,outlet
f83r,M,cheol,outlet
f83r,M,qotar,heat
f83r,M,ol,outlet
f83r,M,daiin,medium
f83r,M,ol,outlet
f83r,M,dain,unmapped
f83r,M,chey,unmapped
f83r,M,ldalor,reflux
f83r,M,sol,outlet
f83r,M,rtain,unmapped
f83r,M,cthal,outlet
f83v,M,poldaky,unmapped
f83v,M,dalol,outlet
f83v,M,otedy,unmapped
f83v,M,chtair,unmapped
f83v,M,opchedy,unmapped
f83v,M,qotal,heat
f83v,M,chedy,unmapped
f83v,M,chepchedy,unmapped
f83v,M,opchey,unmapped
f83v,M,dol,outlet
f83v,M,shedy,retain
f83v,M,qokedy,heat
f83v,M,shedy,retain
f83v,M,qotedar,heat
f83v,M,checthedy,unmapped
f83v,M,qokedy,heat
f83v,M,qotal,heat
f83v,M,chey,unmapped
f83v,M,dar,reflux
f83v,M,qotain,heat
f83v,M,chcthy,unmapped
f83v,M,dal,outlet
f83v,M,olkedy,unmapped
f83v,M,shedy,retain
f83v,M,qotaldy,heat
f83v,M,qokaiin,heat
f83v,M,dair,unmapped
f83v,M,shedy,retain
f83v,M,oteey,unmapped
f83v,M,dain,unmapped
f83v,M,sheedy,unmapped
f83v,M,oteeody,unmapped
f83v,M,doldy,unmapped
f83v,M,qotedy,heat
f83v,M,qokeedy,heat
f83v,M,qokedar,heat
f83v,M,sheoldy,unmapped
f83v,M,qol,heat
f83v,M,oly,unmapped
f83v,M,qokal,heat
f83v,M,shedy,retain
f83v,M,qotain,heat
f83v,M,chedy,unmapped
f83v,M,chedol,outlet
f83v,M,daiin,medium
f83v,M,otaiin,medium
f83v,M,shedy,retain
f83v,M,qokeedy,heat
f83v,M,okaiin,heat
f83v,M,chedy,unmapped
f83v,M,qoteedy,heat
f83v,M,otalshedy,unmapped
f83v,M,sol,outlet
f83v,M,chl,unmapped
f83v,M,es,unmapped
f83v,M,okeol,heat
f83v,M,shedy,retain
f83v,M,qokolchedy,heat
f83v,M,qokal,heat
f83v,M,qokeey,heat
f83v,M,oteey,unmapped
f83v,M,qokalol,heat
f83v,M,chedy,unmapped
f83v,M,dy,unmapped
f83v,M,dol,outlet
f83v,M,qokal,heat
f83v,M,olkshedy,unmapped
f83v,M,qokeedy,heat
f83v,M,qokal,heat
f83v,M,rolkeedy,unmapped
f83v,M,qokaiin,heat
f83v,M,okaiin,heat
f83v,M,ched,unmapped
f83v,M,okchey,heat
f83v,M,ololary,unmapped
f83v,M,okarchy,heat
f83v,M,pchedar,reflux
f83v,M,shedal,retain
f83v,M,qokar,heat
f83v,M,shedal,retain
f83v,M,okchdy,heat
f83v,M,qokedy,heat
f83v,M,okail,heat
f83v,M,shedy,retain
f83v,M,qoky,heat
f83v,M,lsheg,unmapped
f83v,M,daiin,medium
f83v,M,shckhy,unmapped
f83v,M,qoeeo,heat
f83v,M,lldar,reflux
f83v,M,cheey,unmapped
f83v,M,qoal,heat
f83v,M,qokeedy,heat
f83v,M,olkar,reflux
f83v,M,sheedy,unmapped
f83v,M,qokain,heat
f83v,M,olal,outlet
f83v,M,qol,heat
f83v,M,chey,unmapped
f83v,M,qo,heat
f83v,M,lched,unmapped
f83v,M,qolky,heat
f83v,M,qokal,heat
f83v,M,chedy,unmapped
f83v,M,chedy,unmapped
f83v,M,daiin,medium
f83v,M,chckhy,unmapped
f83v,M,cheor,reflux
f83v,M,ol,outlet
f83v,M,lal,outlet
f83v,M,salched,unmapped
f83v,M,qol,heat
f83v,M,shedy,retain
f83v,M,qolchedy,heat
f83v,M,qolchdy,heat
f83v,M,qol,heat
f83v,M,rchedy,unmapped
f83v,M,cheol,outlet
f83v,M,qokeor,heat
f83v,M,sholdy,unmapped
f83v,M,qokaiin,heat
f83v,M,cheol,outlet
f83v,M,shey,unmapped
f83v,M,qokeey,heat
f83v,M,cheol,outlet
f83v,M,dal,outlet
f83v,M,cheeaiin,medium
f83v,M,olkeedy,unmapped
f83v,M,qokal,heat
f83v,M,chaloly,unmapped
f83v,M,daiin,medium
f83v,M,qokal,heat
f83v,M,sheckhey,unmapped
f83v,M,qokeey,heat
f83v,M,chal,outlet
f83v,M,qokeey,heat
f83v,M,qokaiin,heat
f83v,M,chedy,unmapped
f83v,M,sar,reflux
f83v,M,al,outlet
f83v,M,qokain,heat
f83v,M,cheeal,outlet
f83v,M,qokaiin,heat
f83v,M,sheol,outlet
f83v,M,qokear,heat
f83v,M,cheedy,unmapped
f83v,M,olcheey,unmapped
f83v,M,qokal,heat
f83v,M,qokay,heat
f83v,M,s,unmapped
f83v,M,olkeedy,unmapped
f83v,M,qokeedy,heat
f83v,M,qokeedy,heat
f83v,M,saiin,medium
f83v,M,okaiin,heat
f83v,M,chedy,unmapped
f83v,M,qokeedy,heat
f83v,M,qolkeedy,heat
f83v,M,qolchedy,heat
f83v,M,qolteedy,heat
f83v,M,qokeedy,heat
f83v,M,qokal,heat
f83v,M,okaiin,heat
f83v,M,chear,reflux
f83v,M,checkhy,unmapped
f83v,M,dal,outlet
f83v,M,checkhdy,unmapped
f83v,M,tocthey,unmapped
f83v,M,cheor,reflux
f83v,M,olol,outlet
f83v,M,cheol,outlet
f83v,M,tedy,unmapped
f83v,M,sheckhal,outlet
f83v,M,sheeckhy,unmapped
f83v,M,cheal,outlet
f83v,M,qokeed,heat
f83v,M,qokaiin,heat
f83v,M,sheolkain,unmapped
f83v,M,sheol,outlet
f83v,M,olkeedy,unmapped
f83v,M,l,unmapped
f83v,M,shedy,retain
f83v,M,char,reflux
f83v,M,qokar,heat
f83v,M,cheolkain,unmapped
f83v,M,shckhey,unmapped
f83v,M,qokal,heat
f83v,M,cheor,reflux
f83v,M,ols,unmapped
f83v,M,qol,heat
f83v,M,aiiin,unmapped
f83v,M,chckhedy,unmapped
f83v,M,sheol,outlet
f83v,M,qokaiin,heat
f83v,M,shckhy,unmapped
f83v,M,lchey,unmapped
f83v,M,ol,outlet
f83v,M,cheedy,unmapped
f83v,M,qokeedy,heat
f83v,M,qokain,heat
f83v,M,dalshal,outlet
f83v,M,shldy,unmapped
f83v,M,lor,reflux
f83v,M,y,unmapped
f83v,M,shey,unmapped
f83v,M,otechd,unmapped
f83v,M,ar,reflux
f83v,M,okol,heat
f83v,M,dal,outlet
f83v,M,shedy,retain
f83v,M,qokaly,heat
f83v,M,sal,outlet
f83v,M,chear,reflux
f83v,M,shey,unmapped
f83v,M,qokar,heat
f83v,M,shedy,retain
f83v,M,qokain,heat
f83v,M,ollchy,unmapped
f83v,M,dsheol,outlet
f83v,M,cheol,outlet
f83v,M,shedy,retain
f83v,M,qokaiin,heat
f83v,M,cheeky,unmapped
f83v,M,lols,unmapped
f83v,M,qol,heat
f83v,M,shol,outlet
f83v,M,cheedy,unmapped
f83v,M,qol,heat
f83v,M,oqo,unmapped
f83v,M,qokain,heat
f83v,M,olsheam,drain
f83v,M,ol,outlet
f83v,M,cheal,outlet
f83v,M,shedy,retain
f83v,M,chey,unmapped
f83v,M,tal,outlet
f83v,M,shedal,retain
f83v,M,dalshdy,unmapped
f83v,M,qokaiin,heat
f83v,M,chedy,unmapped
f83v,M,qokal,heat
f83v,M,otal,outlet
f83v,M,chedy,unmapped
f83v,M,qotals,heat
f83v,M,oychey,unmapped
f83v,M,qol,heat
f83v,M,qokal,heat
f83v,M,chedy,unmapped
f83v,M,qoty,heat
f83v,M,qol,heat
f83v,M,olain,unmapped
f83v,M,sheol,outlet
f83v,M,qo,heat
f83v,M,qokal,heat
f83v,M,sheol,outlet
f83v,M,shey,unmapped
f83v,M,opchey,unmapped
f83v,M,cthey,unmapped
f83v,M,oly,unmapped
f83v,M,okchdy,heat
f83v,M,okaiin,heat
f84r,M,ololal,outlet
f84r,M,or,reflux
f84r,M,shekar,reflux
f84r,M,ydy,unmapped
f84r,M,okedy,heat
f84r,M,loly,unmapped
f84r,M,doiir,unmapped
f84r,M,olshy,unmapped
f84r,M,otedy,unmapped
f84r,M,lkol,outlet
f84r,M,okolshy,heat
f84r,M,otoly,unmapped
f84r,M,dshedy,unmapped
f84r,M,kol,outlet
f84r,M,chedy,unmapped
f84r,M,qokeey,heat
f84r,M,otedy,unmapped
f84r,M,dytedy,unmapped
f84r,M,okeedy,heat
f84r,M,olshed,unmapped
f84r,M,opshed,unmapped
f84r,M,ykshedy,unmapped
f84r,M,qotedy,heat
f84r,M,opoly,unmapped
f84r,M,tol,outlet
f84r,M,or,reflux
f84r,M,sheey,unmapped
f84r,M,chckhdy,unmapped
f84r,M,schckhy,unmapped
f84r,M,dal,outlet
f84r,M,y,unmapped
f84r,M,shedy,retain
f84r,M,otedy,unmapped
f84r,M,qol,heat
f84r,M,or,reflux
f84r,M,ol,outlet
f84r,M,eedy,unmapped
f84r,M,qokeey,heat
f84r,M,or,reflux
f84r,M,oly,unmapped
f84r,M,qokeey,heat
f84r,M,dar,reflux
f84r,M,shedy,retain
f84r,M,qokedy,heat
f84r,M,qokeedy,heat
f84r,M,qokedy,heat
f84r,M,chedy,unmapped
f84r,M,okain,heat
f84r,M,chey,unmapped
f84r,M,qokedy,heat
f84r,M,dar,reflux
f84r,M,olardy,unmapped
f84r,M,tor,reflux
f84r,M,shedytedy,retain
f84r,M,o'l,unmapped
f84r,M,ol,outlet
f84r,M,cheol,outlet
f84r,M,shedy,retain
f84r,M,shckhy,unmapped
f84r,M,qokal,heat
f84r,M,olkedy,unmapped
f84r,M,pchol,outlet
f84r,M,cphol,outlet
f84r,M,sol,outlet
f84r,M,teol,outlet
f84r,M,tedy,unmapped
f84r,M,qotedy,heat
f84r,M,qokeedy,heat
f84r,M,qokeey,heat
f84r,M,ol,outlet
f84r,M,keedy,unmapped
f84r,M,teyqokedy,unmapped
f84r,M,qopor,heat
f84r,M,oly,unmapped
f84r,M,otchy,unmapped
f84r,M,olshedy,unmapped
f84r,M,qokedy,heat
f84r,M,shedy,retain
f84r,M,okedy,heat
f84r,M,shckhy,unmapped
f84r,M,chckhy,unmapped
f84r,M,olchey,unmapped
f84r,M,schey,unmapped
f84r,M,dal,outlet
f84r,M,chckhy,unmapped
f84r,M,ral,outlet
f84r,M,qokey,heat
f84r,M,sol,outlet
f84r,M,yqokain,unmapped
f84r,M,qolkeey,heat
f84r,M,qotedy,heat
f84r,M,qokain,heat
f84r,M,shedy,retain
f84r,M,salchedy,unmapped
f84r,M,psholpchcfhdy,unmapped
f84r,M,qokeedy,heat
f84r,M,dy,unmapped
f84r,M,qokedy,heat
f84r,M,daiin,medium
f84r,M,shckhedy,unmapped
f84r,M,qokaiin,heat
f84r,M,checthy,unmapped
f84r,M,dar,reflux
f84r,M,checthy,unmapped
f84r,M,am,drain
f84r,M,qokaiin,heat
f84r,M,chol,outlet
f84r,M,cheky,unmapped
f84r,M,okal,heat
f84r,M,y,unmapped
f84r,M,chey,unmapped
f84r,M,okal,heat
f84r,M,chedy,unmapped
f84r,M,tor,reflux
f84r,M,y,unmapped
f84r,M,otshedy,unmapped
f84r,M,qokey,heat
f84r,M,l,unmapped
f84r,M,shedy,retain
f84r,M,qotchsdy,heat
f84r,M,ykeedy,unmapped
f84r,M,qokal,heat
f84r,M,ol,outlet
f84r,M,shedy,retain
f84r,M,qokedy,heat
f84r,M,qokeedy,heat
f84r,M,qokeedy,heat
f84r,M,chedy,unmapped
f84r,M,raiin,medium
f84r,M,chey,unmapped
f84r,M,otar,reflux
f84r,M,dar,reflux
f84r,M,dar,reflux
f84r,M,sheor,reflux
f84r,M,shcthy,unmapped
f84r,M,qokeor,heat
f84r,M,qotedy,heat
f84r,M,rshedy,unmapped
f84r,M,qolchey,heat
f84r,M,oteey,unmapped
f84r,M,qol,heat
f84r,M,shedy,retain
f84r,M,ol,outlet
f84r,M,dain,unmapped
f84r,M,ol,outlet
f84r,M,or,reflux
f84r,M,pol,outlet
f84r,M,tar,reflux
f84r,M,shedy,retain
f84r,M,qokedy,heat
f84r,M,okal,heat
f84r,M,shey,unmapped
f84r,M,qokar,heat
f84r,M,chckhy,unmapped
f84r,M,otchey,unmapped
f84r,M,qokchedy,heat
f84r,M,chey,unmapped
f84r,M,qokaiin,heat
f84r,M,pchedy,unmapped
f84r,M,qotchedy,heat
f84r,M,otaiiin,unmapped
f84r,M,chcthy,unmapped
f84r,M,shedy,retain
f84r,M,otedy,unmapped
f84r,M,qoty,heat
f84r,M,qotedy,heat
f84r,M,ol,outlet
f84r,M,okedy,heat
f84r,M,otedy,unmapped
f84r,M,ram,drain
f84r,M,qotol,heat
f84r,M,shy,unmapped
f84r,M,oty,unmapped
f84r,M,dar,reflux
f84r,M,shcthy,unmapped
f84r,M,schdy,unmapped
f84r,M,qokeedy,heat
f84r,M,olkey,unmapped
f84r,M,palchd,unmapped
f84r,M,chedy,unmapped
f84r,M,shcthy,unmapped
f84r,M,olky,unmapped
f84r,M,dar,reflux
f84r,M,opalkaiin,medium
f84r,M,o,unmapped
f84r,M,qofchedy,heat
f84r,M,or,reflux
f84r,M,aiiin,unmapped
f84r,M,ofoly,unmapped
f84r,M,oroly,unmapped
f84r,M,sar,reflux
f84r,M,ol,outlet
f84r,M,olaiin,medium
f84r,M,y,unmapped
f84r,M,qol,heat
f84r,M,y,unmapped
f84r,M,qor,heat
f84r,M,or,reflux
f84r,M,ckhedy,unmapped
f84r,M,chkedy,unmapped
f84r,M,okain,heat
f84r,M,shedy,retain
f84r,M,qokolchedy,heat
f84r,M,olain,unmapped
f84r,M,qokeedy,heat
f84r,M,okeey,heat
f84r,M,dar,reflux
f84r,M,olchedy,unmapped
f84r,M,qsolkeedy,unmapped
f84r,M,rar,reflux
f84r,M,checkhy,unmapped
f84r,M,otar,reflux
f84r,M,chedy,unmapped
f84r,M,olchcthy,unmapped
f84r,M,lor,reflux
f84r,M,dchdy,unmapped
f84r,M,qokedy,heat
f84r,M,ol,outlet
f84r,M,chckhy,unmapped
f84r,M,olchdy,unmapped
f84r,M,sar,reflux
f84r,M,or,reflux
f84r,M,ykeedy,unmapped
f84r,M,chetey,unmapped
f84r,M,rain,unmapped
f84r,M,shedy,retain
f84r,M,shekam,drain
f84r,M,ykchdar,reflux
f84r,M,or,reflux
f84r,M,arar,reflux
f84r,M,shedy,retain
f84r,M,qokal,heat
f84r,M,daiin,medium
f84r,M,shedy,retain
f84r,M,olkedy,unmapped
f84r,M,qokedy,heat
f84r,M,qoky,heat
f84r,M,chedy,unmapped
f84r,M,daiin,medium
f84r,M,qotar,heat
f84r,M,ytedy,unmapped
f84r,M,tedy,unmapped
f84r,M,dar,reflux
f84r,M,olkedy,unmapped
f84r,M,qotedy,heat
f84r,M,shckhy,unmapped
f84r,M,chtol,outlet
f84r,M,tedy,unmapped
f84r,M,dar,reflux
f84r,M,or,reflux
f84r,M,oly,unmapped
f84r,M,shol,outlet
f84r,M,tchdy,unmapped
f84r,M,tedy,unmapped
f84r,M,ykain,unmapped
f84r,M,shey,unmapped
f84r,M,cheol,outlet
f84r,M,y,unmapped
f84r,M,tedy,unmapped
f84r,M,ol,outlet
f84r,M,kedy,unmapped
f84r,M,okedar,heat
f84r,M,ol,outlet
f84r,M,keed,unmapped
f84r,M,ol,outlet
f84r,M,ary,unmapped
f84r,M,dsheyteey,unmapped
f84r,M,sor,reflux
f84r,M,ol,outlet
f84r,M,shedy,retain
f84r,M,daraldy,unmapped
f84r,M,otedaiin,medium
f84r,M,shckhchy,unmapped
f84r,M,chckhy,unmapped
f84r,M,daiin,medium
f84r,M,aryly,unmapped
f84r,M,qokal,heat
f84r,M,daiin,medium
f84r,M,dain,unmapped
f84r,M,otey,unmapped
f84r,M,cheor,reflux
f84r,M,air,unmapped
f84r,M,shckhy,unmapped
f84r,M,or,reflux
f84r,M,air,unmapped
f84r,M,oro,unmapped
f84r,M,shey,unmapped
f84r,M,dar,reflux
f84r,M,shey,unmapped
f84r,M,dain,unmapped
f84r,M,aiin,medium
f84r,M,shedy,retain
f84r,M,orol,outlet
f84r,M,ykar,reflux
f84r,M,okedy,heat
f84r,M,qoky,heat
f84r,M,chedy,unmapped
f84r,M,okedar,heat
f84r,M,chey,unmapped
f84r,M,alol,outlet
f84r,M,qoteedy,heat
f84r,M,qokol,heat
f84r,M,otedy,unmapped
f84r,M,shedy,retain
f84r,M,qokeedy,heat
f84r,M,dal,outlet
f84r,M,ol,outlet
f84r,M,dam,drain
f84r,M,s,unmapped
f84r,M,or,reflux
f84r,M,olchdy,unmapped
f84r,M,lshedy,unmapped
f84r,M,qokchy,heat
f84r,M,dol,outlet
f84r,M,otedy,unmapped
f84r,M,ytchor,reflux
f84r,M,olky,unmapped
f84r,M,dshedy,unmapped
f84r,M,sheedy,unmapped
f84r,M,qokedy,heat
f84r,M,chedy,unmapped
f84r,M,teedy,unmapped
f84r,M,qokeedy,heat
f84r,M,qokeedy,heat
f84r,M,dkedy,unmapped
f84r,M,olshedy,unmapped
f84r,M,qokal,heat
f84r,M,shckhy,unmapped
f84r,M,olkeedy,unmapped
f84r,M,dsheedy,unmapped
f84r,M,oteedy,unmapped
f84r,M,qotar,heat
f84r,M,chekar,reflux
f84r,M,orshedy,unmapped
f84r,M,saiin,medium
f84r,M,okaiin,heat
f84r,M,otchdy,unmapped
f84r,M,qokain,heat
f84r,M,shedy,retain
f84r,M,qokeey,heat
f84r,M,qotedy,heat
f84r,M,qokain,heat
f84r,M,otchedy,unmapped
f84r,M,skeey,unmapped
f84r,M,rcheky,unmapped
f84r,M,dal,outlet
f84r,M,okeedy,heat
f84r,M,ykedy,unmapped
f84r,M,qotedy,heat
f84r,M,chcthy,unmapped
f84r,M,ol,outlet
f84r,M,chcthy,unmapped
f84r,M,dar,reflux
f84r,M,ar,reflux
f84r,M,ory,unmapped
f84r,M,yteolchedy,unmapped
f84r,M,qokor,heat
f84r,M,shekedy,unmapped
f84r,M,okedy,heat
f84r,M,y,unmapped
f84r,M,dam,drain
f84r,M,dchedy,unmapped
f84r,M,qokedy,heat
f84r,M,ar,reflux
f84r,M,oror,reflux
f84r,M,okedy,heat
f84r,M,okedy,heat
f84r,M,otaly,unmapped
f84v,M,otdy,unmapped
f84v,M,dar,reflux
f84v,M,chdy,unmapped
f84v,M,dar,reflux
f84v,M,oram,drain
f84v,M,soiin,unmapped
f84v,M,okeeey,heat
f84v,M,sol,outlet
f84v,M,okaly,heat
f84v,M,kor,reflux
f84v,M,shedy,retain
f84v,M,otedy,unmapped
f84v,M,qotedy,heat
f84v,M,otedar,reflux
f84v,M,cfhdarol,outlet
f84v,M,oteey,unmapped
f84v,M,qoteey,heat
f84v,M,okey,heat
f84v,M,chetain,unmapped
f84v,M,sheeky,unmapped
f84v,M,daiin,medium
f84v,M,al,outlet
f84v,M,qokeey,heat
f84v,M,oteedy,unmapped
f84v,M,shedy,retain
f84v,M,qokeed,heat
f84v,M,or,reflux
f84v,M,okeedy,heat
f84v,M,ry,unmapped
f84v,M,ykeedy,unmapped
f84v,M,qoeedy,heat
f84v,M,olkeey,unmapped
f84v,M,sheky,unmapped
f84v,M,qokeey,heat
f84v,M,poiin,unmapped
f84v,M,ol,outlet
f84v,M,kedy,unmapped
f84v,M,okedy,heat
f84v,M,qoky,heat
f84v,M,okchdy,heat
f84v,M,qokey,heat
f84v,M,qokedy,heat
f84v,M,okedy,heat
f84v,M,qokeedy,heat
f84v,M,okeedy,heat
f84v,M,shedy,retain
f84v,M,qoky,heat
f84v,M,eol,outlet
f84v,M,qolchey,heat
f84v,M,okeedy,heat
f84v,M,saiin,medium
f84v,M,okeedy,heat
f84v,M,chkeedy,unmapped
f84v,M,qoteed,heat
f84v,M,otedy,unmapped
f84v,M,sheedy,unmapped
f84v,M,qokeedy,heat
f84v,M,qoeedy,heat
f84v,M,okeedy,heat
f84v,M,dam,drain
f84v,M,edy,unmapped
f84v,M,qoeedy,heat
f84v,M,ol,outlet
f84v,M,cheey,unmapped
f84v,M,daiin,medium
f84v,M,chckhedy,unmapped
f84v,M,dain,unmapped
f84v,M,dy,unmapped
f84v,M,daiin,medium
f84v,M,qokees,heat
f84v,M,qokedy,heat
f84v,M,otedy,unmapped
f84v,M,shedy,retain
f84v,M,qokedy,heat
f84v,M,dol,outlet
f84v,M,olkeedy,unmapped
f84v,M,dol,outlet
f84v,M,teedam,drain
f84v,M,shedol,retain
f84v,M,chedy,unmapped
f84v,M,okedy,heat
f84v,M,otal,outlet
f84v,M,chckhedy,unmapped
f84v,M,qotedy,heat
f84v,M,dokedy,unmapped
f84v,M,dol,outlet
f84v,M,lkeey,unmapped
f84v,M,qokydy,heat
f84v,M,dshey,unmapped
f84v,M,olkeey,unmapped
f84v,M,dol,outlet
f84v,M,ol,outlet
f84v,M,otedy,unmapped
f84v,M,okedy,heat
f84v,M,okedy,heat
f84v,M,qokedy,heat
f84v,M,dal,outlet
f84v,M,dar,reflux
f84v,M,ol,outlet
f84v,M,chedy,unmapped
f84v,M,sain,unmapped
f84v,M,qokshedy,heat
f84v,M,qokeed,heat
f84v,M,y,unmapped
f84v,M,daiin,medium
f84v,M,checthy,unmapped
f84v,M,okal,heat
f84v,M,ol,outlet
f84v,M,kedy,unmapped
f84v,M,chedy,unmapped
f84v,M,dolkedy,unmapped
f84v,M,okedam,drain
f84v,M,soiiin,unmapped
f84v,M,ol,outlet
f84v,M,chedy,unmapped
f84v,M,qol,heat
f84v,M,tedy,unmapped
f84v,M,shey,unmapped
f84v,M,qokedy,heat
f84v,M,qokey,heat
f84v,M,dol,outlet
f84v,M,y,unmapped
f84v,M,ol,outlet
f84v,M,shedy,retain
f84v,M,qokedy,heat
f84v,M,qokeey,heat
f84v,M,otol,outlet
f84v,M,chedy,unmapped
f84v,M,daiin,medium
f84v,M,dol,outlet
f84v,M,sheedy,unmapped
f84v,M,chedy,unmapped
f84v,M,okedy,heat
f84v,M,r,unmapped
f84v,M,kchdy,unmapped
f84v,M,kol,outlet
f84v,M,koldy,unmapped
f84v,M,dsheey,unmapped
f84v,M,qokeedy,heat
f84v,M,ykedy,unmapped
f84v,M,qokor,heat
f84v,M,shedy,retain
f84v,M,qoky,heat
f84v,M,dol,outlet
f84v,M,shckhy,unmapped
f84v,M,qokain,heat
f84v,M,ol,outlet
f84v,M,koldy,unmapped
f84v,M,solkes,unmapped
f84v,M,olokar,reflux
f84v,M,sheky,unmapped
f84v,M,shkol,outlet
f84v,M,qokar,heat
f84v,M,chdy,unmapped
f84v,M,tal,outlet
f84v,M,shedy,retain
f84v,M,okar,heat
f84v,M,okedy,heat
f84v,M,shedy,retain
f84v,M,dy,unmapped
f84v,M,tolshy,unmapped
f84v,M,qoky,heat
f84v,M,qokedy,heat
f84v,M,shedy,retain
f84v,M,qoteedy,heat
f84v,M,pcholshedy,unmapped
f84v,M,shtol,outlet
f84v,M,okedy,heat
f84v,M,opcholor,reflux
f84v,M,kchdy,unmapped
f84v,M,ofched,unmapped
f84v,M,y,unmapped
f84v,M,r,unmapped
f84v,M,aiin,medium
f84v,M,cfheey,unmapped
f84v,M,ols,unmapped
f84v,M,oshey,unmapped
f84v,M,tedy,unmapped
f84v,M,okain,heat
f84v,M,shey,unmapped
f84v,M,qokedy,heat
f84v,M,kchdy,unmapped
f84v,M,okedy,heat
f84v,M,okey,heat
f84v,M,dy,unmapped
f84v,M,okedy,heat
f84v,M,olshdy,unmapped
f84v,M,qokeey,heat
f84v,M,olkaiin,medium
f84v,M,okol,heat
f84v,M,shedy,retain
f84v,M,cthy,unmapped
f84v,M,korol,outlet
f84v,M,oror,reflux
f84v,M,y,unmapped
f84v,M,cheey,unmapped
f84v,M,okeedy,heat
f84v,M,olkain,unmapped
f84v,M,olchey,unmapped
f84v,M,saiin,medium
f84v,M,oly,unmapped
f84v,M,qokain,heat
f84v,M,okain,heat
f84v,M,olol,outlet
f84v,M,okal,heat
f84v,M,chedy,unmapped
f84v,M,chedy,unmapped
f84v,M,ol,outlet
f84v,M,qokar,heat
f84v,M,shdy,unmapped
f84v,M,qol,heat
f84v,M,otedy,unmapped
f84v,M,olchedy,unmapped
f84v,M,y,unmapped
f84v,M,or,reflux
f84v,M,shedy,retain
f84v,M,qolkeedy,heat
f84v,M,olchedy,unmapped
f84v,M,olkal,outlet
f84v,M,dal,outlet
f84v,M,shedy,retain
f84v,M,qokedy,heat
f84v,M,shedy,retain
f84v,M,dain,unmapped
f84v,M,daiin,medium
f84v,M,sain,unmapped
f84v,M,shedy,retain
f84v,M,qokeey,heat
f84v,M,daiin,medium
f84v,M,okedy,heat
f84v,M,oldy,unmapped
f84v,M,qokey,heat
f84v,M,ol,outlet
f84v,M,keed,unmapped
f84v,M,qokedy,heat
f84v,M,qokey,heat
f84v,M,qokeoly,heat
f84v,M,chal,outlet
f84v,M,daiin,medium
f84v,M,otal,outlet
f84v,M,chdy,unmapped
f84v,M,otal,outlet
f84v,M,chckhor,reflux
f84v,M,aly,unmapped
f84v,M,qokedy,heat
f84v,M,shey,unmapped
f84v,M,kal,outlet
f84v,M,okedy,heat
f84v,M,yfchedy,unmapped
f84v,M,tedy,unmapped
f84v,M,lolor,reflux
f84v,M,shedy,retain
f84v,M,qokey,heat
f84v,M,qokedy,heat
f84v,M,chey,unmapped
f84v,M,dar,reflux
f84v,M,okey,heat
f84v,M,okeshy,heat
f84v,M,olchy,unmapped
f84v,M,qokain,heat
f84v,M,ol,outlet
f84v,M,chedy,unmapped
f84v,M,alchey,unmapped
f84v,M,s,unmapped
f84v,M,al,outlet
f84v,M,or,reflux
f84v,M,chdy,unmapped
f84v,M,dchey,unmapped
f84v,M,okey,heat
f84v,M,lchy,unmapped
f84v,M,shor,reflux
f84v,M,ol,outlet
f84v,M,okain,heat
f84v,M,shedy,retain
f84v,M,olshedy,unmapped
f84v,M,tol,outlet
f84v,M,okeedy,heat
f84v,M,chedy,unmapped
f84v,M,okedy,heat
f84v,M,lol,outlet
f84v,M,qokey,heat
f84v,M,sol,outlet
f84v,M,kedy,unmapped
f84v,M,okey,heat
f84v,M,lkain,unmapped
f84v,M,shey,unmapped
f84v,M,shes,unmapped
f84v,M,ol,outlet
f84v,M,shedy,retain
f84v,M,qokeey,heat
f84v,M,ror,reflux
f84v,M,chckhy,unmapped
f84v,M,qokaiin,heat
f84v,M,shey,unmapped
f84v,M,dain,unmapped
f84v,M,qokeey,heat
f84v,M,daiin,medium
f84v,M,okaiin,heat
f84v,M,qokal,heat
f84v,M,dys,unmapped
f84v,M,qokchey,heat
f84v,M,qokeedy,heat
f84v,M,okedy,heat
f84v,M,dolor,reflux
f84v,M,ol,outlet
f84v,M,chedy,unmapped
f84v,M,oteol,outlet
f84v,M,olol,outlet
f84v,M,lshedy,unmapped
f84v,M,qol,heat
f84v,M,aiin,medium
f84v,M,okey,heat
f84v,M,olchey,unmapped
f84v,M,lchey,unmapped
f84v,M,olshedy,unmapped
f84v,M,shckhy,unmapped
f84v,M,soly,unmapped
f84v,M,yteedar,reflux
f84v,M,olkeey,unmapped
f84v,M,olchey,unmapped
f84v,M,qokey,heat
f84v,M,lkeoldy,unmapped
f84v,M,daiin,medium
f84v,M,olkedy,unmapped
f84v,M,ykaiin,medium
f84v,M,sor,reflux
f84v,M,otes,unmapped
f84v,M,doltedy,unmapped
f84v,M,otol,outlet
f84v,M,chedy,unmapped
f84v,M,okar,heat
f84v,M,ydairol,outlet
f84v,M,ychckhy,unmapped
f84v,M,dshedy,unmapped
f84v,M,okchdy,heat
f84v,M,solchey,unmapped
f84v,M,dair,unmapped
f84v,M,oldy,unmapped
f84v,M,darchy,unmapped
f84v,M,yy,unmapped
f84v,M,ochedy,unmapped
f85r1,N,pdsheody,unmapped
f85r1,N,shdol,outlet
f85r1,N,shey,unmapped
f85r1,N,otchdy,unmapped
f85r1,N,dshedy,unmapped
f85r1,N,soeeedy,unmapped
f85r1,N,dchefoey,unmapped
f85r1,N,sair,unmapped
f85r1,N,shedy,retain
f85r1,N,sodair,unmapped
f85r1,N,shey,unmapped
f85r1,N,yoiin,unmapped
f85r1,N,cheey,unmapped
f85r1,N,qocthdy,heat
f85r1,N,otedy,unmapped
f85r1,N,dol,outlet
f85r1,N,ar,reflux
f85r1,N,aiin,medium
f85r1,N,okshd,heat
f85r1,N,okchedy,heat
f85r1,N,otedy,unmapped
f85r1,N,chckhdy,unmapped
f85r1,N,otam,drain
f85r1,N,tarar,reflux
f85r1,N,otedy,unmapped
f85r1,N,opcheey,unmapped
f85r1,N,ykdair,unmapped
f85r1,N,chy,unmapped
f85r1,N,qotedy,heat
f85r1,N,qokchdy,heat
f85r1,N,otedy,unmapped
f85r1,N,cheol,outlet
f85r1,N,saiin,medium
f85r1,N,otedam,drain
f85r1,N,odeedaiin,medium
f85r1,N,qokechy,heat
f85r1,N,daiin,medium
f85r1,N,chekchy,unmapped
f85r1,N,olshedy,unmapped
f85r1,N,qokeedy,heat
f85r1,N,doltshdy,unmapped
f85r1,N,otar,reflux
f85r1,N,otchdy,unmapped
f85r1,N,ols,unmapped
f85r1,N,tchedy,unmapped
f85r1,N,kchedy,unmapped
f85r1,N,qodaiin,heat
f85r1,N,olkeedy,unmapped
f85r1,N,oraiin,medium
f85r1,N,olshedy,unmapped
f85r1,N,okchy,heat
f85r1,N,kedy,unmapped
f85r1,N,tedy,unmapped
f85r1,N,tdam,drain
f85r1,N,roraiin,medium
f85r1,N,shey,unmapped
f85r1,N,pchey,unmapped
f85r1,N,qokeey,heat
f85r1,N,chor,reflux
f85r1,N,ol,outlet
f85r1,N,shedy,retain
f85r1,N,pchedy,unmapped
f85r1,N,oraiin,medium
f85r1,N,shefchdy,unmapped
f85r1,N,qopar,heat
f85r1,N,sheedy,unmapped
f85r1,N,qokedy,heat
f85r1,N,qotchedy,heat
f85r1,N,kchdar,reflux
f85r1,N,ypchdy,unmapped
f85r1,N,ldo,unmapped
f85r1,N,daiin,medium
f85r1,N,chckhdy,unmapped
f85r1,N,qotchdy,heat
f85r1,N,opchsd,unmapped
f85r1,N,qokchdy,heat
f85r1,N,otchy,unmapped
f85r1,N,qodal,heat
f85r1,N,daiin,medium
f85r1,N,dal,outlet
f85r1,N,shdar,reflux
f85r1,N,oram,drain
f85r1,N,tsheed,unmapped
f85r1,N,lchey,unmapped
f85r1,N,qokeshy,heat
f85r1,N,dair,unmapped
f85r1,N,shedar,retain
f85r1,N,sheol,outlet
f85r1,N,qo,heat
f85r1,N,ar,reflux
f85r1,N,chofchdy,unmapped
f85r1,N,qotdy,heat
f85r1,N,ofar,reflux
f85r1,N,dair,unmapped
f85r1,N,chotaiin,medium
f85r1,N,cheod,unmapped
f85r1,N,cheolkeedy,unmapped
f85r1,N,pdar,reflux
f85r1,N,ol,outlet
f85r1,N,shdair,unmapped
f85r1,N,qopcheedy,heat
f85r1,N,dal,outlet
f85r1,N,chdal,outlet
f85r1,N,chor,reflux
f85r1,N,shefshoro,unmapped
f85r1,N,raiin,medium
f85r1,N,dolor,reflux
f85r1,N,aiin,medium
f85r1,N,opakam,drain
f85r1,N,tdain,unmapped
f85r1,N,okeody,heat
f85r1,N,lchdy,unmapped
f85r1,N,lkor,reflux
f85r1,N,oeeseary,unmapped
f85r1,N,dar,reflux
f85r1,N,shedaiin,retain
f85r1,N,oto,unmapped
f85r1,N,daiin,medium
f85r1,N,dlar,reflux
f85r1,N,am,drain
f85r1,N,rsheodar,reflux
f85r1,N,qocthy,heat
f85r1,N,kar,reflux
f85r1,N,okaiin,heat
f85r1,N,ykeeeody,unmapped
f85r1,N,qotal,heat
f85r1,N,ol,outlet
f85r1,N,s,unmapped
f85r1,N,aiin,medium
f85r1,N,ol,outlet
f85r1,N,daldy,unmapped
f85r1,N,shody,unmapped
f85r1,N,daror,reflux
f85r1,N,sheedy,unmapped
f85r1,N,keody,unmapped
f85r1,N,oteody,unmapped
f85r1,N,s,unmapped
f85r1,N,ar,reflux
f85r1,N,aiin,medium
f85r1,N,cheedy,unmapped
f85r1,N,otaiin,medium
f85r1,N,dar,reflux
f85r1,N,al,outlet
f85r1,N,odaiiin,unmapped
f85r1,N,qokeeodaiin,heat
f85r1,N,chey,unmapped
f85r1,N,okaiin,heat
f85r1,N,okal,heat
f85r1,N,al,outlet
f85r1,N,dl,unmapped
f85r1,N,sheokey,unmapped
f85r1,N,cheokaiin,medium
f85r1,N,ol,outlet
f85r1,N,keeo,unmapped
f85r1,N,dal,outlet
f85r1,N,olky,unmapped
f85r1,N,shoiin,unmapped
f85r1,N,qokar,heat
f85r1,N,okar,heat
f85r1,N,y,unmapped
f85r1,N,cheey,unmapped
f85r1,N,polky,unmapped
f85r1,N,shey,unmapped
f85r1,N,olkedaiin,medium
f85r1,N,shor,reflux
f85r1,N,cphedy,unmapped
f85r1,N,dair,unmapped
f85r1,N,shy,unmapped
f85r1,N,opchey,unmapped
f85r1,N,shtor,reflux
f85r1,N,aiinsham,drain
f85r1,N,olkeey,unmapped
f85r1,N,otchey,unmapped
f85r1,N,qokedy,heat
f85r1,N,qodaiin,heat
f85r1,N,chy,unmapped
f85r1,N,checphey,unmapped
f85r1,N,otshey,unmapped
f85r1,N,qokshey,heat
f85r1,N,schdy,unmapped
f85r1,N,dam,drain
f85r1,N,okchy,heat
f85r1,N,okchdy,heat
f85r1,N,otchedy,unmapped
f85r1,N,dam,drain
f85r1,N,lam,drain
f85r1,N,pcheo,unmapped
f85r1,N,y,unmapped
f85r1,N,kshedy,unmapped
f85r1,N,qocphdy,heat
f85r1,N,qofol,heat
f85r1,N,shdaldy,unmapped
f85r1,N,dairar,reflux
f85r1,N,cheeteey,unmapped
f85r1,N,otchedy,unmapped
f85r1,N,qokchdy,heat
f85r1,N,dy,unmapped
f85r1,N,daiir,unmapped
f85r1,N,cheody,unmapped
f85r1,N,oraiin,medium
f85r1,N,ol,outlet
f85r1,N,okaiin,heat
f85r1,N,cheocthey,unmapped
f85r1,N,olor,reflux
f85r1,N,otedy,unmapped
f85r1,N,qotaiin,heat
f85r1,N,chor,reflux
f85r1,N,chedy,unmapped
f85r1,N,ydair,unmapped
f85r1,N,tar,reflux
f85r1,N,chedy,unmapped
f85r1,N,oraiin,medium
f85r1,N,ychedy,unmapped
f85r1,N,okedy,heat
f85r1,N,pchdaiin,medium
f85r1,N,shodaiin,medium
f85r1,N,shofshedy,unmapped
f85r1,N,yteody,unmapped
f85r1,N,ypar,reflux
f85r1,N,ches,unmapped
f85r1,N,aiin,medium
f85r1,N,chol,outlet
f85r1,N,dy,unmapped
f85r1,N,qopar,heat
f85r1,N,shetam,drain
f85r1,N,tedair,unmapped
f85r1,N,ykeedy,unmapped
f85r1,N,dain,unmapped
f85r1,N,cheedy,unmapped
f85r1,N,qokar,heat
f85r1,N,chedy,unmapped
f85r1,N,okar,heat
f85r1,N,sheekeey,unmapped
f85r1,N,qokedy,heat
f85r1,N,olchedy,unmapped
f85r1,N,schedaiir,unmapped
f85r1,N,oteody,unmapped
f85r1,N,chcthdy,unmapped
f85r1,N,qokaiin,heat
f85r1,N,ykchedy,unmapped
f85r1,N,pchdair,unmapped
f85r1,N,or,reflux
f85r1,N,shshdar,reflux
f85r1,N,qopchedy,heat
f85r1,N,opchdy,unmapped
f85r1,N,qofchdy,heat
f85r1,N,dar,reflux
f85r1,N,s,unmapped
f85r1,N,aiin,medium
f85r1,N,chcphdy,unmapped
f85r1,N,dar,reflux
f85r1,N,or,reflux
f85r1,N,daiin,medium
f85r1,N,ychedy,unmapped
f85r1,N,shetshdy,unmapped
f85r1,N,qotar,heat
f85r1,N,okedy,heat
f85r1,N,qokal,heat
f85r1,N,saiin,medium
f85r1,N,ol,outlet
f85r1,N,karar,reflux
f85r1,N,odeeeg,unmapped
f85r1,N,kchedar,reflux
f85r1,N,yteol,outlet
f85r1,N,okchdy,heat
f85r1,N,qekedy,unmapped
f85r1,N,otor,reflux
f85r1,N,odor,reflux
f85r1,N,ar,reflux
f85r1,N,chedy,unmapped
f85r1,N,otechdy,unmapped
f85r1,N,dal,outlet
f85r1,N,cphedy,unmapped
f85r1,N,oees,unmapped
f85r1,N,aiin,medium
f85r1,N,ol,outlet
f85r1,N,keeody,unmapped
f85r1,N,or,reflux
f85r1,N,s,unmapped
f85r1,N,cheey,unmapped
f85r1,N,qokchdy,heat
f85r1,N,qotol,heat
f85r1,N,okar,heat
f85r1,N,otar,reflux
f85r1,N,otchy,unmapped
f85r1,N,okam,drain
f85r1,N,dorchdy,unmapped
f85r1,N,oraiin,medium
f85r1,N,okeder,heat
f85r1,N,chcthy,unmapped
f85r1,N,okedy,heat
f85r1,N,chdy,unmapped
f85r1,N,chdy,unmapped
f85r1,N,otal,outlet
f85r1,N,otchdy,unmapped
f85r1,N,otalom,unmapped
f85r1,N,podaiin,medium
f85r1,N,shdar,reflux
f85r1,N,ypchdar,reflux
f85r1,N,dar,reflux
f85r1,N,ypchdy,unmapped
f85r1,N,qopol,heat
f85r1,N,dar,reflux
f85r1,N,keshar,reflux
f85r1,N,dchdal,outlet
f85r1,N,chol,outlet
f85r1,N,air,unmapped
f85r1,N,y,unmapped
f85r1,N,ytor,reflux
f85r1,N,chol,outlet
f85r1,N,shdy,unmapped
f85r1,N,tody,unmapped
f85r1,N,qotchdy,heat
f85r1,N,otchol,outlet
f85r1,N,chees,unmapped
f85r1,N,or,reflux
f85r1,N,eeodaiin,medium
f85r1,N,or,reflux
f85r1,N,aral,outlet
f85r1,N,olkam,drain
f85r1,N,raraiiin,unmapped
f85r1,N,shey,unmapped
f85r1,N,osaiin,medium
f85r1,N,otar,reflux
f85r1,N,ytar,reflux
f85r1,N,otedy,unmapped
f85r1,N,or,reflux
f85r1,N,aiin,medium
f85r1,N,otar,reflux
f85r1,N,olar,reflux
f85r1,N,olkeedy,unmapped
f85r1,N,ysheedy,unmapped
f85r1,N,ksheey,unmapped
f85r1,N,qokor,heat
f85r1,N,or,reflux
f85r1,N,chod,unmapped
f85r1,N,lkchedy,unmapped
f85r1,N,qotody,heat
f85r1,N,qokar,heat
f85r1,N,shty,unmapped
f85r1,N,otarar,reflux
f85r1,N,s,unmapped
f85r1,N,ar,reflux
f85r1,N,chedar,reflux
f85r1,N,olpchdy,unmapped
f85r1,N,otol,outlet
f85r1,N,otchedy,unmapped
f85r2,N,odeedy,unmapped
f85r2,N,otedy,unmapped
f85r2,N,opaees,unmapped
f85r2,N,ar,reflux
f85r2,N,chcthy,unmapped
f85r2,N,otchdy,unmapped
f85r2,N,otody,unmapped
f85r2,N,otar,reflux
f85r2,N,chepaiin,medium
f85r2,N,otodar,reflux
f85r2,N,otodaiin,medium
f85r2,N,opaiin,medium
f85r2,N,otaiin,medium
f85r2,N,qopchas,heat
f85r2,N,otchedy,unmapped
f85r2,N,olkaiin,medium
f85r2,N,odar,reflux
f85r2,N,aloees,unmapped
f85r2,N,otchedy,unmapped
f85r2,N,qotedaiin,heat
f85r2,N,odar,reflux
f85r2,N,octhody,unmapped
f85r2,N,shedaiin,retain
f85r2,N,olaiin,medium
f85r2,N,olfor,reflux
f85r2,N,daiin,medium
f85r2,N,ol,outlet
f85r2,N,lkechch,unmapped
f85r2,N,os,unmapped
f85r2,N,aiin,medium
f85r2,N,oteedy,unmapped
f85r2,N,dar,reflux
f85r2,N,otees,unmapped
f85r2,N,opaiin,medium
f85r2,N,chcphdar,reflux
f85r2,N,sain,unmapped
f85r2,N,or,reflux
f85r2,N,or,reflux
f85r2,N,aiin,medium
f85r2,N,opchdy,unmapped
f85r2,N,qotor,heat
f85r2,N,sheedy,unmapped
f85r2,N,shodaiin,medium
f85r2,N,olfar,reflux
f85r2,N,ary,unmapped
f85r2,N,dair,unmapped
f85r2,N,sheo,unmapped
f85r2,N,oraiin,medium
f85r2,N,chol,outlet
f85r2,N,daiin,medium
f85r2,N,ockhdar,reflux
f85r2,N,olkar,reflux
f85r2,N,shoral,outlet
f85r2,N,roseer,unmapped
f85r2,N,pchedeey,unmapped
f85r2,N,olkey,unmapped
f85r2,N,qokedy,heat
f85r2,N,sheos,unmapped
f85r2,N,fcheey,unmapped
f85r2,N,otchedy,unmapped
f85r2,N,chotey,unmapped
f85r2,N,qocthey,heat
f85r2,N,oteey,unmapped
f85r2,N,ol,outlet
f85r2,N,oloqorain,unmapped
f85r2,N,daiin,medium
f85r2,N,qotaiin,heat
f85r2,N,tchedy,unmapped
f85r2,N,otedy,unmapped
f85r2,N,qotchdy,heat
f85r2,N,chckhey,unmapped
f85r2,N,ytchedy,unmapped
f85r2,N,qodar,heat
f85r2,N,qotedar,heat
f85r2,N,qokar,heat
f85r2,N,qotchd,heat
f85r2,N,qotom,heat
f85r2,N,soiis,unmapped
f85r2,N,aiin,medium
f85r2,N,shedaiin,retain
f85r2,N,chokm,drain
f85r2,N,otchs,unmapped
f85r2,N,shedor,retain
f85r2,N,chey,unmapped
f85r2,N,sorain,unmapped
f85r2,N,or,reflux
f85r2,N,shedy,retain
f85r2,N,tedy,unmapped
f85r2,N,sodaiiin,unmapped
f85r2,N,chy,unmapped
f85r2,N,ytedar,reflux
f85r2,N,chzs,unmapped
f85r2,N,aiin,medium
f85r2,N,arody,unmapped
f85r2,N,ypshedy,unmapped
f85r2,N,dar,reflux
f85r2,N,chedy,unmapped
f85r2,N,or,reflux
f85r2,N,am,drain
f85r2,N,oteey,unmapped
f85r2,N,qodaiin,heat
f85r2,N,odain,unmapped
f85r2,N,an,unmapped
f85r2,N,chey,unmapped
f85r2,N,orar,reflux
f85r2,N,oldar,reflux
f85r2,N,ain,unmapped
f85r2,N,okees,heat
f85r2,N,olaiin,medium
f85r2,N,qokal,heat
f85r2,N,chdy,unmapped
f85r2,N,sary,unmapped
f85r2,N,qokshedy,heat
f85r2,N,qodain,heat
f85r2,N,chckhy,unmapped
f85r2,N,ykeedy,unmapped
f85r2,N,chedy,unmapped
f85r2,N,or,reflux
f85r2,N,aiin,medium
f85r2,N,ckheda,unmapped
f85r2,N,or,reflux
f85r2,N,ain,unmapped
f85r2,N,olchey,unmapped
f85r2,N,qokal,heat
f85r2,N,shedy,retain
f85r2,N,qokeody,heat
f85r2,N,qoekedy,heat
f85r2,N,dody,unmapped
f85r2,N,shedy,retain
f85r2,N,qodaiin,heat
f85r2,N,los,unmapped
f85r2,N,ar,reflux
f85r2,N,shedy,retain
f85r2,N,qokshey,heat
f85r2,N,qosey,heat
f85r2,N,or,reflux
f85r2,N,aiin,medium
f85r2,N,og,unmapped
f85r2,N,ol,outlet
f85r2,N,lcheol,outlet
f85r2,N,chol,outlet
f85r2,N,ol,outlet
f85r2,N,sheoly,unmapped
f85r2,N,okees,heat
f85r2,N,ochar,reflux
f85r2,N,otedor,reflux
f85r2,N,ochedy,unmapped
f85r2,N,otody,unmapped
f85r2,N,olchedy,unmapped
f85r2,N,oteedo,unmapped
f85r2,N,ar,reflux
f85r2,N,or,reflux
f85r2,N,airol,outlet
f85r2,N,otees,unmapped
f85r2,N,ar,reflux
f85r2,N,aram,drain
fros,N,saeeasa,unmapped
fros,N,oto,unmapped
fros,N,tosaes,unmapped
fros,N,adar,reflux
fros,N,otar,reflux
fros,N,otes,unmapped
fros,N,okaiin,heat
fros,N,dal,outlet
fros,N,al,outlet
fros,N,chdar,reflux
fros,N,otdar,reflux
fros,N,chefchs,unmapped
fros,N,okor,heat
fros,N,ol,outlet
fros,N,om,unmapped
fros,N,olkeeodaiin,medium
fros,N,shol,outlet
fros,N,okal,heat
fros,N,orshees,unmapped
fros,N,qoeey,heat
fros,N,okalol,heat
fros,N,otodr,unmapped
fros,N,ochs,unmapped
fros,N,ar,reflux
fros,N,ol,outlet
fros,N,oqokam,drain
fros,N,oteed,unmapped
fros,N,oteedy,unmapped
fros,N,okedy,heat
fros,N,lraiin,medium
fros,N,or,reflux
fros,N,aiin,medium
fros,N,okor,heat
fros,N,okeedy,heat
fros,N,ofain,unmapped
fros,N,ain,unmapped
fros,N,ych,unmapped
fros,N,ais,unmapped
fros,N,ydekam,drain
fros,N,darchedy,unmapped
fros,N,otochedy,unmapped
fros,N,sy,unmapped
fros,N,soeedoy,unmapped
fros,N,olal,outlet
fros,N,dchor,reflux
fros,N,orary,unmapped
fros,N,sairojam,drain
fros,N,okchdarar,heat
fros,N,soiindy,unmapped
fros,N,ytedar,reflux
fros,N,ddsschx,unmapped
fros,N,daldar,reflux
fros,N,ofardy,unmapped
fros,N,orarol,outlet
fros,N,daldal,outlet
fros,N,daraldy,unmapped
fros,N,sais,unmapped
fros,N,od,unmapped
fros,N,r,unmapped
fros,N,ar,reflux
fros,N,or,reflux
fros,N,okal,heat
fros,N,okal,heat
fros,N,or,reflux
fros,N,alal,outlet
fros,N,ykal,outlet
fros,N,ol,outlet
fros,N,ar,reflux
fros,N,ol,outlet
fros,N,al,outlet
fros,N,ol,outlet
fros,N,al,outlet
fros,N,lor,reflux
fros,N,okan,heat
fros,N,okod,heat
fros,N,oked,heat
fros,N,okeo,heat
fros,N,ldy,unmapped
fros,N,opashs,unmapped
fros,N,otedy,unmapped
fros,N,chedchs,unmapped
fros,N,sheekedy,unmapped
fros,N,odal,outlet
fros,N,shd,unmapped
fros,N,olkeedy,unmapped
fros,N,yky,unmapped
fros,N,kaiir,unmapped
fros,N,okchdy,heat
fros,N,otol,outlet
fros,N,ar,reflux
fros,N,y,unmapped
fros,N,aiin,medium
fros,N,aiir,unmapped
fros,N,oeal,outlet
fros,N,okchdy,heat
fros,N,oly,unmapped
fros,N,okain,heat
fros,N,olkaiin,medium
fros,N,ody,unmapped
fros,N,oko,heat
fros,N,daiiny,unmapped
fros,N,doy,unmapped
fros,N,okedy,heat
fros,N,okary,heat
fros,N,opain,unmapped
fros,N,opar,reflux
fros,N,adairy,unmapped
fros,N,dxar,reflux
fros,N,okory,heat
fros,N,opokchosody,unmapped
fros,N,adashgasain,unmapped
fros,N,cfair,unmapped
fros,N,ooly,unmapped
fros,N,okody,heat
fros,N,okos,heat
fros,N,or,reflux
fros,N,air,unmapped
fros,N,u,unmapped
fros,N,oteoteedy,unmapped
fros,N,otos,unmapped
fros,N,otedar,reflux
fros,N,ches,unmapped
fros,N,okodainol,heat
fros,N,ykedy,unmapped
fros,N,eedor,reflux
fros,N,tchdaiin,medium
fros,N,sy,unmapped
fros,N,sarald,unmapped
fros,N,todar,reflux
fros,N,chkar,reflux
fros,N,odair,unmapped
fros,N,or,reflux
fros,N,oal,outlet
fros,N,okchdy,heat
fros,N,seedy,unmapped
fros,N,oteedy,unmapped
fros,N,ykchda,unmapped
fros,N,cheky,unmapped
fros,N,o,unmapped
fros,N,aiin,medium
fros,N,okees,heat
fros,N,olar,reflux
fros,N,or,reflux
fros,N,ykeedy,unmapped
fros,N,okeo,heat
fros,N,lodaiin,medium
fros,N,or,reflux
fros,N,olaiiin,unmapped
fros,N,olar,reflux
fros,N,oochs,unmapped
fros,N,octhey,unmapped
fros,N,osar,reflux
fros,N,aram,drain
fros,N,arkeeody,unmapped
fros,N,ochdor,reflux
fros,N,ol,outlet
fros,N,oekairy,unmapped
fros,N,ytodaro,unmapped
fros,N,opalshy,unmapped
fros,N,or,reflux
fros,N,arodar,reflux
fros,N,ykodar,reflux
fros,N,ykodar,reflux
fros,N,ykary,unmapped
fros,N,opalxy,unmapped
fros,N,opoor,reflux
fros,N,daly,unmapped
fros,N,okas,heat
fros,N,oedady,unmapped
fros,N,kechy,unmapped
fros,N,qolchedar,heat
fros,N,ar,reflux
fros,N,otedy,unmapped
fros,N,chdaiin,medium
fros,N,oty,unmapped
fros,N,osal,outlet
fros,N,eey,unmapped
fros,N,okor,heat
fros,N,sarchcphdy,unmapped
fros,N,otchdy,unmapped
fros,N,otoldy,unmapped
fros,N,ofchedaiin,medium
fros,N,osar,reflux
fros,N,otar,reflux
fros,N,otodeedy,unmapped
fros,N,oty,unmapped
fros,N,daiin,medium
fros,N,sheor,reflux
fros,N,oar,reflux
fros,N,otedy,unmapped
fros,N,qotedy,heat
fros,N,oteey,unmapped
fros,N,otoraiin,medium
fros,N,chekadr,unmapped
fros,N,ol,outlet
fros,N,aiin,medium
fros,N,okedal,heat
fros,N,olor,reflux
fros,N,opoiiral,outlet
fros,N,eeealky,unmapped
fros,N,ytar,reflux
fros,N,qokeo,heat
fros,N,l,unmapped
fros,N,tched,unmapped
fros,N,oiin,unmapped
fros,N,oteedaiin,medium
fros,N,odal,outlet
fros,N,cheky,unmapped
fros,N,otchdor,reflux
fros,N,or,reflux
fros,N,olkoaiin,medium
fros,N,okal,heat
fros,N,o,unmapped
fros,N,laiin,medium
fros,N,otedal,outlet
fros,N,opaiin,medium
fros,N,o,unmapped
fros,N,otchdy,unmapped
fros,N,okchy,heat
fros,N,chkeedy,unmapped
fros,N,opairar,reflux
fros,N,odeey,unmapped
fros,N,okody,heat
fros,N,depcheky,unmapped
fros,N,otch,unmapped
fros,N,osy,unmapped
fros,N,odl,unmapped
fros,N,d,unmapped
fros,N,dy,unmapped
fros,N,oteey,unmapped
fros,N,otor,reflux
fros,N,os,unmapped
fros,N,om,unmapped
fros,N,araiin,medium
fros,N,okeody,heat
fros,N,okar,heat
fros,N,odsheedy,unmapped
fros,N,odaiin,medium
fros,N,okchdy,heat
fros,N,okar,heat
fros,N,shor,reflux
fros,N,okaiin,heat
fros,N,daiin,medium
fros,N,ofair,unmapped
fros,N,oly,unmapped
fros,N,olkair,unmapped
fros,N,odal,outlet
fros,N,olkalor,reflux
fros,N,olor,reflux
fros,N,s,unmapped
fros,N,y,unmapped
fros,N,o,unmapped
fros,N,d,unmapped
fros,N,esha,unmapped
fros,N,x,unmapped
fros,N,k,unmapped
fros,N,r,unmapped
fros,N,olar,reflux
fros,N,oteedaiin,medium
fros,N,otes,unmapped
fros,N,ar,reflux
fros,N,yqos,unmapped
fros,N,aiiin,unmapped
fros,N,ol,outlet
fros,N,qotody,heat
fros,N,ol,outlet
fros,N,oir,unmapped
fros,N,or,reflux
fros,N,oroa,unmapped
fros,N,oteeedy,unmapped
fros,N,okal,heat
fros,N,okodar,heat
fros,N,otshe,unmapped
fros,N,okody,heat
fros,N,otedy,unmapped
fros,N,chdar,reflux
fros,N,o',unmapped
fros,N,oteedy,unmapped
fros,N,opy,unmapped
fros,N,odal,outlet
fros,N,shdy,unmapped
fros,N,opchees,unmapped
fros,N,opar,reflux
fros,N,daral,outlet
fros,N,otdodar,reflux
fros,N,oedy,unmapped
fros,N,soshxor,reflux
fros,N,arar,reflux
fros,N,otedain,unmapped
fros,N,otedy,unmapped
fros,N,ytedar,reflux
fros,N,ary,unmapped
fros,N,opchedaiin,medium
fros,N,ols,unmapped
fros,N,ypal,outlet
fros,N,opydsh,unmapped
fros,N,rshy,unmapped
fros,N,olz,unmapped
fros,N,dtedg,unmapped
fros,N,opy,unmapped
fros,N,ofdaj,unmapped
fros,N,ddary,unmapped
fros,N,otody,unmapped
fros,N,dairdy,unmapped
fros,N,rody,unmapped
fros,N,yke,unmapped
fros,N,okees,heat
fros,N,olchedy,unmapped
fros,N,okal,heat
fros,N,y,unmapped
fros,N,dol,outlet
fros,N,otodar,reflux
fros,N,shekal,outlet
fros,N,olkar,reflux
fros,N,cheykar,reflux
fros,N,shal,outlet
fros,N,qokal,heat
fros,N,okchr,heat
fros,N,otar,reflux
fros,N,otody,unmapped
fros,N,otody,unmapped
fros,N,otody,unmapped
fros,N,otas,unmapped
fros,N,chfol,outlet
fros,N,okshy,heat
fros,N,okem,heat
fros,N,okar,heat
fros,N,ar,reflux
fros,N,okedy,heat
fros,N,okedy,heat
fros,N,okchedy,heat
fros,N,eeekchedy,unmapped
fros,N,ofchdor,reflux
fros,N,qotchdy,heat
fros,N,kar,reflux
fros,N,chdar,reflux
fros,N,chekolko,unmapped
fros,N,ofary,unmapped
fros,N,okady,heat
fros,N,okchdy,heat
fros,N,kary,unmapped
fros,N,oraiin,medium
fros,N,eey,unmapped
fros,N,opodchdal,outlet
fros,N,darchdy,unmapped
fros,N,otchdaiin,medium
fros,N,otodar,reflux
fros,N,otedar,reflux
fros,N,otar,reflux
fros,N,odaiin,medium
fros,N,olkaiin,medium
fros,N,otl,unmapped
fros,N,xasashe,unmapped
fros,N,ol,outlet
fros,N,ar,reflux
fros,N,ae,unmapped
fros,N,chedaiin,medium
fros,N,ockhedy,unmapped
fros,N,sheda,retain
fros,N,otody,unmapped
fros,N,okedal,heat
fros,N,d,unmapped
fros,N,or,reflux
fros,N,aiin,medium
fros,N,otody,unmapped
fros,N,toor,reflux
fros,N,chepar,reflux
fros,N,ol,outlet
fros,N,chckhy,unmapped
fros,N,opchdar,reflux
fros,N,o,unmapped
fros,N,r,unmapped
fros,N,a,unmapped
fros,N,r,unmapped
fros,N,al,outlet
fros,N,xar,reflux
fros,N,opor,reflux
fros,N,olchedy,unmapped
fros,N,okalm,drain
fros,N,or,reflux
fros,N,afalairidy,unmapped
fros,N,okaramal,heat
fros,N,opchdy,unmapped
fros,N,ofdoram,drain
fros,N,oda,unmapped
fros,N,ofchdar,reflux
fros,N,otedam,drain
fros,N,lokedshs,unmapped
fros,N,otodar,reflux
fros,N,otedaiin,medium
fros,N,okedy,heat
fros,N,xoltedy,unmapped
fros,N,opchdam,drain
fros,N,otedy,unmapped
fros,N,oporam,drain
fros,N,otchdy,unmapped
fros,N,otody,unmapped
fros,N,chdain,unmapped
fros,N,otedy,unmapped
fros,N,opaefchdy,unmapped
fros,N,sar,reflux
fros,N,odaiin,medium
fros,N,or,reflux
fros,N,o,unmapped
fros,N,dar,reflux
fros,N,aiird,unmapped
fros,N,oteoly,unmapped
fros,N,ofodady,unmapped
fros,N,opdady,unmapped
fros,N,otodey,unmapped
fros,N,otodedy,unmapped
fros,N,opchdain,unmapped
fros,N,otdar,reflux
fros,N,shed,retain
fros,N,okedar,heat
fros,N,okody,heat
fros,N,okair,heat
fros,N,chedy,unmapped
fros,N,opar,reflux
fros,N,ol,outlet
fros,N,keeedy,unmapped
fros,N,s,unmapped
fros,N,ar,reflux
fros,N,olkchedy,unmapped
fros,N,otedaiin,medium
fros,N,olky,unmapped
fros,N,or,reflux
fros,N,aiin,medium
fros,N,ody,unmapped
fros,N,osain,unmapped
fros,N,xdar,reflux
fros,N,odaiin,medium
fros,N,okedal,heat
fros,N,ol,outlet
fros,N,ar,reflux
fros,N,oekaiin,medium
fros,N,al,outlet
fros,N,o,unmapped
fros,N,saldan,unmapped
fros,N,oteedy,unmapped
fros,N,otchdaiin,medium
fros,N,otedy,unmapped
fros,N,otar,reflux
fros,N,aiin,medium
fros,N,yky,unmapped
fros,N,odaiin,medium
fros,N,okal,heat
fros,N,okalar,heat
fros,N,ofaraiin,medium
fros,N,okolar,heat
fros,N,okchdy,heat
fros,N,ykedy,unmapped
fros,N,oteedy,unmapped
fros,N,otosaiin,medium
fros,N,otchdam,drain
fros,N,otedy,unmapped
fros,N,okar,heat
fros,N,lashalg,unmapped
fros,N,ok,heat
fros,N,ar,reflux
fros,N,ar,reflux
fros,N,okary,heat
fros,N,otodeed,unmapped
fros,N,odar,reflux
fros,N,chekaiin,medium
fros,N,oees,unmapped
fros,N,oiin,unmapped
fros,N,okees,heat
fros,N,oiir,unmapped
fros,N,odaiin,medium
fros,N,okalol,heat
fros,N,aiiin,unmapped
fros,N,okal,heat
fros,N,ol,outlet
fros,N,otar,reflux
fros,N,chchdam,drain
fros,N,chetey,unmapped
fros,N,otodches,unmapped
fros,N,oteesey,unmapped
fros,N,chckhy,unmapped
fros,N,otody,unmapped
fros,N,otal,outlet
fros,N,chedal,outlet
fros,N,opal,outlet
fros,N,olkar,reflux
fros,N,okedaiin,heat
fros,N,oror,reflux
fros,N,oalda,unmapped
fros,N,osaram,drain
fros,N,oparodam,drain
fros,N,otam,drain
fros,N,opchody,unmapped
fros,N,oteey,unmapped
fros,N,opar,reflux
fros,N,chepchey,unmapped
fros,N,oteedy,unmapped
fros,N,olaiin,medium
fros,N,osshy,unmapped
fros,N,tol,outlet
fros,N,ofar,reflux
fros,N,chefaiin,medium
fros,N,ol,outlet
fros,N,okchy,heat
fros,N,qokedy,heat
fros,N,qokedy,heat
fros,N,tol,outlet
fros,N,teoor,reflux
fros,N,o,unmapped
fros,N,l,unmapped
fros,N,chekor,reflux
fros,N,okar,heat
fros,N,olchety,unmapped
fros,N,daiin,medium
fros,N,okdy,heat
fros,N,qokcho,heat
fros,N,chfady,unmapped
fros,N,oro,unmapped
fros,N,okeechy,heat
fros,N,okol,heat
fros,N,sheeo,unmapped
fros,N,tolfchd,unmapped
fros,N,saiir,unmapped
fros,N,shodaiin,medium
fros,N,dor,reflux
fros,N,oky,heat
fros,N,roo,unmapped
fros,N,otol,outlet
fros,N,ardas,unmapped
fros,N,l,unmapped
fros,N,chdy,unmapped
fros,N,oparod,unmapped
fros,N,shckhdy,unmapped
fros,N,tshda,unmapped
fros,N,opchd,unmapped
fros,N,opchdy,unmapped
fros,N,qokal,heat
fros,N,shet,unmapped
fros,N,opchsy,unmapped
fros,N,cheky,unmapped
f86v4,N,opos,unmapped
f86v4,N,os,unmapped
f86v4,N,sheody,unmapped
f86v4,N,pchar,reflux
f86v4,N,odsheo,unmapped
f86v4,N,qody,heat
f86v4,N,cheepchdy,unmapped
f86v4,N,lpchedy,unmapped
f86v4,N,olkar,reflux
f86v4,N,shdar,reflux
f86v4,N,dchdor,reflux
f86v4,N,qopcher,heat
f86v4,N,ches,unmapped
f86v4,N,os,unmapped
f86v4,N,eeedar,reflux
f86v4,N,odaiin,medium
f86v4,N,pcheodar,reflux
f86v4,N,chdair,unmapped
f86v4,N,orarorchy,unmapped
f86v4,N,shar,reflux
f86v4,N,opchsey,unmapped
f86v4,N,otedy,unmapped
f86v4,N,chy,unmapped
f86v4,N,chedy,unmapped
f86v4,N,sarshed,unmapped
f86v4,N,odar,reflux
f86v4,N,sheey,unmapped
f86v4,N,scheor,reflux
f86v4,N,al,outlet
f86v4,N,cheefar,reflux
f86v4,N,shetchy,unmapped
f86v4,N,qoteol,heat
f86v4,N,otor,reflux
f86v4,N,shar,reflux
f86v4,N,qoteshy,heat
f86v4,N,do,unmapped
f86v4,N,ofor,reflux
f86v4,N,arar,reflux
f86v4,N,dl,unmapped
f86v4,N,oeeey,unmapped
f86v4,N,o,unmapped
f86v4,N,daiin,medium
f86v4,N,otedaiin,medium
f86v4,N,otedy,unmapped
f86v4,N,oteey,unmapped
f86v4,N,chedaiin,medium
f86v4,N,octhedy,unmapped
f86v4,N,chy,unmapped
f86v4,N,shedaiin,retain
f86v4,N,chotaiin,medium
f86v4,N,oraiin,medium
f86v4,N,otodeee,unmapped
f86v4,N,ar,reflux
f86v4,N,yteeody,unmapped
f86v4,N,oteedaraiin,medium
f86v4,N,shedaiin,retain
f86v4,N,chdar,reflux
f86v4,N,shedy,retain
f86v4,N,qotedaiin,heat
f86v4,N,chedy,unmapped
f86v4,N,tchdy,unmapped
f86v4,N,chetdy,unmapped
f86v4,N,chedy,unmapped
f86v4,N,qotar,heat
f86v4,N,chedy,unmapped
f86v4,N,chckhy,unmapped
f86v4,N,daiin,medium
f86v4,N,otedy,unmapped
f86v4,N,seeedy,unmapped
f86v4,N,yteey,unmapped
f86v4,N,sam,drain
f86v4,N,tchey,unmapped
f86v4,N,dair,unmapped
f86v4,N,alody,unmapped
f86v4,N,shes,unmapped
f86v4,N,qeeor,reflux
f86v4,N,or,reflux
f86v4,N,odarchdy,unmapped
f86v4,N,chdy,unmapped
f86v4,N,orcheos,unmapped
f86v4,N,os,unmapped
f86v4,N,ain,unmapped
f86v4,N,or,reflux
f86v4,N,oteed,unmapped
f86v4,N,chedees,unmapped
f86v4,N,oteedy,unmapped
f86v4,N,qoty,heat
f86v4,N,otedy,unmapped
f86v4,N,shedy,retain
f86v4,N,otedy,unmapped
f86v4,N,dar,reflux
f86v4,N,shd,unmapped
f86v4,N,shy,unmapped
f86v4,N,y,unmapped
f86v4,N,schdy,unmapped
f86v4,N,chdeedy,unmapped
f86v4,N,dodar,reflux
f86v4,N,oiin,unmapped
f86v4,N,or,reflux
f86v4,N,oiin,unmapped
f86v4,N,sar,reflux
f86v4,N,orchedy,unmapped
f86v4,N,qotchdy,heat
f86v4,N,dchdes,unmapped
f86v4,N,ar,reflux
f86v4,N,sheody,unmapped
f86v4,N,opcho,unmapped
f86v4,N,fcheom,unmapped
f86v4,N,pchedar,reflux
f86v4,N,ar,reflux
f86v4,N,oor,reflux
f86v4,N,otees,unmapped
f86v4,N,oes,unmapped
f86v4,N,aiir,unmapped
f86v4,N,olkeor,reflux
f86v4,N,dar,reflux
f86v4,N,ain,unmapped
f86v4,N,desy,unmapped
f86v4,N,doeedey,unmapped
f86v4,N,opchedy,unmapped
f86v4,N,shedaiin,retain
f86v4,N,dar,reflux
f86v4,N,otedy,unmapped
f86v4,N,dain,unmapped
f86v4,N,otey,unmapped
f86v4,N,dam,drain
f86v4,N,otedy,unmapped
f86v4,N,daiin,medium
f86v4,N,chocthy,unmapped
f86v4,N,dtedair,unmapped
f86v4,N,chody,unmapped
f86v4,N,sheos,unmapped
f86v4,N,otedos,unmapped
f86v4,N,qokechy,heat
f86v4,N,pchdeedy,unmapped
f86v4,N,dan,unmapped
f86v4,N,ol,outlet
f86v4,N,dol,outlet
f86v4,N,oty,unmapped
f86v4,N,sho,unmapped
f86v4,N,pol,outlet
f86v4,N,otoldyl,unmapped
f86v4,N,pcheodar,reflux
f86v4,N,oedy,unmapped
f86v4,N,qokeol,heat
f86v4,N,qoeol,heat
f86v4,N,oqokeol,outlet
f86v4,N,dar,reflux
f86v4,N,ol,outlet
f86v4,N,olair,unmapped
f86v4,N,am,drain
f86v4,N,ycheoltar,reflux
f86v4,N,ol,outlet
f86v4,N,ol,outlet
f86v4,N,sheey,unmapped
f86v4,N,qokey,heat
f86v4,N,or,reflux
f86v4,N,aiin,medium
f86v4,N,sheeor,reflux
f86v4,N,sar,reflux
f86v4,N,al,outlet
f86v4,N,ol,outlet
f86v4,N,sheey,unmapped
f86v4,N,qockheey,heat
f86v4,N,tol,outlet
f86v4,N,sh,unmapped
f86v4,N,s,unmapped
f86v4,N,or,reflux
f86v4,N,aiin,medium
f86v4,N,ol,outlet
f86v4,N,keeod,unmapped
f86v4,N,lcheody,unmapped
f86v4,N,okedy,heat
f86v4,N,qokeody,heat
f86v4,N,qoain,heat
f86v4,N,a,unmapped
f86v4,N,daiin,medium
f86v4,N,ol,outlet
f86v4,N,keedy,unmapped
f86v4,N,otar,reflux
f86v4,N,olshedy,unmapped
f86v4,N,okol,heat
f86v4,N,aiin,medium
f86v4,N,okal,heat
f86v4,N,cheockhy,unmapped
f86v4,N,shoy,unmapped
f86v4,N,daiin,medium
f86v4,N,dar,reflux
f86v4,N,oleey,unmapped
f86v4,N,ol,outlet
f86v4,N,yy,unmapped
f86v6,N,pcheypchdar,reflux
f86v6,N,opory,unmapped
f86v6,N,ches,unmapped
f86v6,N,aiin,medium
f86v6,N,ofy,unmapped
f86v6,N,chedy,unmapped
f86v6,N,otedalol,outlet
f86v6,N,orairody,unmapped
f86v6,N,qotchdaiin,heat
f86v6,N,qopy,heat
f86v6,N,ochody,unmapped
f86v6,N,chol,outlet
f86v6,N,chey,unmapped
f86v6,N,qotchdy,heat
f86v6,N,kchdy,unmapped
f86v6,N,qopchd,heat
f86v6,N,chpchy,unmapped
f86v6,N,qopchy,heat
f86v6,N,qoky,heat
f86v6,N,chedy,unmapped
f86v6,N,qokol,heat
f86v6,N,lray,unmapped
f86v6,N,qolchy,heat
f86v6,N,olkeedy,unmapped
f86v6,N,chdal,outlet
f86v6,N,chedy,unmapped
f86v6,N,chor,reflux
f86v6,N,ar,reflux
f86v6,N,arody,unmapped
f86v6,N,qokchdy,heat
f86v6,N,chdal,outlet
f86v6,N,okar,heat
f86v6,N,chdy,unmapped
f86v6,N,otaiin,medium
f86v6,N,dshor,reflux
f86v6,N,shdy,unmapped
f86v6,N,shor,reflux
f86v6,N,ol,outlet
f86v6,N,aiin,medium
f86v6,N,olkeedy,unmapped
f86v6,N,shdal,outlet
f86v6,N,oteor,reflux
f86v6,N,chdar,reflux
f86v6,N,l,unmapped
f86v6,N,karchees,unmapped
f86v6,N,olkar,reflux
f86v6,N,dalam,drain
f86v6,N,tar,reflux
f86v6,N,lol,outlet
f86v6,N,chol,outlet
f86v6,N,olkar,reflux
f86v6,N,daiin,medium
f86v6,N,chear,reflux
f86v6,N,or,reflux
f86v6,N,otshey,unmapped
f86v6,N,qokar,heat
f86v6,N,opchey,unmapped
f86v6,N,taiky,unmapped
f86v6,N,qotar,heat
f86v6,N,daiin,medium
f86v6,N,sheol,outlet
f86v6,N,keear,reflux
f86v6,N,or,reflux
f86v6,N,chedy,unmapped
f86v6,N,ar,reflux
f86v6,N,sheeeb,unmapped
f86v6,N,qotain,heat
f86v6,N,odaiin,medium
f86v6,N,olkeshar,reflux
f86v6,N,qokar,heat
f86v6,N,or,reflux
f86v6,N,qokaiin,heat
f86v6,N,y,unmapped
f86v6,N,lchedor,reflux
f86v6,N,or,reflux
f86v6,N,aiin,medium
f86v6,N,ol,outlet
f86v6,N,or,reflux
f86v6,N,olkal,outlet
f86v6,N,or,reflux
f86v6,N,shedy,retain
f86v6,N,qokal,heat
f86v6,N,s,unmapped
f86v6,N,ar,reflux
f86v6,N,archey,unmapped
f86v6,N,dy,unmapped
f86v6,N,ykaiin,medium
f86v6,N,odaiin,medium
f86v6,N,chal,outlet
f86v6,N,sair,unmapped
f86v6,N,ytar,reflux
f86v6,N,chody,unmapped
f86v6,N,ldaly,unmapped
f86v6,N,chdal,outlet
f86v6,N,ykchedy,unmapped
f86v6,N,ltchedy,unmapped
f86v6,N,dar,reflux
f86v6,N,dshor,reflux
f86v6,N,ykaiin,medium
f86v6,N,dar,reflux
f86v6,N,sheey,unmapped
f86v6,N,qokol,heat
f86v6,N,cheol,outlet
f86v6,N,otar,reflux
f86v6,N,ar,reflux
f86v6,N,aiiin,unmapped
f86v6,N,qoteeos,heat
f86v6,N,aiin,medium
f86v6,N,sarar,reflux
f86v6,N,ykaiin,medium
f86v6,N,soldam,drain
f86v6,N,sheol,outlet
f86v6,N,qckhy,unmapped
f86v6,N,dalor,reflux
f86v6,N,olaiin,medium
f86v6,N,olkaiin,medium
f86v6,N,qodar,heat
f86v6,N,oy,unmapped
f86v6,N,qokaiin,heat
f86v6,N,olkeey,unmapped
f86v6,N,qokeor,heat
f86v6,N,or,reflux
f86v6,N,cheeaiin,medium
f86v6,N,yteedy,unmapped
f86v6,N,qoko,heat
f86v6,N,lchdol,outlet
f86v6,N,or,reflux
f86v6,N,chcphar,reflux
f86v6,N,ar,reflux
f86v6,N,ykeealor,reflux
f86v6,N,qokal,heat
f86v6,N,otar,reflux
f86v6,N,ykairolky,unmapped
f86v6,N,oly,unmapped
f86v6,N,qopaiin,heat
f86v6,N,yfchdy,unmapped
f86v6,N,cpholkaiin,medium
f86v6,N,cholfchy,unmapped
f86v6,N,qopar,heat
f86v6,N,aroiiin,unmapped
f86v6,N,opchedy,unmapped
f86v6,N,opoly,unmapped
f86v6,N,ykchy,unmapped
f86v6,N,cholkaiin,medium
f86v6,N,chey,unmapped
f86v6,N,ykeedy,unmapped
f86v6,N,okal,heat
f86v6,N,or,reflux
f86v6,N,chcfhy,unmapped
f86v6,N,lkey,unmapped
f86v6,N,okar,heat
f86v6,N,dar,reflux
f86v6,N,ol,outlet
f86v6,N,ain,unmapped
f86v6,N,shol,outlet
f86v6,N,shotaiin,medium
f86v6,N,shckhor,reflux
f86v6,N,olaiin,medium
f86v6,N,chdy,unmapped
f86v6,N,qokain,heat
f86v6,N,odaiiin,unmapped
f86v6,N,cheor,reflux
f86v6,N,ol,outlet
f86v6,N,kaiin,medium
f86v6,N,chey,unmapped
f86v6,N,taiin,medium
f86v6,N,okaiin,heat
f86v6,N,qokaiin,heat
f86v6,N,ykeey,unmapped
f86v6,N,otain,unmapped
f86v6,N,chey,unmapped
f86v6,N,okam,drain
f86v6,N,qokar,heat
f86v6,N,qokain,heat
f86v6,N,okaiin,heat
f86v6,N,par,reflux
f86v6,N,or,reflux
f86v6,N,aiin,medium
f86v6,N,dar,reflux
f86v6,N,aiiin,unmapped
f86v6,N,qckhear,reflux
f86v6,N,shoy,unmapped
f86v6,N,qotedy,heat
f86v6,N,opchdy,unmapped
f86v6,N,olain,unmapped
f86v6,N,ar,reflux
f86v6,N,alkar,reflux
f86v6,N,am,drain
f86v6,N,ytaiin,medium
f86v6,N,ytair,unmapped
f86v6,N,dalol,outlet
f86v6,N,ytal,outlet
f86v6,N,dar,reflux
f86v6,N,aiiin,unmapped
f86v6,N,chol,outlet
f86v6,N,olkchey,unmapped
f86v6,N,lkar,reflux
f86v6,N,otal,outlet
f86v6,N,qotardam,drain
f86v6,N,pol,outlet
f86v6,N,sheopchey,unmapped
f86v6,N,pchecfhey,unmapped
f86v6,N,or,reflux
f86v6,N,aiiin,unmapped
f86v6,N,qokaiin,heat
f86v6,N,cholkar,reflux
f86v6,N,pdaiiiy,unmapped
f86v6,N,otol,outlet
f86v6,N,podaiin,medium
f86v6,N,ocphey,unmapped
f86v6,N,opchor,reflux
f86v6,N,olkshed,unmapped
f86v6,N,qofod,heat
f86v6,N,opdaiin,medium
f86v6,N,odar,reflux
f86v6,N,dairody,unmapped
f86v6,N,oreeey,unmapped
f86v6,N,lkeeor,reflux
f86v6,N,daiin,medium
f86v6,N,olteody,unmapped
f86v6,N,tar,reflux
f86v6,N,otyteeodaiin,medium
f86v6,N,yty,unmapped
f86v6,N,sheey,unmapped
f86v6,N,tar,reflux
f86v6,N,ar,reflux
f86v6,N,am,drain
f86v6,N,ody,unmapped
f86v6,N,lshechy,unmapped
f86v6,N,tshy,unmapped
f86v6,N,qokeedy,heat
f86v6,N,kain,unmapped
f86v6,N,ytaiin,medium
f86v6,N,chees,unmapped
f86v6,N,tairoar,reflux
f86v6,N,qotar,heat
f86v6,N,tay,unmapped
f86v6,N,d,unmapped
f86v6,N,amom,unmapped
f86v6,N,qokar,heat
f86v6,N,olkedy,unmapped
f86v6,N,otor,reflux
f86v6,N,chedy,unmapped
f86v6,N,qokar,heat
f86v6,N,opchedy,unmapped
f86v6,N,dar,reflux
f86v6,N,ykar,reflux
f86v6,N,ar,reflux
f86v6,N,dair,unmapped
f86v6,N,ain,unmapped
f86v6,N,ol,outlet
f86v6,N,keodar,reflux
f86v6,N,chey,unmapped
f86v6,N,keody,unmapped
f86v6,N,choty,unmapped
f86v6,N,dal,outlet
f86v6,N,ody,unmapped
f86v6,N,qokeedy,heat
f86v6,N,pchedy,unmapped
f86v6,N,ytshy,unmapped
f86v6,N,tody,unmapped
f86v6,N,dal,outlet
f86v6,N,tchedy,unmapped
f86v6,N,qokar,heat
f86v6,N,oly,unmapped
f86v6,N,yteedy,unmapped
f86v6,N,qokar,heat
f86v6,N,olkar,reflux
f86v6,N,qodar,heat
f86v6,N,ykaiin,medium
f86v6,N,or,reflux
f86v6,N,okeeeey,heat
f86v6,N,ofchedy,unmapped
f86v6,N,qokaiin,heat
f86v6,N,araram,drain
f86v6,N,saiin,medium
f86v6,N,shor,reflux
f86v6,N,shekaiin,medium
f86v6,N,chedy,unmapped
f86v6,N,cholkeog,unmapped
f86v6,N,qokchy,heat
f86v6,N,orchcthy,unmapped
f86v6,N,olteedydar,reflux
f86v6,N,otar,reflux
f86v6,N,aim,unmapped
f86v6,N,alshdr,unmapped
f86v6,N,lkar,reflux
f86v6,N,dal,outlet
f86v6,N,kshd,unmapped
f86v6,N,shdar,reflux
f86v6,N,shedy,retain
f86v6,N,qody,heat
f86v6,N,sheey,unmapped
f86v6,N,qotedy,heat
f86v6,N,olkeey,unmapped
f86v6,N,qokchdy,heat
f86v6,N,ramshy,unmapped
f86v6,N,qokaiin,heat
f86v6,N,qokar,heat
f86v6,N,okar,heat
f86v6,N,qotar,heat
f86v6,N,lor,reflux
f86v6,N,qokchdy,heat
f86v6,N,dar,reflux
f86v6,N,shey,unmapped
f86v6,N,d,unmapped
f86v6,N,y,unmapped
f86v6,N,tshedy,unmapped
f86v6,N,qotol,heat
f86v6,N,dytshy,unmapped
f86v6,N,dy,unmapped
f86v6,N,dchedy,unmapped
f86v6,N,chcthdy,unmapped
f86v6,N,shol,outlet
f86v6,N,oky,heat
f86v6,N,ytaiin,medium
f86v6,N,ykaiin,medium
f86v6,N,chedy,unmapped
f86v6,N,dy,unmapped
f86v6,N,dal,outlet
f86v6,N,shdaiin,medium
f86v6,N,polkeey,unmapped
f86v6,N,tshed,unmapped
f86v6,N,qopchey,heat
f86v6,N,paroiin,unmapped
f86v6,N,chefchy,unmapped
f86v6,N,qopar,heat
f86v6,N,qopchedy,heat
f86v6,N,qopydaiin,heat
f86v6,N,qopary,heat
f86v6,N,dair,unmapped
f86v6,N,chepy,unmapped
f86v6,N,qokaiin,heat
f86v6,N,olkar,reflux
f86v6,N,olkchdy,unmapped
f86v6,N,okar,heat
f86v6,N,al,outlet
f86v6,N,dar,reflux
f86v6,N,olkchey,unmapped
f86v6,N,otytam,drain
f86v6,N,orom,unmapped
f86v6,N,qokeey,heat
f86v6,N,qoeear,heat
f86v6,N,chsey,unmapped
f86v6,N,oky,heat
f86v6,N,qokar,heat
f86v6,N,or,reflux
f86v6,N,chey,unmapped
f86v6,N,qotar,heat
f86v6,N,ol,outlet
f86v6,N,kchedy,unmapped
f86v6,N,qokaiin,heat
f86v6,N,am,drain
f86v6,N,dar,reflux
f86v6,N,olkaiin,medium
f86v6,N,ydy,unmapped
f86v6,N,lkchedy,unmapped
f86v6,N,okeeeykeey,heat
f86v6,N,dl,unmapped
f86v6,N,ld,unmapped
f86v6,N,lo,unmapped
f86v6,N,l,unmapped
f86v6,N,sheey,unmapped
f86v6,N,qokshey,heat
f86v6,N,taiin,medium
f86v6,N,g,unmapped
f86v6,N,soraiin,medium
f86v6,N,ar,reflux
f86v6,N,shey,unmapped
f86v6,N,qoteody,heat
f86v6,N,or,reflux
f86v6,N,aiiin,unmapped
f86v6,N,oeey,unmapped
f86v6,N,ldaiiin,unmapped
f86v6,N,or,reflux
f86v6,N,oro,unmapped
f86v6,N,ol,outlet
f86v6,N,kaiiin,unmapped
f86v6,N,sar,reflux
f86v6,N,aiin,medium
f86v6,N,otar,reflux
f86v6,N,cheody,unmapped
f86v6,N,qotaiin,heat
f86v6,N,qokaiin,heat
f86v6,N,ol,outlet
f86v6,N,tey,unmapped
f86v6,N,qokaiin,heat
f86v6,N,okar,heat
f86v6,N,ol,outlet
f86v6,N,dairal,outlet
f86v6,N,daiin,medium
f86v6,N,qokar,heat
f86v6,N,chol,outlet
f86v6,N,tal,outlet
f86v6,N,cthdy,unmapped
f86v6,N,qokeey,heat
f86v6,N,lkaiin,medium
f86v6,N,olkaiin,medium
f86v6,N,araiin,medium
f86v6,N,lshar,reflux
f86v6,N,okar,heat
f86v6,N,qoeedy,heat
f86v6,N,qotar,heat
f86v6,N,otal,outlet
f86v6,N,olky,unmapped
f86v6,N,qokal,heat
f86v6,N,ol,outlet
f86v6,N,kaiin,medium
f86v6,N,octhear,reflux
f86v6,N,lo,unmapped
f86v6,N,poiin,unmapped
f86v6,N,otal,outlet
f86v6,N,kal,outlet
f86v6,N,toror,reflux
f86v6,N,olaiin,medium
f86v6,N,okeockhey,heat
f86v6,N,olkeey,unmapped
f86v6,N,qoedy,heat
f86v6,N,lkaiin,medium
f86v6,N,oltam,drain
f86v6,N,y,unmapped
f86v6,N,aiin,medium
f86v6,N,dar,reflux
f86v6,N,otol,outlet
f86v6,N,qokain,heat
f86v6,N,qoky,heat
f86v6,N,lkor,reflux
f86v6,N,dal,outlet
f86v6,N,oraiin,medium
f86v6,N,cheoty,unmapped
f86v6,N,qotaiin,heat
f86v6,N,olkam,drain
f86v6,N,daiin,medium
f86v6,N,ar,reflux
f86v6,N,qotal,heat
f86v6,N,tshdy,unmapped
f86v6,N,otar,reflux
f86v6,N,shcthdy,unmapped
f86v6,N,qokol,heat
f86v6,N,chotal,outlet
f86v6,N,kar,reflux
f86v6,N,ol,outlet
f86v6,N,kar,reflux
f86v6,N,alky,unmapped
f86v6,N,qokaiin,heat
f86v6,N,octhy,unmapped
f86v6,N,oltchey,unmapped
f86v6,N,qotal,heat
f86v6,N,lkalol,outlet
f86v6,N,sheol,outlet
f86v6,N,qotaiin,heat
f86v6,N,ytain,unmapped
f86v6,N,ytody,unmapped
f86v6,N,otaiin,medium
f86v6,N,qokain,heat
f86v6,N,otal,outlet
f86v6,N,otal,outlet
f86v6,N,lt,unmapped
f86v6,N,al,outlet
f86v6,N,lkar,reflux
f86v6,N,chdy,unmapped
f86v6,N,qotol,heat
f86v6,N,qokain,heat
f86v6,N,qokaiin,heat
f86v6,N,choty,unmapped
f86v6,N,ytaiin,medium
f86v6,N,chokain,unmapped
f86v6,N,chocthy,unmapped
f86v6,N,chy,unmapped
f86v6,N,taiin,medium
f86v6,N,okaiin,heat
f86v6,N,okan,heat
f86v6,N,shor,reflux
f86v6,N,qoky,heat
f86v6,N,chorolk,unmapped
f86v6,N,chokaiin,medium
f86v6,N,qoal,heat
f86v6,N,kaiin,medium
f86v6,N,qoaiin,heat
f86v6,N,or,reflux
f86v6,N,aiiin,unmapped
f86v6,N,ykedy,unmapped
f86v6,N,paiin,medium
f86v6,N,otar,reflux
f86v6,N,otolkshy,unmapped
f86v6,N,qokshey,heat
f86v6,N,ar,reflux
f86v6,N,otalky,unmapped
f86v6,N,chear,reflux
f86v6,N,aiodam,drain
f86v5,N,pshdal,outlet
f86v5,N,choky,unmapped
f86v5,N,sheody,unmapped
f86v5,N,lfchy,unmapped
f86v5,N,fyshey,unmapped
f86v5,N,qoty,heat
f86v5,N,opy,unmapped
f86v5,N,ypar,reflux
f86v5,N,o,unmapped
f86v5,N,raiin,medium
f86v5,N,ytor,reflux
f86v5,N,aiin,medium
f86v5,N,opy,unmapped
f86v5,N,losair,unmapped
f86v5,N,yteody,unmapped
f86v5,N,qokar,heat
f86v5,N,shy,unmapped
f86v5,N,qokar,heat
f86v5,N,shor,reflux
f86v5,N,qopchol,heat
f86v5,N,tal,outlet
f86v5,N,ol,outlet
f86v5,N,ytol,outlet
f86v5,N,otam,drain
f86v5,N,otam,drain
f86v5,N,shedy,retain
f86v5,N,chdy,unmapped
f86v5,N,qokar,heat
f86v5,N,okeeey,heat
f86v5,N,sheokaiin,medium
f86v5,N,cheoky,unmapped
f86v5,N,oteeodail,unmapped
f86v5,N,otaiin,medium
f86v5,N,otain,unmapped
f86v5,N,ypchesy,unmapped
f86v5,N,oky,heat
f86v5,N,sheeey,unmapped
f86v5,N,qoty,heat
f86v5,N,qotaiin,heat
f86v5,N,sail,unmapped
f86v5,N,chepy,unmapped
f86v5,N,ltedy,unmapped
f86v5,N,dar,reflux
f86v5,N,olkar,reflux
f86v5,N,am,drain
f86v5,N,daiin,medium
f86v5,N,or,reflux
f86v5,N,otol,outlet
f86v5,N,otshey,unmapped
f86v5,N,otal,outlet
f86v5,N,olkey,unmapped
f86v5,N,chcthody,unmapped
f86v5,N,ytar,reflux
f86v5,N,dal,outlet
f86v5,N,ar,reflux
f86v5,N,okary,heat
f86v5,N,olkeedy,unmapped
f86v5,N,shety,unmapped
f86v5,N,ytar,reflux
f86v5,N,ytaiin,medium
f86v5,N,shdam,drain
f86v5,N,araiiin,unmapped
f86v5,N,ytaiin,medium
f86v5,N,pdaiin,medium
f86v5,N,qoteedy,heat
f86v5,N,opchey,unmapped
f86v5,N,qopor,heat
f86v5,N,otol,outlet
f86v5,N,kshdy,unmapped
f86v5,N,qopcheey,heat
f86v5,N,shdar,reflux
f86v5,N,fchcfhy,unmapped
f86v5,N,octhal,outlet
f86v5,N,shckhy,unmapped
f86v5,N,otshey,unmapped
f86v5,N,opor,reflux
f86v5,N,shey,unmapped
f86v5,N,tor,reflux
f86v5,N,ar,reflux
f86v5,N,otar,reflux
f86v5,N,aiin,medium
f86v5,N,chdy,unmapped
f86v5,N,tarcheeg,unmapped
f86v5,N,lkaiiin,unmapped
f86v5,N,otain,unmapped
f86v5,N,r,unmapped
f86v5,N,al,outlet
f86v5,N,ykain,unmapped
f86v5,N,chaiin,medium
f86v5,N,y,unmapped
f86v5,N,tal,outlet
f86v5,N,ykaiin,medium
f86v5,N,otal,outlet
f86v5,N,ar,reflux
f86v5,N,alkam,drain
f86v5,N,ykar,reflux
f86v5,N,olkal,outlet
f86v5,N,kar,reflux
f86v5,N,shedy,retain
f86v5,N,shor,reflux
f86v5,N,qokar,heat
f86v5,N,chor,reflux
f86v5,N,or,reflux
f86v5,N,ykaiin,medium
f86v5,N,otam,drain
f86v5,N,ytam,drain
f86v5,N,taral,outlet
f86v5,N,okar,heat
f86v5,N,octhey,unmapped
f86v5,N,sal,outlet
f86v5,N,kaiin,medium
f86v5,N,ytal,outlet
f86v5,N,chey,unmapped
f86v5,N,otal,outlet
f86v5,N,aiiin,unmapped
f86v5,N,olkam,drain
f86v5,N,poraiiidy,unmapped
f86v5,N,otshs,unmapped
f86v5,N,al,outlet
f86v5,N,ar,reflux
f86v5,N,shey,unmapped
f86v5,N,tair,unmapped
f86v5,N,sheody,unmapped
f86v5,N,qopchesy,heat
f86v5,N,lfar,reflux
f86v5,N,air,unmapped
f86v5,N,amod,unmapped
f86v5,N,daiin,medium
f86v5,N,shar,reflux
f86v5,N,otam,drain
f86v5,N,ytaiin,medium
f86v5,N,otal,outlet
f86v5,N,teody,unmapped
f86v5,N,cthy,unmapped
f86v5,N,or,reflux
f86v5,N,aiin,medium
f86v5,N,otar,reflux
f86v5,N,aiiin,unmapped
f86v5,N,qoar,heat
f86v5,N,aiiin,unmapped
f86v5,N,al,outlet
f86v5,N,ody,unmapped
f86v5,N,ar,reflux
f86v5,N,aiin,medium
f86v5,N,qokeeey,heat
f86v5,N,cheey,unmapped
f86v5,N,qotaiin,heat
f86v5,N,ykar,reflux
f86v5,N,acthy,unmapped
f86v5,N,ykar,reflux
f86v5,N,ar,reflux
f86v5,N,alody,unmapped
f86v5,N,or,reflux
f86v5,N,eees,unmapped
f86v5,N,aiin,medium
f86v5,N,okar,heat
f86v5,N,qokaiin,heat
f86v5,N,ykar,reflux
f86v5,N,ar,reflux
f86v5,N,ol,outlet
f86v5,N,chsky,unmapped
f86v5,N,dcheytain,unmapped
f86v5,N,qoka,heat
f86v5,N,daiin,medium
f86v5,N,ykalkain,unmapped
f86v5,N,ykar,reflux
f86v5,N,al,outlet
f86v5,N,kaiin,medium
f86v5,N,dalkalytam,drain
f86v5,N,ockhedy,unmapped
f86v5,N,ched,unmapped
f86v5,N,y,unmapped
f86v5,N,taiin,medium
f86v5,N,ykaiin,medium
f86v5,N,qotal,heat
f86v5,N,yshey,unmapped
f86v5,N,otaiin,medium
f86v5,N,olkam,drain
f86v5,N,poldaiin,medium
f86v5,N,shea,unmapped
f86v5,N,teraiin,medium
f86v5,N,otcho,unmapped
f86v5,N,lkaiin,medium
f86v5,N,os,unmapped
f86v5,N,al,outlet
f86v5,N,ody,unmapped
f86v5,N,qotar,heat
f86v5,N,ytedy,unmapped
f86v5,N,daiin,medium
f86v5,N,ycheeytydaiin,medium
f86v5,N,ykeeo,unmapped
f86v5,N,chey,unmapped
f86v5,N,shckhy,unmapped
f86v5,N,shoky,unmapped
f86v5,N,oty,unmapped
f86v5,N,oty,unmapped
f86v5,N,otain,unmapped
f86v5,N,olkchdy,unmapped
f86v5,N,ychor,reflux
f86v5,N,ar,reflux
f86v5,N,aiin,medium
f86v5,N,ytaly,unmapped
f86v5,N,otaiin,medium
f86v5,N,ykaiin,medium
f86v5,N,otal,outlet
f86v5,N,ytar,reflux
f86v5,N,aiin,medium
f86v5,N,ytaiiil,unmapped
f86v5,N,oar,reflux
f86v5,N,ar,reflux
f86v5,N,aiin,medium
f86v5,N,okaiin,heat
f86v5,N,yteey,unmapped
f86v5,N,ytaiin,medium
f86v5,N,qokees,heat
f86v5,N,aiin,medium
f86v5,N,yteey,unmapped
f86v5,N,qotey,heat
f86v5,N,lkey,unmapped
f86v5,N,ykaiin,medium
f86v5,N,ykeey,unmapped
f86v5,N,ykal,outlet
f86v5,N,chod,unmapped
f86v5,N,aiin,medium
f86v5,N,oeey,unmapped
f86v5,N,teodkaiin,medium
f86v5,N,otodaiin,medium
f86v5,N,okain,heat
f86v5,N,ykaiin,medium
f86v5,N,or,reflux
f86v5,N,aiin,medium
f86v5,N,okol,heat
f86v5,N,chokar,reflux
f86v5,N,sheol,outlet
f86v5,N,qokar,heat
f86v5,N,cheey,unmapped
f86v5,N,or,reflux
f86v5,N,aiin,medium
f86v5,N,ody,unmapped
f86v5,N,oar,reflux
f86v5,N,aiin,medium
f86v5,N,ykain,unmapped
f86v5,N,okal,heat
f86v5,N,kchody,unmapped
f86v5,N,chckhy,unmapped
f86v5,N,otaiin,medium
f86v5,N,olkar,reflux
f86v5,N,otaiin,medium
f86v5,N,sair,unmapped
f86v5,N,kain,unmapped
f86v5,N,ar,reflux
f86v5,N,alosheey,unmapped
f86v5,N,qoeey,heat
f86v5,N,lkesy,unmapped
f86v5,N,pochor,reflux
f86v5,N,aiir,unmapped
f86v5,N,shoar,reflux
f86v5,N,pshody,unmapped
f86v5,N,shody,unmapped
f86v5,N,qopchy,heat
f86v5,N,ocfhdy,unmapped
f86v5,N,dar,reflux
f86v5,N,olpshy,unmapped
f86v5,N,dam,drain
f86v5,N,shey,unmapped
f86v5,N,pchor,reflux
f86v5,N,ypchor,reflux
f86v5,N,aiin,medium
f86v5,N,otar,reflux
f86v5,N,shody,unmapped
f86v5,N,pchykar,reflux
f86v5,N,ytar,reflux
f86v5,N,odar,reflux
f86v5,N,oeees,unmapped
f86v5,N,aral,outlet
f86v5,N,om,unmapped
f86v5,N,odaiin,medium
f86v5,N,o,unmapped
f86v5,N,al,outlet
f86v5,N,kar,reflux
f86v5,N,ar,reflux
f86v5,N,or,reflux
f86v5,N,ytdar,reflux
f86v5,N,qokeeey,heat
f86v5,N,teo,unmapped
f86v5,N,dy,unmapped
f86v5,N,tey,unmapped
f86v5,N,tar,reflux
f86v5,N,a,unmapped
f86v5,N,ytarar,reflux
f86v5,N,ysheoar,reflux
f86v5,N,qoteody,heat
f86v5,N,qokar,heat
f86v5,N,shody,unmapped
f86v5,N,qokal,heat
f86v5,N,tchey,unmapped
f86v5,N,ytchy,unmapped
f86v5,N,tal,outlet
f86v5,N,tar,reflux
f86v5,N,odaiin,medium
f86v5,N,otchees,unmapped
f86v5,N,chey,unmapped
f86v5,N,chodaiin,medium
f86v5,N,shedy,retain
f86v5,N,otal,outlet
f86v5,N,kchol,outlet
f86v5,N,shy,unmapped
f86v5,N,olkeeeary,unmapped
f86v5,N,tol,outlet
f86v5,N,kaiin,medium
f86v5,N,ytchdy,unmapped
f86v5,N,chol,outlet
f86v5,N,ytedy,unmapped
f86v5,N,ytain,unmapped
f86v5,N,qodaiin,heat
f86v5,N,ytody,unmapped
f86v5,N,ykeshy,unmapped
f86v5,N,ar,reflux
f86v5,N,dshey,unmapped
f86v5,N,ytchy,unmapped
f86v5,N,dy,unmapped
f86v5,N,qotal,heat
f86v5,N,shdy,unmapped
f86v5,N,or,reflux
f86v5,N,aiin,medium
f86v5,N,chody,unmapped
f86v5,N,chey,unmapped
f86v5,N,ol,outlet
f86v5,N,teody,unmapped
f86v5,N,aiin,medium
f86v5,N,qokeey,heat
f86v5,N,ol,outlet
f86v5,N,kaiin,medium
f86v5,N,ol,outlet
f86v5,N,kain,unmapped
f86v5,N,olkeedy,unmapped
f86v5,N,qopcheey,heat
f86v5,N,oty,unmapped
f86v5,N,daiin,medium
f86v5,N,otam,drain
f86v5,N,oteey,unmapped
f86v5,N,ol,outlet
f86v5,N,tey,unmapped
f86v5,N,choaiin,medium
f86v5,N,ysheedy,unmapped
f86v5,N,ychedy,unmapped
f86v5,N,ytaiin,medium
f86v5,N,otam,drain
f86v5,N,aiin,medium
f86v5,N,ychey,unmapped
f86v5,N,or,reflux
f86v5,N,aiin,medium
f86v5,N,ytair,unmapped
f86v5,N,ytaim,unmapped
f86v5,N,otal,outlet
f86v5,N,shod,unmapped
f86v5,N,qokchy,heat
f86v5,N,qoody,heat
f86v5,N,s,unmapped
f86v5,N,aim,unmapped
f86v5,N,shody,unmapped
f86v5,N,qoty,heat
f86v5,N,chody,unmapped
f86v5,N,ytody,unmapped
f86v5,N,olkey,unmapped
f86v5,N,otoloty,unmapped
f86v5,N,oltal,outlet
f86v5,N,oky,heat
f86v5,N,dam,drain
f86v5,N,dchol,outlet
f86v5,N,chedy,unmapped
f86v5,N,qotain,heat
f86v5,N,otaiin,medium
f86v5,N,ol,outlet
f86v5,N,cheody,unmapped
f86v5,N,olkeeody,unmapped
f86v5,N,oreeeg,unmapped
f86v5,N,sol,outlet
f86v5,N,odaiin,medium
f86v5,N,ykeeshy,unmapped
f86v5,N,ytchey,unmapped
f86v5,N,lchody,unmapped
f86v5,N,ykar,reflux
f86v5,N,shey,unmapped
f86v5,N,ytaiin,medium
f86v5,N,yteody,unmapped
f86v5,N,chedy,unmapped
f86v5,N,qoteey,heat
f86v5,N,octhy,unmapped
f86v5,N,dy,unmapped
f86v3,N,tchedy,unmapped
f86v3,N,qokeedy,heat
f86v3,N,qoedy,heat
f86v3,N,qopchy,heat
f86v3,N,raiin,medium
f86v3,N,olpchey,unmapped
f86v3,N,qokaiin,heat
f86v3,N,rain,unmapped
f86v3,N,ychedy,unmapped
f86v3,N,qoeeey,heat
f86v3,N,otair,unmapped
f86v3,N,cheody,unmapped
f86v3,N,ytain,unmapped
f86v3,N,qy,unmapped
f86v3,N,kaiin,medium
f86v3,N,taiin,medium
f86v3,N,ytaiin,medium
f86v3,N,ytaiin,medium
f86v3,N,ytaiin,medium
f86v3,N,or,reflux
f86v3,N,ar,reflux
f86v3,N,ytas,unmapped
f86v3,N,am,drain
f86v3,N,ykaiin,medium
f86v3,N,qoeedy,heat
f86v3,N,qar,reflux
f86v3,N,aiin,medium
f86v3,N,yteeey,unmapped
f86v3,N,ar,reflux
f86v3,N,aiin,medium
f86v3,N,ar,reflux
f86v3,N,am,drain
f86v3,N,yeey,unmapped
f86v3,N,qotaiin,heat
f86v3,N,chdy,unmapped
f86v3,N,ypeor,reflux
f86v3,N,ytain,unmapped
f86v3,N,otain,unmapped
f86v3,N,ytam,drain
f86v3,N,daiinls,unmapped
f86v3,N,aiin,medium
f86v3,N,chcthy,unmapped
f86v3,N,ykaiin,medium
f86v3,N,ykaiin,medium
f86v3,N,chdar,reflux
f86v3,N,ar,reflux
f86v3,N,aiin,medium
f86v3,N,sain,unmapped
f86v3,N,ytaiin,medium
f86v3,N,ytapy,unmapped
f86v3,N,odeeey,unmapped
f86v3,N,dal,outlet
f86v3,N,dair,unmapped
f86v3,N,ytam,drain
f86v3,N,sor,reflux
f86v3,N,aiin,medium
f86v3,N,otey,unmapped
f86v3,N,otair,unmapped
f86v3,N,tchol,outlet
f86v3,N,olkey,unmapped
f86v3,N,cfhy,unmapped
f86v3,N,aiin,medium
f86v3,N,opchedy,unmapped
f86v3,N,okchedy,heat
f86v3,N,or,reflux
f86v3,N,acheody,unmapped
f86v3,N,shol,outlet
f86v3,N,shedy,retain
f86v3,N,yteey,unmapped
f86v3,N,daiin,medium
f86v3,N,dady,unmapped
f86v3,N,ychey,unmapped
f86v3,N,olkeeey,unmapped
f86v3,N,qotchedy,heat
f86v3,N,qokeey,heat
f86v3,N,qotchedar,heat
f86v3,N,sheedy,unmapped
f86v3,N,qokaiin,heat
f86v3,N,qokedy,heat
f86v3,N,ykaiin,medium
f86v3,N,qotaiior,heat
f86v3,N,am,drain
f86v3,N,tcheod,unmapped
f86v3,N,oteey,unmapped
f86v3,N,yteeody,unmapped
f86v3,N,chdy,unmapped
f86v3,N,chedos,unmapped
f86v3,N,shedy,retain
f86v3,N,cheos,unmapped
f86v3,N,ols,unmapped
f86v3,N,aiir,unmapped
f86v3,N,sheey,unmapped
f86v3,N,yteeeey,unmapped
f86v3,N,oteeodam,drain
f86v3,N,yteedy,unmapped
f86v3,N,ykeey,unmapped
f86v3,N,daim,unmapped
f86v3,N,choaiin,medium
f86v3,N,checkhy,unmapped
f86v3,N,keeeochy,unmapped
f86v3,N,tcheey,unmapped
f86v3,N,otodaiin,medium
f86v3,N,opaiin,medium
f86v3,N,otchey,unmapped
f86v3,N,otam,drain
f86v3,N,osheey,unmapped
f86v3,N,orsheey,unmapped
f86v3,N,tcheody,unmapped
f86v3,N,qokain,heat
f86v3,N,qodaiin,heat
f86v3,N,olkar,reflux
f86v3,N,chedaiin,medium
f86v3,N,y,unmapped
f86v3,N,chedy,unmapped
f86v3,N,qokady,heat
f86v3,N,cholkain,unmapped
f86v3,N,ar,reflux
f86v3,N,aiin,medium
f86v3,N,shodain,unmapped
f86v3,N,shor,reflux
f86v3,N,chalkar,reflux
f86v3,N,shekshol,outlet
f86v3,N,okchor,heat
f86v3,N,tshdey,unmapped
f86v3,N,dalkshdy,unmapped
f86v3,N,shocfhy,unmapped
f86v3,N,saiin,medium
f86v3,N,or,reflux
f86v3,N,airody,unmapped
f86v3,N,chedaly,unmapped
f86v3,N,dcheody,unmapped
f86v3,N,skeeody,unmapped
f86v3,N,qokshey,heat
f86v3,N,cheodain,unmapped
f86v3,N,ykched,unmapped
f86v3,N,sar,reflux
f86v3,N,aldy,unmapped
f86v3,N,dsheody,unmapped
f86v3,N,qokchey,heat
f86v3,N,dal,outlet
f86v3,N,or,reflux
f86v3,N,odaiin,medium
f86v3,N,sar,reflux
f86v3,N,pchedaiin,medium
f86v3,N,dchedy,unmapped
f86v3,N,qokchdy,heat
f86v3,N,qopchol,heat
f86v3,N,shol,outlet
f86v3,N,sheody,unmapped
f86v3,N,solkam,drain
f86v3,N,dchey,unmapped
f86v3,N,otain,unmapped
f86v3,N,olkechy,unmapped
f86v3,N,qokam,drain
f86v3,N,chol,outlet
f86v3,N,kchdy,unmapped
f86v3,N,chol,outlet
f86v3,N,tchdy,unmapped
f86v3,N,dar,reflux
f86v3,N,aiindy,unmapped
f86v3,N,lshodair,unmapped
f86v3,N,ykcho,unmapped
f86v3,N,dar,reflux
f86v3,N,chody,unmapped
f86v3,N,ykeeody,unmapped
f86v3,N,qochey,heat
f86v3,N,chckhey,unmapped
f86v3,N,lkar,reflux
f86v3,N,ary,unmapped
f86v3,N,dshedy,unmapped
f86v3,N,kshey,unmapped
f86v3,N,tchdy,unmapped
f86v3,N,shdy,unmapped
f86v3,N,ralkchedy,unmapped
f86v3,N,ytchol,outlet
f86v3,N,qoty,heat
f86v3,N,okshy,heat
f86v3,N,tam,drain
f86v3,N,ytchdy,unmapped
f86v3,N,dar,reflux
f86v3,N,sholor,reflux
f86v3,N,alor,reflux
f86v3,N,tshedal,outlet
f86v3,N,ypchey,unmapped
f86v3,N,shdy,unmapped
f86v3,N,qopcheeody,heat
f86v3,N,opchdy,unmapped
f86v3,N,olfchey,unmapped
f86v3,N,ypchey,unmapped
f86v3,N,qotaiin,heat
f86v3,N,dshedy,unmapped
f86v3,N,qokeey,heat
f86v3,N,qotee,heat
f86v3,N,shedy,retain
f86v3,N,qokaiin,heat
f86v3,N,chdy,unmapped
f86v3,N,otar,reflux
f86v3,N,otaiin,medium
f86v3,N,ykaiin,medium
f86v3,N,qodaiin,heat
f86v3,N,y,unmapped
f86v3,N,ochedy,unmapped
f86v3,N,qotchey,heat
f86v3,N,qoky,heat
f86v3,N,daiin,medium
f86v3,N,chdy,unmapped
f86v3,N,oteedy,unmapped
f86v3,N,qoty,heat
f86v3,N,daiin,medium
f86v3,N,am,drain
f86v3,N,shor,reflux
f86v3,N,yteey,unmapped
f86v3,N,oteedy,unmapped
f86v3,N,shedaiin,retain
f86v3,N,sheey,unmapped
f86v3,N,otaiin,medium
f86v3,N,ytaiin,medium
f86v3,N,otodar,reflux
f86v3,N,aiin,medium
f86v3,N,teeos,unmapped
f86v3,N,aiin,medium
f86v3,N,yteey,unmapped
f86v3,N,qoteey,heat
f86v3,N,otchey,unmapped
f86v3,N,qoteeody,heat
f86v3,N,cheeor,reflux
f86v3,N,cheedaiin,medium
f86v3,N,ycheeody,unmapped
f86v3,N,daiis,unmapped
f86v3,N,oteey,unmapped
f86v3,N,qoedy,heat
f86v3,N,oteey,unmapped
f86v3,N,olteey,unmapped
f86v3,N,toeeedchy,unmapped
f86v3,N,okchey,heat
f86v3,N,qokchedy,heat
f86v3,N,shedy,retain
f86v3,N,ytcheodar,reflux
f86v3,N,ytchey,unmapped
f86v3,N,yteey,unmapped
f86v3,N,chdal,outlet
f86v3,N,or,reflux
f86v3,N,cheey,unmapped
f86v3,N,daiin,medium
f86v3,N,cheokaii,unmapped
f86v3,N,tchedy,unmapped
f86v3,N,chy,unmapped
f86v3,N,tchey,unmapped
f86v3,N,otchedy,unmapped
f86v3,N,qokal,heat
f86v3,N,oeedy,unmapped
f86v3,N,lkam,drain
f86v3,N,oees,unmapped
f86v3,N,aiiin,unmapped
f86v3,N,yteeedy,unmapped
f86v3,N,chedy,unmapped
f86v3,N,qotaiin,heat
f86v3,N,cheody,unmapped
f86v3,N,ytchey,unmapped
f86v3,N,otaiin,medium
f86v3,N,kshd,unmapped
f86v3,N,qotar,heat
f86v3,N,chear,reflux
f86v3,N,or,reflux
f86v3,N,am,drain
f86v3,N,yteeo,unmapped
f86v3,N,dy,unmapped
f86v3,N,chedy,unmapped
f86v3,N,qokal,heat
f86v3,N,yteey,unmapped
f86v3,N,qokar,heat
f86v3,N,am,drain
f86v3,N,dcheey,unmapped
f86v3,N,teeody,unmapped
f86v3,N,oty,unmapped
f86v3,N,otchedy,unmapped
f86v3,N,daiiraii,unmapped
f86v3,N,ykeeedy,unmapped
f86v3,N,qoteey,heat
f86v3,N,qodaiin,heat
f86v3,N,okeeey,heat
f87r,O,poalshsal,outlet
f87r,O,shocphor,reflux
f87r,O,ypcho,unmapped
f87r,O,cpheo,unmapped
f87r,O,saiin,medium
f87r,O,oteodal,outlet
f87r,O,saiin,medium
f87r,O,dcheeckhos,unmapped
f87r,O,chety,unmapped
f87r,O,cthodal,outlet
f87r,O,yteodam,drain
f87r,O,cphecthy,unmapped
f87r,O,syty,unmapped
f87r,O,tchor,reflux
f87r,O,oteedy,unmapped
f87r,O,ykeey,unmapped
f87r,O,ody,unmapped
f87r,O,keos,unmapped
f87r,O,sheekchey,unmapped
f87r,O,saiidy,unmapped
f87r,O,soraiin,medium
f87r,O,qockhos,heat
f87r,O,cheodor,reflux
f87r,O,ckheokey,unmapped
f87r,O,chcthody,unmapped
f87r,O,s,unmapped
f87r,O,odar,reflux
f87r,O,daiin,medium
f87r,O,ctheey,unmapped
f87r,O,ckheckhy,unmapped
f87r,O,cthody,unmapped
f87r,O,chor,reflux
f87r,O,s,unmapped
f87r,O,al,outlet
f87r,O,dar,reflux
f87r,O,chor,reflux
f87r,O,tos,unmapped
f87r,O,she,unmapped
f87r,O,keodaiin,medium
f87r,O,pcheos,unmapped
f87r,O,sheo,unmapped
f87r,O,so,unmapped
f87r,O,shkeody,unmapped
f87r,O,soraiin,medium
f87r,O,y,unmapped
f87r,O,teeodal,outlet
f87r,O,cho,unmapped
f87r,O,keeody,unmapped
f87r,O,shy,unmapped
f87r,O,koo,unmapped
f87r,O,sols,unmapped
f87r,O,chekol,outlet
f87r,O,solsheor,reflux
f87r,O,ysaiin,medium
f87r,O,chor,reflux
f87r,O,cheory,unmapped
f87r,O,kchody,unmapped
f87r,O,sor,reflux
f87r,O,shocthey,unmapped
f87r,O,oteody,unmapped
f87r,O,dchol,outlet
f87r,O,saraiin,medium
f87r,O,sho,unmapped
f87r,O,cthos,unmapped
f87r,O,cheodal,outlet
f87r,O,ctheody,unmapped
f87r,O,qoty,heat
f87r,O,psheodshy,unmapped
f87r,O,dal,outlet
f87r,O,shee,unmapped
f87r,O,saldal,outlet
f87r,O,shol,outlet
f87r,O,aldy,unmapped
f87r,O,ysheeer,unmapped
f87r,O,chetchy,unmapped
f87r,O,teodar,reflux
f87r,O,otcheol,outlet
f87r,O,tockhy,unmapped
f87r,O,keor,reflux
f87r,O,ckheey,unmapped
f87r,O,shody,unmapped
f87r,O,qoeeeety,heat
f87r,O,s,unmapped
f87r,O,chody,unmapped
f87r,O,daiin,medium
f87r,O,daiin,medium
f87r,O,shol,outlet
f87r,O,cthey,unmapped
f87r,O,okeol,heat
f87r,O,cheor,reflux
f87r,O,okeeo,heat
f87r,O,daiim,unmapped
f87r,O,shos,unmapped
f87r,O,cheol,outlet
f87r,O,cheos,unmapped
f87r,O,ckhey,unmapped
f87r,O,saiin,medium
f87r,O,q'ockheo,unmapped
f87r,O,ldaiin,medium
f87r,O,yteeor,reflux
f87r,O,cheol,outlet
f87r,O,dcheeol,outlet
f87v,O,cheey,unmapped
f87v,O,daiin,medium
f87v,O,cpheodar,reflux
f87v,O,shody,unmapped
f87v,O,dcheody,unmapped
f87v,O,todor,reflux
f87v,O,oeeepchody,unmapped
f87v,O,oldar,reflux
f87v,O,schey,unmapped
f87v,O,ctheey,unmapped
f87v,O,qocthsy,heat
f87v,O,s,unmapped
f87v,O,dcheoky,unmapped
f87v,O,s,unmapped
f87v,O,cth,unmapped
f87v,O,y,unmapped
f87v,O,cheockhy,unmapped
f87v,O,okey,heat
f87v,O,cthy,unmapped
f87v,O,yteeor,reflux
f87v,O,os,unmapped
f87v,O,dcheecthey,unmapped
f87v,O,cthosy,unmapped
f87v,O,ykeeor,reflux
f87v,O,oky,heat
f87v,O,ycheey,unmapped
f87v,O,keeo,unmapped
f87v,O,salckhy,unmapped
f87v,O,eoiin,unmapped
f87v,O,scheom,unmapped
f87v,O,dcheos,unmapped
f87v,O,shey,unmapped
f87v,O,solchiyd,unmapped
f87v,O,oteos,unmapped
f87v,O,cthey,unmapped
f87v,O,qotechoep,heat
f87v,O,cheos,unmapped
f87v,O,cthey,unmapped
f87v,O,qokeod,heat
f87v,O,qokeog,heat
f87v,O,shoeey,unmapped
f87v,O,cthey,unmapped
f87v,O,qo,heat
f87v,O,cthodol,outlet
f87v,O,yteodaiin,medium
f87v,O,sheol,outlet
f87v,O,techol,outlet
f87v,O,qoscheody,heat
f87v,O,otol,outlet
f87v,O,opcheey,unmapped
f87v,O,y,unmapped
f87v,O,cpheckhy,unmapped
f87v,O,cheo,unmapped
f87v,O,r,unmapped
f87v,O,chepcheol,outlet
f87v,O,kchor,reflux
f87v,O,ol,outlet
f87v,O,cheeol,outlet
f87v,O,qok,heat
f87v,O,odal,outlet
f87v,O,lseeey,unmapped
f87v,O,keodam,drain
f87v,O,ytcheoqo,unmapped
f87v,O,chos,unmapped
f87v,O,ckheos,unmapped
f87v,O,cheoy,unmapped
f87v,O,s,unmapped
f87v,O,cheol,outlet
f87v,O,sal,outlet
f87v,O,dain,unmapped
f87v,O,ksheol,outlet
f87v,O,qoar,heat
f87v,O,cfhs,unmapped
f87v,O,ykaiin,medium
f87v,O,saral,outlet
f87v,O,aiim,unmapped
f87v,O,am,drain
f87v,O,san,unmapped
f87v,O,ainy,unmapped
f87v,O,keol,outlet
f87v,O,dair,unmapped
f87v,O,old,unmapped
f87v,O,ain,unmapped
f87v,O,atolg,unmapped
f87v,O,yksho,unmapped
f87v,O,qos,heat
f87v,O,arolor,reflux
f87v,O,or,reflux
f87v,O,al,outlet
f87v,O,daraiing,unmapped
f87v,O,saiin,medium
f87v,O,olcthr,unmapped
f88r,O,otorchety,unmapped
f88r,O,osal,outlet
f88r,O,orald,unmapped
f88r,O,oldar,reflux
f88r,O,otoky,unmapped
f88r,O,otaly,unmapped
f88r,O,dorsheoy,unmapped
f88r,O,ctheol,outlet
f88r,O,qockhey,heat
f88r,O,dory,unmapped
f88r,O,sheor,reflux
f88r,O,sholfchor,reflux
f88r,O,dal,outlet
f88r,O,chcthol,outlet
f88r,O,ral,outlet
f88r,O,sheom,unmapped
f88r,O,keol,outlet
f88r,O,chear,reflux
f88r,O,shekor,reflux
f88r,O,qokor,heat
f88r,O,daiin,medium
f88r,O,sar,reflux
f88r,O,s,unmapped
f88r,O,aiin,medium
f88r,O,oky,heat
f88r,O,sam,drain
f88r,O,oain,unmapped
f88r,O,or,reflux
f88r,O,om,unmapped
f88r,O,otam,drain
f88r,O,okeom,heat
f88r,O,cheeor,reflux
f88r,O,qokeody,heat
f88r,O,dar,reflux
f88r,O,or,reflux
f88r,O,om,unmapped
f88r,O,cheody,unmapped
f88r,O,qokeol,heat
f88r,O,cheol,outlet
f88r,O,saiin,medium
f88r,O,cheos,unmapped
f88r,O,cheol,outlet
f88r,O,doleeey,unmapped
f88r,O,or,reflux
f88r,O,cheom,unmapped
f88r,O,cheojam,drain
f88r,O,yokeody,unmapped
f88r,O,cheom,unmapped
f88r,O,qoor,heat
f88r,O,cheeb,unmapped
f88r,O,ykeor,reflux
f88r,O,shy,unmapped
f88r,O,sam,drain
f88r,O,otaldy,unmapped
f88r,O,oram,drain
f88r,O,dary,unmapped
f88r,O,okol,heat
f88r,O,sorory,unmapped
f88r,O,otyda,unmapped
f88r,O,koay,unmapped
f88r,O,cphol,outlet
f88r,O,orchor,reflux
f88r,O,pcheoly,unmapped
f88r,O,otchol,outlet
f88r,O,oldy,unmapped
f88r,O,salsaly,unmapped
f88r,O,dchey,unmapped
f88r,O,chokol,outlet
f88r,O,daiin,medium
f88r,O,qoekol,heat
f88r,O,qoekol,heat
f88r,O,qockhol,heat
f88r,O,okol,heat
f88r,O,cheol,outlet
f88r,O,dsheol,outlet
f88r,O,qokeey,heat
f88r,O,s,unmapped
f88r,O,chy,unmapped
f88r,O,s,unmapped
f88r,O,aiin,medium
f88r,O,chor,reflux
f88r,O,oteor,reflux
f88r,O,aiin,medium
f88r,O,chosals,unmapped
f88r,O,teol,outlet
f88r,O,chor,reflux
f88r,O,olsheody,unmapped
f88r,O,qokeol,heat
f88r,O,shoy,unmapped
f88r,O,ol,outlet
f88r,O,sheeol,outlet
f88r,O,sheoldg,unmapped
f88r,O,ychey,unmapped
f88r,O,okaiin,heat
f88r,O,chol,outlet
f88r,O,cheor,reflux
f88r,O,ol,outlet
f88r,O,chorcholsal,outlet
f88r,O,ofyskydal,outlet
f88r,O,otor,reflux
f88r,O,am,drain
f88r,O,ofaldo,unmapped
f88r,O,poeear,reflux
f88r,O,sheoky,unmapped
f88r,O,olkeey,unmapped
f88r,O,cthol,outlet
f88r,O,poldy,unmapped
f88r,O,s,unmapped
f88r,O,okoldy,heat
f88r,O,qokol,heat
f88r,O,chol,outlet
f88r,O,qokol,heat
f88r,O,qokol,heat
f88r,O,chol,outlet
f88r,O,cheey,unmapped
f88r,O,or,reflux
f88r,O,aiin,medium
f88r,O,oldal,outlet
f88r,O,ykar,reflux
f88r,O,cheol,outlet
f88r,O,chol,outlet
f88r,O,chey,unmapped
f88r,O,ckhey,unmapped
f88r,O,s,unmapped
f88r,O,or,reflux
f88r,O,shear,reflux
f88r,O,ar,reflux
f88r,O,alsy,unmapped
f88r,O,kor,reflux
f88r,O,chey,unmapped
f88r,O,qokol,heat
f88r,O,cheol,outlet
f88r,O,chody,unmapped
f88r,O,qokol,heat
f88r,O,kchor,reflux
f88r,O,chol,outlet
f88r,O,dal,outlet
f88r,O,ykeeey,unmapped
f88r,O,cheor,reflux
f88r,O,cheotey,unmapped
f88r,O,cheol,outlet
f88r,O,qokeor,heat
f88r,O,chetchy,unmapped
f88r,O,ofal,outlet
f88r,O,dar,reflux
f88r,O,chear,reflux
f88r,O,chol,outlet
f88r,O,dol,outlet
f88r,O,qoekeor,heat
f88r,O,cheom,unmapped
f88v,O,okalyd,heat
f88v,O,cheocthy,unmapped
f88v,O,cpheor,reflux
f88v,O,otar,reflux
f88v,O,arody,unmapped
f88v,O,otokol,outlet
f88v,O,teodal,outlet
f88v,O,lkeo,unmapped
f88v,O,cheor,reflux
f88v,O,roshckhy,unmapped
f88v,O,sorshy,unmapped
f88v,O,aiin,medium
f88v,O,cheokal,outlet
f88v,O,saldaiin,medium
f88v,O,dshor,reflux
f88v,O,shor,reflux
f88v,O,qokeody,heat
f88v,O,qokeo,heat
f88v,O,lchey,unmapped
f88v,O,chkeor,reflux
f88v,O,qokeey,heat
f88v,O,daiin,medium
f88v,O,qokeom,heat
f88v,O,qoaiin,heat
f88v,O,cheoy,unmapped
f88v,O,olcheody,unmapped
f88v,O,qoekeol,heat
f88v,O,cho,unmapped
f88v,O,chckhy,unmapped
f88v,O,qoeey,heat
f88v,O,key,unmapped
f88v,O,cheokam,drain
f88v,O,choeey,unmapped
f88v,O,keeod,unmapped
f88v,O,y,unmapped
f88v,O,s,unmapped
f88v,O,aiin,medium
f88v,O,chody,unmapped
f88v,O,okearcheol,heat
f88v,O,archeey,unmapped
f88v,O,sairal,outlet
f88v,O,dar,reflux
f88v,O,cheorol,outlet
f88v,O,chekol,outlet
f88v,O,daraly,unmapped
f88v,O,otoram,drain
f88v,O,otora,unmapped
f88v,O,cheosdy,unmapped
f88v,O,okaiin,heat
f88v,O,kosholdy,unmapped
f88v,O,qotody,heat
f88v,O,opykey,unmapped
f88v,O,oldaiin,medium
f88v,O,qoteody,heat
f88v,O,yfolaiin,medium
f88v,O,oraiin,medium
f88v,O,ysheod,unmapped
f88v,O,sheo,unmapped
f88v,O,sheody,unmapped
f88v,O,qokeody,heat
f88v,O,qoky,heat
f88v,O,chees,unmapped
f88v,O,cheody,unmapped
f88v,O,qokeody,heat
f88v,O,dal,outlet
f88v,O,qokeey,heat
f88v,O,qokeody,heat
f88v,O,chor,reflux
f88v,O,oteody,unmapped
f88v,O,qockhol,heat
f88v,O,okol,heat
f88v,O,cheedy,unmapped
f88v,O,qokody,heat
f88v,O,ykeeor,reflux
f88v,O,chockhy,unmapped
f88v,O,otol,outlet
f88v,O,cheeol,outlet
f88v,O,cheody,unmapped
f88v,O,qotody,heat
f88v,O,soteol,outlet
f88v,O,chotam,drain
f88v,O,odaiin,medium
f88v,O,sheo,unmapped
f88v,O,ol,outlet
f88v,O,qokeey,heat
f88v,O,olaiin,medium
f88v,O,cheody,unmapped
f88v,O,chocthey,unmapped
f88v,O,oteody,unmapped
f88v,O,dy,unmapped
f88v,O,s:qokeodaiin,medium
f88v,O,cheody,unmapped
f88v,O,oteol,outlet
f88v,O,cheockhy,unmapped
f88v,O,chody,unmapped
f88v,O,toairy,unmapped
f88v,O,oteeody,unmapped
f88v,O,cpheody,unmapped
f88v,O,ykchey,unmapped
f88v,O,dam,drain
f88v,O,cheor,reflux
f88v,O,chaly,unmapped
f88v,O,korain,unmapped
f88v,O,dairodain,unmapped
f88v,O,ykeodain,unmapped
f88v,O,dain,unmapped
f88v,O,shedy,retain
f88v,O,qoteo,heat
f88v,O,lchdy,unmapped
f88v,O,qokeo,heat
f88v,O,r,unmapped
f88v,O,ain,unmapped
f88v,O,tol,outlet
f88v,O,keeodaiin,medium
f88v,O,qoky,heat
f88v,O,sheol,outlet
f88v,O,daiin,medium
f88v,O,chees,unmapped
f88v,O,aiin,medium
f88v,O,chokar,reflux
f88v,O,daimd,unmapped
f88v,O,daiin,medium
f88v,O,sheor,reflux
f88v,O,sheedy,unmapped
f88v,O,daiin,medium
f88v,O,shoy,unmapped
f88v,O,qokeody,heat
f88v,O,doy,unmapped
f88v,O,dair,unmapped
f88v,O,ykeey,unmapped
f88v,O,sheor,reflux
f88v,O,tos,unmapped
f88v,O,checkhy,unmapped
f88v,O,dain,unmapped
f88v,O,cheos,unmapped
f88v,O,cheockhy,unmapped
f88v,O,saldy,unmapped
f88v,O,saiin,medium
f88v,O,choky,unmapped
f88v,O,cheor,reflux
f88v,O,shy,unmapped
f88v,O,daramdal,outlet
f88v,O,otydary,unmapped
f88v,O,otdordy,unmapped
f88v,O,dararda:,unmapped
f89r1,O,okchshy,heat
f89r1,O,qkol,outlet
f89r1,O,oldam,drain
f89r1,O,otoldy,unmapped
f89r1,O,ararchodaiin,medium
f89r1,O,qoar,heat
f89r1,O,shar,reflux
f89r1,O,qopcholy,heat
f89r1,O,qokod,heat
f89r1,O,chepy,unmapped
f89r1,O,dar,reflux
f89r1,O,sheey,unmapped
f89r1,O,okor,heat
f89r1,O,sheeos,unmapped
f89r1,O,oldain,unmapped
f89r1,O,dshody,unmapped
f89r1,O,qocthy,heat
f89r1,O,chockhy,unmapped
f89r1,O,dal,outlet
f89r1,O,chedy,unmapped
f89r1,O,qokeody,heat
f89r1,O,daldaiin,medium
f89r1,O,chodaiin,medium
f89r1,O,dal,outlet
f89r1,O,qokeol,heat
f89r1,O,chol,outlet
f89r1,O,qodaiin,heat
f89r1,O,chol,outlet
f89r1,O,cheody,unmapped
f89r1,O,qokechy,heat
f89r1,O,daiin,medium
f89r1,O,ctheody,unmapped
f89r1,O,dam,drain
f89r1,O,yshor,reflux
f89r1,O,s,unmapped
f89r1,O,oiiin,unmapped
f89r1,O,daiin,medium
f89r1,O,qokeey,heat
f89r1,O,daiin,medium
f89r1,O,ckhol,outlet
f89r1,O,qokain,heat
f89r1,O,cheamy,unmapped
f89r1,O,tdain,unmapped
f89r1,O,s,unmapped
f89r1,O,chol,outlet
f89r1,O,cheoky,unmapped
f89r1,O,cheody,unmapped
f89r1,O,qokar,heat
f89r1,O,dal,outlet
f89r1,O,chor,reflux
f89r1,O,y,unmapped
f89r1,O,daiin,medium
f89r1,O,ykyd,unmapped
f89r1,O,chol,outlet
f89r1,O,ches,unmapped
f89r1,O,otorain,unmapped
f89r1,O,okaiin,heat
f89r1,O,dan,unmapped
f89r1,O,tcheol,outlet
f89r1,O,qoeair,heat
f89r1,O,sheol,outlet
f89r1,O,qocphey,heat
f89r1,O,saiin,medium
f89r1,O,cheocphey,unmapped
f89r1,O,dal,outlet
f89r1,O,darolg,unmapped
f89r1,O,om,unmapped
f89r1,O,sheey,unmapped
f89r1,O,qokey,heat
f89r1,O,l,unmapped
f89r1,O,daiin,medium
f89r1,O,dalchom,unmapped
f89r1,O,chy,unmapped
f89r1,O,chol,outlet
f89r1,O,cheos,unmapped
f89r1,O,aiin,medium
f89r1,O,dy,unmapped
f89r1,O,qeaiin,medium
f89r1,O,cheyl,unmapped
f89r1,O,seey,unmapped
f89r1,O,qotey,heat
f89r1,O,qokeeol,heat
f89r1,O,daiin,medium
f89r1,O,edy,unmapped
f89r1,O,daiin,medium
f89r1,O,dam,drain
f89r1,O,dals,unmapped
f89r1,O,al,outlet
f89r1,O,dal,outlet
f89r1,O,cheody,unmapped
f89r1,O,dainaldy,unmapped
f89r1,O,al,outlet
f89r1,O,daldal,outlet
f89r1,O,pshol,outlet
f89r1,O,sheo,unmapped
f89r1,O,qoay,heat
f89r1,O,cheocphy,unmapped
f89r1,O,s,unmapped
f89r1,O,sheyr,unmapped
f89r1,O,qokair,heat
f89r1,O,ydam,drain
f89r1,O,daly,unmapped
f89r1,O,daim,unmapped
f89r1,O,cheom,unmapped
f89r1,O,qoay,heat
f89r1,O,air,unmapped
f89r1,O,cheody,unmapped
f89r1,O,ldain,unmapped
f89r1,O,dal,outlet
f89r1,O,chom,unmapped
f89r1,O,chtaii,unmapped
f89r1,O,taiin,medium
f89r1,O,dam,drain
f89r1,O,shoety,unmapped
f89r1,O,dal,outlet
f89r1,O,qokchy,heat
f89r1,O,ykchdy,unmapped
f89r1,O,otcham,drain
f89r1,O,ol,outlet
f89r1,O,sshr,unmapped
f89r1,O,aiin,medium
f89r1,O,ycheeo,unmapped
f89r1,O,r,unmapped
f89r1,O,sheol,outlet
f89r1,O,qockhedy,heat
f89r1,O,yty,unmapped
f89r1,O,sheody,unmapped
f89r1,O,qotol,heat
f89r1,O,chead,unmapped
f89r1,O,chey,unmapped
f89r1,O,dal,outlet
f89r1,O,dain,unmapped
f89r1,O,oteos,unmapped
f89r1,O,cheody,unmapped
f89r1,O,cheodain,unmapped
f89r1,O,daiin,medium
f89r1,O,chodaiin,medium
f89r1,O,ykocfhy,unmapped
f89r1,O,saldam,drain
f89r1,O,sydarary,unmapped
f89r1,O,yddy,unmapped
f89r2,O,odory,unmapped
f89r2,O,doly,unmapped
f89r2,O,opchosam,drain
f89r2,O,saloiinsheol,outlet
f89r2,O,opcheor,reflux
f89r2,O,qokcheody,heat
f89r2,O,cheodal,outlet
f89r2,O,dair,unmapped
f89r2,O,cholkeedy,unmapped
f89r2,O,qokedy,heat
f89r2,O,cheal,outlet
f89r2,O,cheo,unmapped
f89r2,O,dal,outlet
f89r2,O,qoaiis,heat
f89r2,O,shey,unmapped
f89r2,O,cpheeedol,outlet
f89r2,O,deey,unmapped
f89r2,O,qockhey,heat
f89r2,O,chaldy,unmapped
f89r2,O,daim,unmapped
f89r2,O,chos,unmapped
f89r2,O,aiin,medium
f89r2,O,cheodal,outlet
f89r2,O,daiin,medium
f89r2,O,chy,unmapped
f89r2,O,chedain,unmapped
f89r2,O,dolchsyckheol,outlet
f89r2,O,daiin,medium
f89r2,O,chody,unmapped
f89r2,O,cheedy,unmapped
f89r2,O,tchodol,outlet
f89r2,O,chor,reflux
f89r2,O,choldy,unmapped
f89r2,O,chos,unmapped
f89r2,O,dol,outlet
f89r2,O,okcheeg,heat
f89r2,O,tol,outlet
f89r2,O,daiin,medium
f89r2,O,daiin,medium
f89r2,O,daiinody,unmapped
f89r2,O,qokeey,heat
f89r2,O,cheoldy,unmapped
f89r2,O,qody,heat
f89r2,O,cheor,reflux
f89r2,O,sain,unmapped
f89r2,O,daiin,medium
f89r2,O,oky,heat
f89r2,O,cheody,unmapped
f89r2,O,cheoky,unmapped
f89r2,O,otold:y,unmapped
f89r2,O,okol,heat
f89r2,O,shol,outlet
f89r2,O,dy,unmapped
f89r2,O,opchoroiin,unmapped
f89r2,O,porachol,outlet
f89r2,O,yody,unmapped
f89r2,O,qoteol,heat
f89r2,O,oldaiin,medium
f89r2,O,otol,outlet
f89r2,O,sheor,reflux
f89r2,O,shor,reflux
f89r2,O,oldaiin,medium
f89r2,O,otchol,outlet
f89r2,O,cheol,outlet
f89r2,O,otolpchy,unmapped
f89r2,O,dar,reflux
f89r2,O,cho,unmapped
f89r2,O,lkeopol,outlet
f89r2,O,oeeor,reflux
f89r2,O,or,reflux
f89r2,O,daiin,medium
f89r2,O,olkey,unmapped
f89r2,O,okeol,heat
f89r2,O,okey,heat
f89r2,O,okeeol,heat
f89r2,O,qoor,heat
f89r2,O,ol,outlet
f89r2,O,chor,reflux
f89r2,O,cheky,unmapped
f89r2,O,chol,outlet
f89r2,O,daiin,medium
f89r2,O,chol,outlet
f89r2,O,cheol,outlet
f89r2,O,koldam,drain
f89r2,O,olcheol,outlet
f89r2,O,dol,outlet
f89r2,O,cheol,outlet
f89r2,O,tos,unmapped
f89r2,O,ol,outlet
f89r2,O,chor,reflux
f89r2,O,ydaiin,medium
f89r2,O,chey,unmapped
f89r2,O,s,unmapped
f89r2,O,oiiin,unmapped
f89r2,O,chckhy,unmapped
f89r2,O,qokeol,heat
f89r2,O,okey,heat
f89r2,O,okeey,heat
f89r2,O,keey,unmapped
f89r2,O,eky,unmapped
f89r2,O,qokol,heat
f89r2,O,okeey,heat
f89r2,O,dal,outlet
f89r2,O,cheeody,unmapped
f89r2,O,oeckhy,unmapped
f89r2,O,ycheo,unmapped
f89r2,O,keeo,unmapped
f89r2,O,ckho,unmapped
f89r2,O,saiin,medium
f89r2,O,okeo,heat
f89r2,O,daiin,medium
f89r2,O,ockhy,unmapped
f89r2,O,s,unmapped
f89r2,O,ockhey,unmapped
f89r2,O,saiin,medium
f89r2,O,chchky,unmapped
f89r2,O,korainy,unmapped
f89r2,O,sodar,reflux
f89r2,O,cheys,unmapped
f89r2,O,cheody,unmapped
f89r2,O,oporain,unmapped
f89r2,O,okshdchos,heat
f89r2,O,kolches,unmapped
f89r2,O,sheol,outlet
f89r2,O,qokeoefy,heat
f89r2,O,sheey,unmapped
f89r2,O,opcheor,reflux
f89r2,O,opcheol,outlet
f89r2,O,shody,unmapped
f89r2,O,sholdy,unmapped
f89r2,O,qokal,heat
f89r2,O,chey,unmapped
f89r2,O,oldy,unmapped
f89r2,O,sheodal,outlet
f89r2,O,ytoldy,unmapped
f89r2,O,daiin,medium
f89r2,O,cheok,unmapped
f89r2,O,o,unmapped
f89r2,O,keol,outlet
f89r2,O,daiin,medium
f89r2,O,dal,outlet
f89r2,O,dair,unmapped
f89r2,O,qokeey,heat
f89r2,O,okeol,heat
f89r2,O,daiin,medium
f89r2,O,ykeody,unmapped
f89r2,O,okeeey,heat
f89r2,O,as,unmapped
f89r2,O,cheey,unmapped
f89r2,O,okeol,heat
f89r2,O,cheo,unmapped
f89r2,O,cheky,unmapped
f89r2,O,yokeeol,outlet
f89r2,O,cheol,outlet
f89r2,O,qokeey,heat
f89r2,O,qokeol,heat
f89r2,O,chey,unmapped
f89r2,O,cheokor,reflux
f89r2,O,okeey,heat
f89r2,O,ky,unmapped
f89r2,O,daiin,medium
f89r2,O,qokeol,heat
f89r2,O,cheey,unmapped
f89r2,O,qokeey,heat
f89r2,O,saiin,medium
f89r2,O,oteos,unmapped
f89r2,O,daiin,medium
f89r2,O,dal,outlet
f89r2,O,sheol,outlet
f89r2,O,s,unmapped
f89r2,O,aiin,medium
f89r2,O,qocheey,heat
f89r2,O,daiiin,unmapped
f89r2,O,qokeeyl,heat
f89r2,O,qokeody,heat
f89r2,O,chol,outlet
f89r2,O,cheol,outlet
f89r2,O,ykeo,unmapped
f89r2,O,qo,heat
f89r2,O,qol,heat
f89r2,O,cheo,unmapped
f89r2,O,loiiin,unmapped
f89r2,O,doigom,unmapped
f89r2,O,scheor,reflux
f89r2,O,sy,unmapped
f89r2,O,sorcheey,unmapped
f89r2,O,dol,outlet
f89r2,O,cheor,reflux
f89r2,O,cheey,unmapped
f89r2,O,keey,unmapped
f89r2,O,qokeey,heat
f89r2,O,daiin,medium
f89r2,O,ycheary,unmapped
f89r2,O,okeey,heat
f89r2,O,keeokechy,unmapped
f89r2,O,cthey,unmapped
f89r2,O,daiin,medium
f89r2,O,dy,unmapped
f89r2,O,qokol,heat
f89r2,O,cheor,reflux
f89r2,O,okoiin,heat
f89r2,O,okeoy,heat
f89r2,O,qoeey,heat
f89r2,O,cheor,reflux
f89r2,O,cheey,unmapped
f89r2,O,qokeol,heat
f89r2,O,cheal,outlet
f89r2,O,s,unmapped
f89r2,O,aiin,medium
f89r2,O,ocheol,outlet
f89r2,O,soiiin,unmapped
f89r2,O,dair,unmapped
f89r2,O,chey,unmapped
f89r2,O,daiin,medium
f89r2,O,o,unmapped
f89r2,O,r,unmapped
f89r2,O,ain,unmapped
f89r2,O,ar,reflux
f89r2,O,ain,unmapped
f89r2,O,ol,outlet
f89r2,O,daiin,medium
f89r2,O,qoaiin,heat
f89r2,O,ol,outlet
f89r2,O,chkaiin,medium
f89r2,O,daiin,medium
f89r2,O,okar,heat
f89r2,O,dair,unmapped
f89r2,O,ydair,unmapped
f89r2,O,okain,heat
f89r2,O,yorain,unmapped
f89r2,O,ofakal,outlet
f89r2,O,otalsy,unmapped
f89r2,O,ytarem,unmapped
f89r2,O,otolarol,outlet
f89v2,O,choeesy,unmapped
f89v2,O,okam,drain
f89v2,O,darcheor,reflux
f89v2,O,chokaro,unmapped
f89v2,O,sheol,outlet
f89v2,O,chokam,drain
f89v2,O,kosar,reflux
f89v2,O,sheol,outlet
f89v2,O,s,unmapped
f89v2,O,aiin,medium
f89v2,O,koiin,unmapped
f89v2,O,chtodaiin,medium
f89v2,O,pdiin,unmapped
f89v2,O,choty,unmapped
f89v2,O,qofoiin,heat
f89v2,O,dy,unmapped
f89v2,O,qopdal,heat
f89v2,O,doiir,unmapped
f89v2,O,ofaiin,medium
f89v2,O,ol,outlet
f89v2,O,cfheol,outlet
f89v2,O,dam,drain
f89v2,O,dain,unmapped
f89v2,O,ykodaiir,unmapped
f89v2,O,okor,heat
f89v2,O,chear,reflux
f89v2,O,otees,unmapped
f89v2,O,eeckhy,unmapped
f89v2,O,s,unmapped
f89v2,O,aiin,medium
f89v2,O,ckhey,unmapped
f89v2,O,otaiin,medium
f89v2,O,okar,heat
f89v2,O,dain,unmapped
f89v2,O,okol,heat
f89v2,O,ol,outlet
f89v2,O,chor,reflux
f89v2,O,dar,reflux
f89v2,O,ychey,unmapped
f89v2,O,okeey,heat
f89v2,O,qoeol,heat
f89v2,O,daiin,medium
f89v2,O,chor,reflux
f89v2,O,chos,unmapped
f89v2,O,cheos,unmapped
f89v2,O,qol,heat
f89v2,O,e,unmapped
f89v2,O,eeey,unmapped
f89v2,O,dal,outlet
f89v2,O,chody,unmapped
f89v2,O,cheor,reflux
f89v2,O,chey,unmapped
f89v2,O,qoaiin,heat
f89v2,O,chody,unmapped
f89v2,O,dair,unmapped
f89v2,O,or,reflux
f89v2,O,cheol,outlet
f89v2,O,chom,unmapped
f89v2,O,qol,heat
f89v2,O,cheo,unmapped
f89v2,O,lcho,unmapped
f89v2,O,l,unmapped
f89v2,O,or,reflux
f89v2,O,cheo,unmapped
f89v2,O,daiin,medium
f89v2,O,chkam,drain
f89v2,O,otory,unmapped
f89v2,O,otair,unmapped
f89v2,O,chody,unmapped
f89v2,O,dykaran,unmapped
f89v2,O,opcheedey,unmapped
f89v2,O,sor,reflux
f89v2,O,oairar,reflux
f89v2,O,sheety,unmapped
f89v2,O,chodor,reflux
f89v2,O,kory,unmapped
f89v2,O,oeear,reflux
f89v2,O,eais,unmapped
f89v2,O,sheotain,unmapped
f89v2,O,ytodaiin,medium
f89v2,O,o,unmapped
f89v2,O,cthos,unmapped
f89v2,O,okaiir,heat
f89v2,O,okeos,heat
f89v2,O,dar,reflux
f89v2,O,s,unmapped
f89v2,O,siin,unmapped
f89v2,O,ykeody,unmapped
f89v2,O,dar,reflux
f89v2,O,okal,heat
f89v2,O,dal,outlet
f89v2,O,dosal,outlet
f89v2,O,dar,reflux
f89v2,O,am,drain
f89v2,O,y,unmapped
f89v2,O,eo,unmapped
f89v2,O,qokeeol,heat
f89v2,O,chey,unmapped
f89v2,O,sair,unmapped
f89v2,O,dam,drain
f89v2,O,chy,unmapped
f89v2,O,for,reflux
f89v2,O,opodaiin,medium
f89v2,O,dam,drain
f89v2,O,sasy,unmapped
f89v2,O,qodam,drain
f89v2,O,yteos,unmapped
f89v2,O,aiin,medium
f89v2,O,yokor,reflux
f89v2,O,chor,reflux
f89v2,O,cthy,unmapped
f89v2,O,daiin,medium
f89v2,O,chos,unmapped
f89v2,O,chey,unmapped
f89v2,O,dar,reflux
f89v2,O,aiin,medium
f89v2,O,choeeer,unmapped
f89v2,O,okar,heat
f89v2,O,chcthy,unmapped
f89v2,O,darais,unmapped
f89v2,O,toar,reflux
f89v2,O,qokeeody,heat
f89v2,O,doef,unmapped
f89v2,O,shey,unmapped
f89v2,O,dair,unmapped
f89v2,O,olsheos,unmapped
f89v2,O,psheoepoain,unmapped
f89v2,O,daiin,medium
f89v2,O,qekor,reflux
f89v2,O,okeor,heat
f89v2,O,otol,outlet
f89v2,O,sheey,unmapped
f89v2,O,daldaiin,medium
f89v2,O,dol,outlet
f89v2,O,dair,unmapped
f89v2,O,chey,unmapped
f89v2,O,okaiin,heat
f89v2,O,shy,unmapped
f89v2,O,daiin,medium
f89v2,O,odor,reflux
f89v2,O,sheos,unmapped
f89v2,O,aiin,medium
f89v2,O,daikeody,unmapped
f89v2,O,qokorar,heat
f89v2,O,sheody,unmapped
f89v2,O,qoko,heat
f89v2,O,ltcheody,unmapped
f89v2,O,otal,outlet
f89v2,O,dar,reflux
f89v2,O,qockhy,heat
f89v2,O,qokal,heat
f89v2,O,okeoy,heat
f89v2,O,chockh:y,unmapped
f89v2,O,daiin,medium
f89v2,O,odaiin,medium
f89v2,O,ykeody,unmapped
f89v2,O,okols,heat
f89v2,O,sheey,unmapped
f89v2,O,keeody,unmapped
f89v2,O,daiin,medium
f89v2,O,qokos,heat
f89v2,O,okeom,heat
f89v2,O,ockhody,unmapped
f89v2,O,daiin,medium
f89v2,O,ykam,drain
f89v2,O,s,unmapped
f89v2,O,chty,unmapped
f89v2,O,chy,unmapped
f89v2,O,cthey,unmapped
f89v2,O,dair,unmapped
f89v2,O,air,unmapped
f89v2,O,chool,outlet
f89v2,O,loy,unmapped
f89v2,O,dair,unmapped
f89v2,O,cheo,unmapped
f89v2,O,daiin,medium
f89v2,O,opaloiiry,unmapped
f89v2,O,otaram,drain
f89v2,O,chtchy,unmapped
f89v2,O,sada,unmapped
f89v2,O,daseky,unmapped
f89v1,O,okoraldy,heat
f89v1,O,otoy,unmapped
f89v1,O,otchar,reflux
f89v1,O,darshody,unmapped
f89v1,O,koldal,outlet
f89v1,O,sfal,outlet
f89v1,O,cfhey,unmapped
f89v1,O,ofcheol,outlet
f89v1,O,opolsy,unmapped
f89v1,O,daiin,medium
f89v1,O,qopol,heat
f89v1,O,oldaiin,medium
f89v1,O,octhody,unmapped
f89v1,O,dor,reflux
f89v1,O,sheey,unmapped
f89v1,O,qokol,heat
f89v1,O,cheol,outlet
f89v1,O,cthody,unmapped
f89v1,O,qockhy,heat
f89v1,O,dain,unmapped
f89v1,O,yteey,unmapped
f89v1,O,otar,reflux
f89v1,O,cthol,outlet
f89v1,O,qokey,heat
f89v1,O,daiin,medium
f89v1,O,cheey,unmapped
f89v1,O,ctho,unmapped
f89v1,O,dy,unmapped
f89v1,O,qoor,heat
f89v1,O,shear,reflux
f89v1,O,s,unmapped
f89v1,O,ol,outlet
f89v1,O,chor,reflux
f89v1,O,chearory,unmapped
f89v1,O,shockhey,unmapped
f89v1,O,orarol,outlet
f89v1,O,cheoky,unmapped
f89v1,O,qoy,heat
f89v1,O,chodair,unmapped
f89v1,O,choky,unmapped
f89v1,O,daiin,medium
f89v1,O,otarokar,reflux
f89v1,O,too,unmapped
f89v1,O,cthor,reflux
f89v1,O,okol,heat
f89v1,O,chekaiin,medium
f89v1,O,os,unmapped
f89v1,O,aiin,medium
f89v1,O,ol,outlet
f89v1,O,cheokchey,unmapped
f89v1,O,qokoiiin,heat
f89v1,O,du,unmapped
f89v1,O,tor,reflux
f89v1,O,sheor,reflux
f89v1,O,cheeor,reflux
f89v1,O,cthey,unmapped
f89v1,O,qokol,heat
f89v1,O,daiin,medium
f89v1,O,chekal,outlet
f89v1,O,dals,unmapped
f89v1,O,chear,reflux
f89v1,O,qotam,drain
f89v1,O,osheokaiin,medium
f89v1,O,s,unmapped
f89v1,O,ain,unmapped
f89v1,O,ol,outlet
f89v1,O,shodain,unmapped
f89v1,O,qokar,heat
f89v1,O,ain,unmapped
f89v1,O,chekal,outlet
f89v1,O,daiin,medium
f89v1,O,dar,reflux
f89v1,O,qokar,heat
f89v1,O,odaiin,medium
f89v1,O,tosheo,unmapped
f89v1,O,fcheody,unmapped
f89v1,O,shekey,unmapped
f89v1,O,or,reflux
f89v1,O,shos,unmapped
f89v1,O,oiir,unmapped
f89v1,O,cphey,unmapped
f89v1,O,qokeody,heat
f89v1,O,cheody,unmapped
f89v1,O,daldy,unmapped
f89v1,O,ykeey,unmapped
f89v1,O,ykeey,unmapped
f89v1,O,odal,outlet
f89v1,O,shoky,unmapped
f89v1,O,okol,heat
f89v1,O,chody,unmapped
f89v1,O,okoaiin,heat
f89v1,O,dal,outlet
f89v1,O,chdy,unmapped
f89v1,O,daldaldy,unmapped
f89v1,O,dcheo,unmapped
f89v1,O,daiin,medium
f89v1,O,cthol,outlet
f89v1,O,daiin,medium
f89v1,O,daldy,unmapped
f89v1,O,okeor,heat
f89v1,O,ytey,unmapped
f89v1,O,keor,reflux
f89v1,O,cheyty,unmapped
f89v1,O,ochy,unmapped
f89v1,O,qokaiin,heat
f89v1,O,ykchol,outlet
f89v1,O,qockhy,heat
f89v1,O,okaldy,heat
f89v1,O,okal,heat
f89v1,O,dal,outlet
f89v1,O,chodar,reflux
f89v1,O,okaiin,heat
f89v1,O,dalg,unmapped
f89v1,O,sal,outlet
f89v1,O,shol,outlet
f89v1,O,ykol,outlet
f89v1,O,daram,drain
f89v1,O,sholckhy,unmapped
f89v1,O,dolchey,unmapped
f89v1,O,dalshdy,unmapped
f89v1,O,okeol,heat
f89v1,O,dalchy,unmapped
f89v1,O,qokol,heat
f89v1,O,sheol,outlet
f89v1,O,qokol,heat
f89v1,O,dal,outlet
f89v1,O,chol,outlet
f89v1,O,dam,drain
f89v1,O,qoeey,heat
f89v1,O,saiin,medium
f89v1,O,ols,unmapped
f89v1,O,chokaiin,medium
f89v1,O,sar,reflux
f89v1,O,a,unmapped
f89v1,O,daiin,medium
f89v1,O,ckhy,unmapped
f89v1,O,qotchy,heat
f89v1,O,okol,heat
f89v1,O,ycheo,unmapped
f89v1,O,cthody,unmapped
f89v1,O,okol,heat
f89v1,O,olkaycthy,unmapped
f89v1,O,sol,outlet
f89v1,O,chey,unmapped
f89v1,O,okchol,heat
f89v1,O,sair,unmapped
f89v1,O,daiin,medium
f89v1,O,okal,heat
f89v1,O,choldy,unmapped
f89v1,O,koeeorain,unmapped
f89v1,O,otorshos,unmapped
f89v1,O,opol,outlet
f89v1,O,olaiin,medium
f89v1,O,opaldaiin,medium
f90r1,O,poleeol,outlet
f90r1,O,qokeol,heat
f90r1,O,qokchod,heat
f90r1,O,choly,unmapped
f90r1,O,cthog,unmapped
f90r1,O,yshol,outlet
f90r1,O,tor,reflux
f90r1,O,sheor,reflux
f90r1,O,qotchor,heat
f90r1,O,qoky,heat
f90r1,O,darala,unmapped
f90r1,O,dair,unmapped
f90r1,O,shkeea,unmapped
f90r1,O,s,unmapped
f90r1,O,sary,unmapped
f90r1,O,okar,heat
f90r1,O,ykorshy,unmapped
f90r1,O,lkaldy,unmapped
f90r1,O,talchor,reflux
f90r1,O,chodaiin,medium
f90r1,O,chocfhor,reflux
f90r1,O,qokchor,heat
f90r1,O,chockhy,unmapped
f90r1,O,okchod,heat
f90r1,O,qofchol,heat
f90r1,O,ytor,reflux
f90r1,O,ckhy,unmapped
f90r1,O,lpychol,outlet
f90r1,O,sho,unmapped
f90r1,O,ol,outlet
f90r1,O,okachey,heat
f90r1,O,r,unmapped
f90r1,O,sheom,unmapped
f90r1,O,kchol,outlet
f90r1,O,dchy,unmapped
f90r1,O,dasady,unmapped
f90r1,O,tol,outlet
f90r1,O,otchol,outlet
f90r1,O,shorydar,reflux
f90r1,O,qokeos,heat
f90r1,O,okeoschso,heat
f90r1,O,chol,outlet
f90r1,O,ytod,unmapped
f90r1,O,qokeos,heat
f90r1,O,dolshy,unmapped
f90r1,O,dar,reflux
f90r1,O,chos,unmapped
f90r1,O,qocthy,heat
f90r1,O,qokcha,heat
f90r1,O,shko,unmapped
f90r1,O,qokol,heat
f90r1,O,oteey,unmapped
f90r1,O,chofy,unmapped
f90r1,O,ykeody,unmapped
f90r1,O,qokod,heat
f90r1,O,kor,reflux
f90r1,O,sheol,outlet
f90r1,O,qodar,heat
f90r1,O,oko,heat
f90r1,O,ykeey,unmapped
f90r1,O,qokeey,heat
f90r1,O,qodar,heat
f90r1,O,qokeed,heat
f90r1,O,s,unmapped
f90r1,O,choky,unmapped
f90r1,O,ykodar,reflux
f90r1,O,qoekchy,heat
f90r1,O,shokol,outlet
f90r1,O,okam,drain
f90r2,O,toealchs,unmapped
f90r2,O,shakol,outlet
f90r2,O,sheo,unmapped
f90r2,O,qoekeey,heat
f90r2,O,soeeol,outlet
f90r2,O,qoteody,heat
f90r2,O,saiin,medium
f90r2,O,ckheo,unmapped
f90r2,O,saiin,medium
f90r2,O,qockhey,heat
f90r2,O,s,unmapped
f90r2,O,ykeeody,unmapped
f90r2,O,s,unmapped
f90r2,O,cheey,unmapped
f90r2,O,chos,unmapped
f90r2,O,ckhs,unmapped
f90r2,O,dsheeos,unmapped
f90r2,O,qokeod,heat
f90r2,O,qokeo,heat
f90r2,O,chol,outlet
f90r2,O,ol,outlet
f90r2,O,okal,heat
f90r2,O,saiin,medium
f90r2,O,ctheo,unmapped
f90r2,O,s,unmapped
f90r2,O,ar,reflux
f90r2,O,al,outlet
f90r2,O,s,unmapped
f90r2,O,oin,unmapped
f90r2,O,cheo,unmapped
f90r2,O,ro,unmapped
f90r2,O,sokeey,unmapped
f90r2,O,qokeeas,heat
f90r2,O,al,outlet
f90r2,O,aral,outlet
f90r2,O,oyr,unmapped
f90r2,O,ychor,reflux
f90r2,O,ckhor,reflux
f90r2,O,qoeeor,heat
f90r2,O,okaiin,heat
f90r2,O,dom,unmapped
f90r2,O,olcheo,unmapped
f90r2,O,rodaiin,medium
f90r2,O,daiin,medium
f90r2,O,qokor,heat
f90r2,O,okoiin,heat
f90r2,O,daiin,medium
f90v2,O,day,unmapped
f90v2,O,qocfhey,heat
f90v2,O,opolraiin,medium
f90v2,O,ofchedal,outlet
f90v2,O,s,unmapped
f90v2,O,shese,unmapped
f90v2,O,shodaiin,medium
f90v2,O,sheas,unmapped
f90v2,O,podchey,unmapped
f90v2,O,ctheod,unmapped
f90v2,O,eeos,unmapped
f90v2,O,cheey,unmapped
f90v2,O,ykeey,unmapped
f90v2,O,s,unmapped
f90v2,O,ois,unmapped
f90v2,O,qokchas,heat
f90v2,O,s,unmapped
f90v2,O,oin,unmapped
f90v2,O,sam,drain
f90v2,O,saiin,medium
f90v2,O,sheom,unmapped
f90v2,O,sheey,unmapped
f90v2,O,keeos,unmapped
f90v2,O,ol,outlet
f90v2,O,cheeor,reflux
f90v2,O,chy,unmapped
f90v2,O,shy,unmapped
f90v2,O,tchody,unmapped
f90v2,O,okeeom,heat
f90v2,O,tchos,unmapped
f90v2,O,oteey,unmapped
f90v2,O,saiin,medium
f90v2,O,okeeey,heat
f90v2,O,tcheody,unmapped
f90v2,O,cpheal,outlet
f90v2,O,qoar,heat
f90v2,O,cheol,outlet
f90v2,O,chos,unmapped
f90v2,O,olols,unmapped
f90v2,O,dshcheal,outlet
f90v2,O,sheol,outlet
f90v2,O,qodar,heat
f90v2,O,sal,outlet
f90v2,O,sheol,outlet
f90v2,O,shey,unmapped
f90v2,O,qokeey,heat
f90v2,O,qokeol,heat
f90v2,O,cheody,unmapped
f90v2,O,s,unmapped
f90v2,O,ykeeol,outlet
f90v2,O,dar,reflux
f90v2,O,chody,unmapped
f90v2,O,y,unmapped
f90v2,O,shey,unmapped
f90v2,O,s,unmapped
f90v2,O,sheeyl,unmapped
f90v2,O,sheol,outlet
f90v2,O,sheody,unmapped
f90v2,O,tol,outlet
f90v2,O,sheo,unmapped
f90v2,O,oteey,unmapped
f90v2,O,chodar,reflux
f90v2,O,chog,unmapped
f90v2,O,teeas,unmapped
f90v2,O,qkeody,unmapped
f90v2,O,qokchy,heat
f90v2,O,oteeol,outlet
f90v2,O,daiin,medium
f90v1,O,pcheor,reflux
f90v1,O,chodar,reflux
f90v1,O,oleees,unmapped
f90v1,O,chepy,unmapped
f90v1,O,shol,outlet
f90v1,O,shckheo,unmapped
f90v1,O,otol,outlet
f90v1,O,shey,unmapped
f90v1,O,cheo,unmapped
f90v1,O,r,unmapped
f90v1,O,cheokeey,unmapped
f90v1,O,tshor,reflux
f90v1,O,olsheod,unmapped
f90v1,O,qodaiin,heat
f90v1,O,qokeor,heat
f90v1,O,sy,unmapped
f90v1,O,oraiin,medium
f90v1,O,ykeeol,outlet
f90v1,O,octheody,unmapped
f90v1,O,y,unmapped
f90v1,O,daiin,medium
f90v1,O,shody,unmapped
f90v1,O,cfheos,unmapped
f90v1,O,qockhy,heat
f90v1,O,chol,outlet
f90v1,O,ol,outlet
f90v1,O,sals,unmapped
f90v1,O,sol,outlet
f90v1,O,yteey,unmapped
f90v1,O,or,reflux
f90v1,O,cheey,unmapped
f90v1,O,tey,unmapped
f90v1,O,kos,unmapped
f90v1,O,sheor,reflux
f90v1,O,chockhor,reflux
f90v1,O,qekeody,unmapped
f90v1,O,cheody,unmapped
f90v1,O,sy,unmapped
f90v1,O,s,unmapped
f90v1,O,olcheey,unmapped
f90v1,O,y,unmapped
f90v1,O,qoky,heat
f90v1,O,dcheey,unmapped
f90v1,O,keey,unmapped
f90v1,O,keeey,unmapped
f90v1,O,cthey,unmapped
f90v1,O,yty,unmapped
f90v1,O,okeeody,heat
f90v1,O,sy,unmapped
f90v1,O,olcheey,unmapped
f90v1,O,sh,unmapped
f90v1,O,qokeys,heat
f90v1,O,shctheo,unmapped
f90v1,O,ror,reflux
f90v1,O,sheol,outlet
f90v1,O,ol,outlet
f90v1,O,kaiin,medium
f90v1,O,ksheodal,outlet
f90v1,O,sheody,unmapped
f90v1,O,qocheoto,heat
f90v1,O,shokol,outlet
f90v1,O,qokeshs,heat
f90v1,O,yteody,unmapped
f90v1,O,podaey,unmapped
f90v1,O,daiin,medium
f90v1,O,okeeey,heat
f90v1,O,cheo,unmapped
f90v1,O,qotecheor,heat
f90v1,O,cthodaim,unmapped
f90v1,O,s,unmapped
f90v1,O,cheol,outlet
f90v1,O,chor,reflux
f90v1,O,okeam,drain
f90v1,O,sheor,reflux
f90v1,O,ol,outlet
f90v1,O,qokeeoky,heat
f90v1,O,okeeol,heat
f90v1,O,okeeodaiin,heat
f90v1,O,ytol,outlet
f90v1,O,sor,reflux
f90v1,O,asiin,unmapped
f90v1,O,aiin,medium
f90v1,O,ykeeor,reflux
f90v1,O,cheos,unmapped
f90v1,O,qey,unmapped
f90v1,O,cheos,unmapped
f90v1,O,oteol,outlet
f90v1,O,okechod,heat
f90v1,O,oeey,unmapped
f90v1,O,keeos,unmapped
f90v1,O,aiiin,unmapped
f90v1,O,deeocthey,unmapped
f90v1,O,keeeol,outlet
f90v1,O,sheol,outlet
f90v1,O,sheol,outlet
f90v1,O,daiin,medium
f93r,Q,kodshol,outlet
f93r,Q,otolsheeos,unmapped
f93r,Q,octhodaly,unmapped
f93r,Q,opalepam,drain
f93r,Q,oepchksheey,unmapped
f93r,Q,qotodain,heat
f93r,Q,s,unmapped
f93r,Q,oar,reflux
f93r,Q,ycham,drain
f93r,Q,s,unmapped
f93r,Q,chol,outlet
f93r,Q,chotom,unmapped
f93r,Q,cthodar,reflux
f93r,Q,sheo,unmapped
f93r,Q,s,unmapped
f93r,Q,oteodal,outlet
f93r,Q,s,unmapped
f93r,Q,ofchoshy,unmapped
f93r,Q,cthoshol,outlet
f93r,Q,dsho,unmapped
f93r,Q,dal,outlet
f93r,Q,dalody,unmapped
f93r,Q,ytchchy,unmapped
f93r,Q,dam,drain
f93r,Q,chody,unmapped
f93r,Q,dal,outlet
f93r,Q,ol,outlet
f93r,Q,schodchy,unmapped
f93r,Q,qotchd,heat
f93r,Q,sol,outlet
f93r,Q,shotol,outlet
f93r,Q,qokchodal,heat
f93r,Q,shody,unmapped
f93r,Q,chotol,outlet
f93r,Q,s,unmapped
f93r,Q,otol,outlet
f93r,Q,ytchdg,unmapped
f93r,Q,ol,outlet
f93r,Q,chody,unmapped
f93r,Q,cfhol,outlet
f93r,Q,dol,outlet
f93r,Q,qokol,heat
f93r,Q,otodar,reflux
f93r,Q,chodain,unmapped
f93r,Q,tar,reflux
f93r,Q,otor,reflux
f93r,Q,s,unmapped
f93r,Q,cho,unmapped
f93r,Q,s,unmapped
f93r,Q,chol,outlet
f93r,Q,sheoees,unmapped
f93r,Q,shor,reflux
f93r,Q,shol,outlet
f93r,Q,ody,unmapped
f93r,Q,cheodaiin,medium
f93r,Q,s,unmapped
f93r,Q,lor,reflux
f93r,Q,sheeody,unmapped
f93r,Q,chodaiin,medium
f93r,Q,s,unmapped
f93r,Q,odar,reflux
f93r,Q,shodam,drain
f93r,Q,okcheody,heat
f93r,Q,cthoctho'l,unmapped
f93r,Q,ychos,unmapped
f93r,Q,chey,unmapped
f93r,Q,keol,outlet
f93r,Q,cheol,outlet
f93r,Q,ckhody,unmapped
f93r,Q,okeol,heat
f93r,Q,oteol,outlet
f93r,Q,s,unmapped
f93r,Q,odam,drain
f93r,Q,sheo,unmapped
f93r,Q,al,outlet
f93r,Q,sal,outlet
f93r,Q,qokor,heat
f93r,Q,shey,unmapped
f93r,Q,okcheor,heat
f93r,Q,sheodom,unmapped
f93r,Q,shodaiin,medium
f93r,Q,qotchy,heat
f93r,Q,kchol,outlet
f93r,Q,r,unmapped
f93r,Q,ychey,unmapped
f93r,Q,ckhos,unmapped
f93r,Q,okcheod,heat
f93r,Q,chr,unmapped
f93r,Q,ochol,outlet
f93r,Q,shodal,outlet
f93r,Q,dol,outlet
f93r,Q,cheodam,drain
f93r,Q,choshy,unmapped
f93r,Q,qokor,heat
f93r,Q,chckhs,unmapped
f93r,Q,tcheo,unmapped
f93r,Q,l,unmapped
f93r,Q,cholchecthody,unmapped
f93r,Q,olkees,unmapped
f93r,Q,shodaiin,medium
f93r,Q,shody,unmapped
f93r,Q,tchor,reflux
f93r,Q,shol,outlet
f93r,Q,r,unmapped
f93r,Q,sheoky,unmapped
f93r,Q,ychockhy,unmapped
f93r,Q,cthol,outlet
f93r,Q,osos,unmapped
f93r,Q,dol,outlet
f93r,Q,shol,outlet
f93r,Q,daiin,medium
f93r,Q,shcthy,unmapped
f93r,Q,kchor,reflux
f93r,Q,cthy,unmapped
f93r,Q,chakal,outlet
f93r,Q,daiin,medium
f93r,Q,oain,unmapped
f93r,Q,okor,heat
f93r,Q,shody,unmapped
f93r,Q,teols,unmapped
f93r,Q,ychocthy,unmapped
f93r,Q,chotey,unmapped
f93r,Q,teey,unmapped
f93r,Q,s,unmapped
f93r,Q,ysaiin,medium
f93r,Q,chotar,reflux
f93r,Q,shody,unmapped
f93r,Q,ocheodaiin,medium
f93r,Q,tchos,unmapped
f93r,Q,sor,reflux
f93r,Q,qokor,heat
f93r,Q,cheo,unmapped
f93r,Q,los,unmapped
f93r,Q,ckheody,unmapped
f93r,Q,ychor,reflux
f93r,Q,odol,outlet
f93r,Q,chodaiin,medium
f93r,Q,s,unmapped
f93r,Q,dain,unmapped
f93r,Q,cho,unmapped
f93r,Q,ctho,unmapped
f93r,Q,cthosg,unmapped
f93r,Q,shodaiin,medium
f93r,Q,qokcho,heat
f93r,Q,cthol,outlet
f93r,Q,ol,outlet
f93r,Q,chol,outlet
f93r,Q,cthol,outlet
f93r,Q,olchod,unmapped
f93r,Q,dol,outlet
f93r,Q,chokal,outlet
f93r,Q,schos,unmapped
f93v,Q,possheody,unmapped
f93v,Q,qoteeo,heat
f93v,Q,qoshocphy,heat
f93v,Q,opchody,unmapped
f93v,Q,opor,reflux
f93v,Q,opchy,unmapped
f93v,Q,otchdal,outlet
f93v,Q,or,reflux
f93v,Q,shodaiin,medium
f93v,Q,yteeody,unmapped
f93v,Q,qotody,heat
f93v,Q,qotchol,heat
f93v,Q,qocthody,heat
f93v,Q,ytey,unmapped
f93v,Q,oky,heat
f93v,Q,daiin,medium
f93v,Q,dar,reflux
f93v,Q,cthog,unmapped
f93v,Q,dchos,unmapped
f93v,Q,chody,unmapped
f93v,Q,qockhol,heat
f93v,Q,oky,heat
f93v,Q,cheodaiin,medium
f93v,Q,oty,unmapped
f93v,Q,daiin,medium
f93v,Q,otal,outlet
f93v,Q,dair,unmapped
f93v,Q,okol,heat
f93v,Q,sol,outlet
f93v,Q,shol,outlet
f93v,Q,shdchy,unmapped
f93v,Q,qokchol,heat
f93v,Q,qokchody,heat
f93v,Q,chol,outlet
f93v,Q,chol,outlet
f93v,Q,ykchy,unmapped
f93v,Q,dar,reflux
f93v,Q,tshoky,unmapped
f93v,Q,cthody,unmapped
f93v,Q,qotchol,heat
f93v,Q,ckhol,outlet
f93v,Q,dchog,unmapped
f93v,Q,s,unmapped
f93v,Q,olo,unmapped
f93v,Q,oteo,unmapped
f93v,Q,chodaiindy,unmapped
f93v,Q,ytchl,unmapped
f93v,Q,ckhol,outlet
f93v,Q,qochocthy,heat
f93v,Q,ctho,unmapped
f93v,Q,chkeey,unmapped
f93v,Q,cthody,unmapped
f93v,Q,s,unmapped
f93v,Q,dar,reflux
f93v,Q,sheyokam,drain
f93v,Q,oees,unmapped
f93v,Q,ckheody,unmapped
f93v,Q,qkcheey,unmapped
f93v,Q,koldy,unmapped
f93v,Q,tchodaiin,medium
f93v,Q,ctheos,unmapped
f93v,Q,shodain,unmapped
f93v,Q,qokeeam,drain
f93v,Q,dcho,unmapped
f93v,Q,chody,unmapped
f93v,Q,teol,outlet
f93v,Q,sheol,outlet
f93v,Q,cheeoldair,unmapped
f93v,Q,okchey,heat
f93v,Q,cthey,unmapped
f93v,Q,dsheog,unmapped
f93v,Q,okeey,heat
f93v,Q,dama,unmapped
f93v,Q,odeeeodl,unmapped
f93v,Q,cheodar,reflux
f93v,Q,oksho,heat
f93v,Q,chody,unmapped
f93v,Q,okchey,heat
f93v,Q,cthol,outlet
f93v,Q,oly,unmapped
f93v,Q,ytchol,outlet
f93v,Q,sar,reflux
f93v,Q,dar,reflux
f93v,Q,ychol,outlet
f93v,Q,chs,unmapped
f93v,Q,ckhy,unmapped
f93v,Q,s,unmapped
f93v,Q,cheeol,outlet
f94r,Q,tchedy,unmapped
f94r,Q,opaiir,unmapped
f94r,Q,chedaiin,medium
f94r,Q,dsheedy,unmapped
f94r,Q,qopchedal,heat
f94r,Q,keodaiin,medium
f94r,Q,otalaiin,medium
f94r,Q,oar,reflux
f94r,Q,dor,reflux
f94r,Q,cheody,unmapped
f94r,Q,okaiin,heat
f94r,Q,odor,reflux
f94r,Q,okal,heat
f94r,Q,okair,heat
f94r,Q,oky,heat
f94r,Q,daiir,unmapped
f94r,Q,qotar,heat
f94r,Q,okar,heat
f94r,Q,olaiin,medium
f94r,Q,todal,outlet
f94r,Q,cholky,unmapped
f94r,Q,qokal,heat
f94r,Q,shdy,unmapped
f94r,Q,qoky,heat
f94r,Q,otody,unmapped
f94r,Q,qokolchey,heat
f94r,Q,qokair,heat
f94r,Q,opary,unmapped
f94r,Q,shor,reflux
f94r,Q,olkeedy,unmapped
f94r,Q,ol,outlet
f94r,Q,kchdy,unmapped
f94r,Q,cheedy,unmapped
f94r,Q,kalchdy,unmapped
f94r,Q,chedaiin,medium
f94r,Q,or,reflux
f94r,Q,chol,outlet
f94r,Q,kar,reflux
f94r,Q,am,drain
f94r,Q,daiin,medium
f94r,Q,chekar,reflux
f94r,Q,olkaiin,medium
f94r,Q,olkeody,unmapped
f94r,Q,ykaiin,medium
f94r,Q,otain,unmapped
f94r,Q,dar,reflux
f94r,Q,okeedy,heat
f94r,Q,ykaro,unmapped
f94r,Q,saiin,medium
f94r,Q,choky,unmapped
f94r,Q,qotchdy,heat
f94r,Q,otaly,unmapped
f94r,Q,chedy,unmapped
f94r,Q,dal,outlet
f94r,Q,dy,unmapped
f94r,Q,chckhaiin,medium
f94r,Q,chk,unmapped
f94r,Q,qof,heat
f94r,Q,pchedar,reflux
f94r,Q,oraiin,medium
f94r,Q,cheor,reflux
f94r,Q,kas,unmapped
f94r,Q,or,reflux
f94r,Q,als,unmapped
f94r,Q,o,unmapped
f94r,Q,xoy,unmapped
f94r,Q,olkain,unmapped
f94r,Q,am,drain
f94r,Q,yty,unmapped
f94r,Q,qokaiin,heat
f94r,Q,ykal,outlet
f94r,Q,chdy,unmapped
f94r,Q,qoky,heat
f94r,Q,osain,unmapped
f94r,Q,chykaidy,unmapped
f94r,Q,dam,drain
f94r,Q,otar,reflux
f94r,Q,chdy,unmapped
f94r,Q,dytchdy,unmapped
f94v,Q,tshedy,unmapped
f94v,Q,chedar,reflux
f94v,Q,char,reflux
f94v,Q,qokchedy,heat
f94v,Q,okal,heat
f94v,Q,dar,reflux
f94v,Q,opchackhy,unmapped
f94v,Q,oteedan,unmapped
f94v,Q,ol,outlet
f94v,Q,teedy,unmapped
f94v,Q,oteey,unmapped
f94v,Q,qekeey,unmapped
f94v,Q,oteey,unmapped
f94v,Q,teedal,outlet
f94v,Q,ykeedy,unmapped
f94v,Q,qotarain,heat
f94v,Q,yshedy,unmapped
f94v,Q,chdaiin,medium
f94v,Q,otedy,unmapped
f94v,Q,sdal,outlet
f94v,Q,tamdy,unmapped
f94v,Q,chdy,unmapped
f94v,Q,qokeey,heat
f94v,Q,tam,drain
f94v,Q,dchdy,unmapped
f94v,Q,otar,reflux
f94v,Q,otchy,unmapped
f94v,Q,kedy,unmapped
f94v,Q,qokchdy,heat
f94v,Q,ol,outlet
f94v,Q,okchy,heat
f94v,Q,tedain,unmapped
f94v,Q,chedy,unmapped
f94v,Q,qokshd,heat
f94v,Q,okchdy,heat
f94v,Q,qokeal,heat
f94v,Q,chorchor,reflux
f94v,Q,tchor,reflux
f94v,Q,am,drain
f94v,Q,ycheeo,unmapped
f94v,Q,lkeol,outlet
f94v,Q,otor,reflux
f94v,Q,opchdy,unmapped
f94v,Q,qotar,heat
f94v,Q,aral,outlet
f94v,Q,otor,reflux
f94v,Q,otchy,unmapped
f94v,Q,tody,unmapped
f94v,Q,oty,unmapped
f94v,Q,toky,unmapped
f94v,Q,shey,unmapped
f94v,Q,qokaiin,heat
f94v,Q,pchedaiin,medium
f94v,Q,sheocthy,unmapped
f94v,Q,daiin,medium
f94v,Q,cphedy,unmapped
f94v,Q,fchd,unmapped
f94v,Q,otchy,unmapped
f94v,Q,qotchy,heat
f94v,Q,par,reflux
f94v,Q,ar,reflux
f94v,Q,ytar,reflux
f94v,Q,okedy,heat
f94v,Q,okeedy,heat
f94v,Q,qokshey,heat
f94v,Q,otaiin,medium
f94v,Q,y,unmapped
f94v,Q,ypchdair,unmapped
f94v,Q,ol,outlet
f94v,Q,s,unmapped
f94v,Q,aiin,medium
f94v,Q,oly,unmapped
f94v,Q,ol,outlet
f94v,Q,air,unmapped
f94v,Q,cheey,unmapped
f94v,Q,okchaiin,heat
f94v,Q,shy,unmapped
f94v,Q,tararain,unmapped
f94v,Q,otody,unmapped
f94v,Q,qodar,heat
f94v,Q,oteey,unmapped
f94v,Q,dar,reflux
f94v,Q,todaiin,medium
f94v,Q,shy,unmapped
f94v,Q,qokar,heat
f94v,Q,chetaiin,medium
f94v,Q,chdy,unmapped
f94v,Q,ykol,outlet
f94v,Q,qoky,heat
f94v,Q,or,reflux
f94v,Q,eedy,unmapped
f94v,Q,oky,heat
f94v,Q,daiin,medium
f94v,Q,chcthy,unmapped
f94v,Q,chdy,unmapped
f94v,Q,chckhy,unmapped
f94v,Q,okaiin,heat
f95r1,Q,kshdor,reflux
f95r1,Q,chepchdy,unmapped
f95r1,Q,ofaiin,medium
f95r1,Q,ol,outlet
f95r1,Q,oldaiin,medium
f95r1,Q,opshol,outlet
f95r1,Q,qokaiin,heat
f95r1,Q,oty,unmapped
f95r1,Q,odain,unmapped
f95r1,Q,ol,outlet
f95r1,Q,chdy,unmapped
f95r1,Q,chdy,unmapped
f95r1,Q,qokaiin,heat
f95r1,Q,shdy,unmapped
f95r1,Q,qokaiin,heat
f95r1,Q,chdy,unmapped
f95r1,Q,kol,outlet
f95r1,Q,chdy,unmapped
f95r1,Q,qoty,heat
f95r1,Q,oky,heat
f95r1,Q,dan,unmapped
f95r1,Q,teodaiin,medium
f95r1,Q,oekeey,unmapped
f95r1,Q,qokees,heat
f95r1,Q,ody,unmapped
f95r1,Q,chekaiin,medium
f95r1,Q,chekaiin,medium
f95r1,Q,chky,unmapped
f95r1,Q,chaiin,medium
f95r1,Q,ycheey,unmapped
f95r1,Q,ky,unmapped
f95r1,Q,olkain,unmapped
f95r1,Q,chey,unmapped
f95r1,Q,kain,unmapped
f95r1,Q,cholky,unmapped
f95r1,Q,chedy,unmapped
f95r1,Q,qokaiin,heat
f95r1,Q,chy,unmapped
f95r1,Q,kaiin,medium
f95r1,Q,ly,unmapped
f95r1,Q,atar,reflux
f95r1,Q,chedy,unmapped
f95r1,Q,todaiin,medium
f95r1,Q,qoky,heat
f95r1,Q,shdaly,unmapped
f95r1,Q,tchdor,reflux
f95r1,Q,or,reflux
f95r1,Q,chekchdy,unmapped
f95r1,Q,qokar,heat
f95r1,Q,chcthy,unmapped
f95r1,Q,qotchdy,heat
f95r1,Q,lshedy,unmapped
f95r1,Q,qoky,heat
f95r1,Q,qofain,heat
f95r1,Q,dy,unmapped
f95r1,Q,ykchedy,unmapped
f95r1,Q,sheky,unmapped
f95r1,Q,chekar,reflux
f95r1,Q,chdain,unmapped
f95r1,Q,chdaiin,medium
f95r1,Q,okar,heat
f95r1,Q,chetchdy,unmapped
f95r1,Q,chdy,unmapped
f95r1,Q,chkam,drain
f95r1,Q,olkor,reflux
f95r1,Q,chdaiin,medium
f95r1,Q,cholkaiin,medium
f95r1,Q,qokeedy,heat
f95r1,Q,qoky,heat
f95r1,Q,chey,unmapped
f95r1,Q,lchedy,unmapped
f95r1,Q,chedy,unmapped
f95r1,Q,alod,unmapped
f95r1,Q,tchdy,unmapped
f95r1,Q,tchor,reflux
f95r1,Q,chol,outlet
f95r1,Q,tar,reflux
f95r1,Q,chdy,unmapped
f95r1,Q,okol,heat
f95r1,Q,ykoldy,unmapped
f95r1,Q,olkeedy,unmapped
f95r1,Q,qotaiin,heat
f95r1,Q,or,reflux
f95r1,Q,daiin,medium
f95r1,Q,chckhy,unmapped
f95r1,Q,okaiin,heat
f95r1,Q,chckhy,unmapped
f95r1,Q,daiin,medium
f95r1,Q,ykedy,unmapped
f95r1,Q,epiin,unmapped
f95r1,Q,okaraiin,heat
f95r1,Q,ls,unmapped
f95r1,Q,ykaiin,medium
f95r1,Q,or,reflux
f95r1,Q,chdy,unmapped
f95r1,Q,chekain,unmapped
f95r1,Q,ol,outlet
f95r1,Q,dar,reflux
f95r1,Q,ykar,reflux
f95r1,Q,olkeey,unmapped
f95r1,Q,ldar,reflux
f95r1,Q,chekal,outlet
f95r2,Q,kshedy,unmapped
f95r2,Q,or,reflux
f95r2,Q,chdy,unmapped
f95r2,Q,dalfchy,unmapped
f95r2,Q,qodaiin,heat
f95r2,Q,chckhyfchy,unmapped
f95r2,Q,daraiin,medium
f95r2,Q,dalal,outlet
f95r2,Q,daiin,medium
f95r2,Q,shody,unmapped
f95r2,Q,chkain,unmapped
f95r2,Q,chol,outlet
f95r2,Q,chckhy,unmapped
f95r2,Q,otain,unmapped
f95r2,Q,oty,unmapped
f95r2,Q,oteedy,unmapped
f95r2,Q,kar,reflux
f95r2,Q,okam,drain
f95r2,Q,todaiin,medium
f95r2,Q,chor,reflux
f95r2,Q,chckhy,unmapped
f95r2,Q,qokol,heat
f95r2,Q,chkar,reflux
f95r2,Q,ol,outlet
f95r2,Q,otaiin,medium
f95r2,Q,ofar,reflux
f95r2,Q,okain,heat
f95r2,Q,aram,drain
f95r2,Q,daiin,medium
f95r2,Q,shody,unmapped
f95r2,Q,tor,reflux
f95r2,Q,or,reflux
f95r2,Q,okain,heat
f95r2,Q,chckhey,unmapped
f95r2,Q,tshod,unmapped
f95r2,Q,qokal,heat
f95r2,Q,ody,unmapped
f95r2,Q,chcfhol,outlet
f95r2,Q,okal,heat
f95r2,Q,chedy,unmapped
f95r2,Q,dalshdy,unmapped
f95r2,Q,qopchdy,heat
f95r2,Q,kary,unmapped
f95r2,Q,y,unmapped
f95r2,Q,olkor,reflux
f95r2,Q,ol,outlet
f95r2,Q,shol,outlet
f95r2,Q,qotar,heat
f95r2,Q,chdy,unmapped
f95r2,Q,chdy,unmapped
f95r2,Q,qokar,heat
f95r2,Q,okar,heat
f95r2,Q,qokar,heat
f95r2,Q,odaly,unmapped
f95r2,Q,dshedy,unmapped
f95r2,Q,otal,outlet
f95r2,Q,qokal,heat
f95r2,Q,dol,outlet
f95r2,Q,or,reflux
f95r2,Q,eeedy,unmapped
f95r2,Q,okeedy,heat
f95r2,Q,okedyted,heat
f95r2,Q,otam,drain
f95r2,Q,tedykaiin,medium
f95r2,Q,y,unmapped
f95r2,Q,cheol,outlet
f95r2,Q,okal,heat
f95r2,Q,chedy,unmapped
f95r2,Q,shdy,unmapped
f95r2,Q,qokchdy,heat
f95r2,Q,otar,reflux
f95r2,Q,chctham,drain
f95r2,Q,poiin,unmapped
f95r2,Q,okar,heat
f95r2,Q,qokol,heat
f95r2,Q,shsdy,unmapped
f95r2,Q,okar,heat
f95r2,Q,chdaiin,medium
f95r2,Q,olky,unmapped
f95v2,Q,tchody,unmapped
f95v2,Q,podar,reflux
f95v2,Q,shody,unmapped
f95v2,Q,qofaiin,heat
f95v2,Q,ofchdy,unmapped
f95v2,Q,otedy,unmapped
f95v2,Q,qotedaiin,heat
f95v2,Q,shor,reflux
f95v2,Q,olsain,unmapped
f95v2,Q,sol,outlet
f95v2,Q,shedy,retain
f95v2,Q,qotchey,heat
f95v2,Q,alor,reflux
f95v2,Q,chdyty,unmapped
f95v2,Q,olor,reflux
f95v2,Q,okady,heat
f95v2,Q,chody,unmapped
f95v2,Q,qotaiin,heat
f95v2,Q,y,unmapped
f95v2,Q,kaipy,unmapped
f95v2,Q,archytaiin,medium
f95v2,Q,shekoiin,unmapped
f95v2,Q,okar,heat
f95v2,Q,or,reflux
f95v2,Q,aiin,medium
f95v2,Q,chckhy,unmapped
f95v2,Q,okal,heat
f95v2,Q,otain,unmapped
f95v2,Q,okalody,heat
f95v2,Q,daiin,medium
f95v2,Q,olkain,unmapped
f95v2,Q,qokan,heat
f95v2,Q,shar,reflux
f95v2,Q,shekydy,unmapped
f95v2,Q,dain,unmapped
f95v2,Q,alkain,unmapped
f95v2,Q,okalaiin,heat
f95v2,Q,s,unmapped
f95v2,Q,tar,reflux
f95v2,Q,fcheey,unmapped
f95v2,Q,shos,unmapped
f95v2,Q,aiin,medium
f95v2,Q,okar,heat
f95v2,Q,olkaiin,medium
f95v2,Q,otalain,unmapped
f95v2,Q,okaiin,heat
f95v2,Q,ar,reflux
f95v2,Q,dain,unmapped
f95v2,Q,ykaly,unmapped
f95v2,Q,chals,unmapped
f95v2,Q,shedain,retain
f95v2,Q,olaiin,medium
f95v2,Q,y,unmapped
f95v2,Q,okain,heat
f95v2,Q,ldy,unmapped
f95v2,Q,qokeey,heat
f95v2,Q,dar,reflux
f95v2,Q,chdykain,unmapped
f95v2,Q,ytasal,outlet
f95v2,Q,otain,unmapped
f95v1,Q,olteedy,unmapped
f95v1,Q,oepaiin,medium
f95v1,Q,oekshy,unmapped
f95v1,Q,qofchdaiin,heat
f95v1,Q,shoyfar,reflux
f95v1,Q,okshy,heat
f95v1,Q,okain,heat
f95v1,Q,ar,reflux
f95v1,Q,alfshed,unmapped
f95v1,Q,okshy,heat
f95v1,Q,tshor,reflux
f95v1,Q,qoksh,heat
f95v1,Q,qokain,heat
f95v1,Q,otar,reflux
f95v1,Q,oty,unmapped
f95v1,Q,qokedy,heat
f95v1,Q,otal,outlet
f95v1,Q,ytchdy,unmapped
f95v1,Q,qokar,heat
f95v1,Q,am,drain
f95v1,Q,tchody,unmapped
f95v1,Q,qokaiin,heat
f95v1,Q,y,unmapped
f95v1,Q,char,reflux
f95v1,Q,okain,heat
f95v1,Q,sheody,unmapped
f95v1,Q,chedy,unmapped
f95v1,Q,chcthykedy,unmapped
f95v1,Q,ety,unmapped
f95v1,Q,dain,unmapped
f95v1,Q,al,outlet
f95v1,Q,tchedy,unmapped
f95v1,Q,qokal,heat
f95v1,Q,oty,unmapped
f95v1,Q,shekshey,unmapped
f95v1,Q,otaldy,unmapped
f95v1,Q,okshey,heat
f95v1,Q,ytshedy,unmapped
f95v1,Q,okarar,heat
f95v1,Q,yty,unmapped
f95v1,Q,chdy,unmapped
f95v1,Q,otal,outlet
f95v1,Q,shedy,retain
f95v1,Q,odaiin,medium
f95v1,Q,chey,unmapped
f95v1,Q,tshdal,outlet
f95v1,Q,qokshy,heat
f95v1,Q,dchdy,unmapped
f95v1,Q,shedy,retain
f95v1,Q,dkshey,unmapped
f95v1,Q,chefar,reflux
f95v1,Q,otchdy,unmapped
f95v1,Q,ol,outlet
f95v1,Q,shedar,retain
f95v1,Q,chdam,drain
f95v1,Q,dshey,unmapped
f95v1,Q,kain,unmapped
f95v1,Q,qokar,heat
f95v1,Q,olkar,reflux
f95v1,Q,chy,unmapped
f95v1,Q,tar,reflux
f95v1,Q,otar,reflux
f95v1,Q,chdy,unmapped
f95v1,Q,kchdy,unmapped
f95v1,Q,dolkain,unmapped
f95v1,Q,otardy,unmapped
f95v1,Q,dchody,unmapped
f95v1,Q,sheos,unmapped
f95v1,Q,qodaiin,heat
f95v1,Q,fchodaiin,medium
f95v1,Q,chtal,outlet
f95v1,Q,dar,reflux
f95v1,Q,okedy,heat
f95v1,Q,okchedy,heat
f95v1,Q,tshey,unmapped
f95v1,Q,taiin,medium
f95v1,Q,ol,outlet
f95v1,Q,k,unmapped
f95v1,Q,shol,outlet
f95v1,Q,kshed,unmapped
f95v1,Q,qokeeod,heat
f95v1,Q,raiin,medium
f95v1,Q,qokeey,heat
f95v1,Q,qoko,heat
f95v1,Q,skchdy,unmapped
f95v1,Q,sain,unmapped
f95v1,Q,sheyk,unmapped
f95v1,Q,chody,unmapped
f95v1,Q,k,unmapped
f95v1,Q,chedain,unmapped
f95v1,Q,chedaiin,medium
f95v1,Q,otain,unmapped
f95v1,Q,daiin,medium
f95v1,Q,pshedar,reflux
f95v1,Q,shedy,retain
f95v1,Q,kshedy,unmapped
f95v1,Q,qotches,heat
f95v1,Q,or,reflux
f95v1,Q,aiin,medium
f95v1,Q,shekaiin,medium
f95v1,Q,otain,unmapped
f95v1,Q,tshes,unmapped
f95v1,Q,qokain,heat
f95v1,Q,shotshey,unmapped
f95v1,Q,s,unmapped
f95v1,Q,aiin,medium
f95v1,Q,ody,unmapped
f95v1,Q,olkchdy,unmapped
f95v1,Q,qotaiin,heat
f95v1,Q,shcthy,unmapped
f95v1,Q,dolkchy,unmapped
f95v1,Q,tchdaiin,medium
f95v1,Q,dal,outlet
f95v1,Q,lshee,unmapped
f95v1,Q,qodain,heat
f95v1,Q,okaiin,heat
f95v1,Q,otody,unmapped
f95v1,Q,chcthy,unmapped
f96r,Q,tor,reflux
f96r,Q,cheeor,reflux
f96r,Q,ckheos,unmapped
f96r,Q,olsheeosol,outlet
f96r,Q,cpheol,outlet
f96r,Q,cpheor,reflux
f96r,Q,chodar,reflux
f96r,Q,ytol,outlet
f96r,Q,oteeor,reflux
f96r,Q,sheol,outlet
f96r,Q,oteey,unmapped
f96r,Q,qokeody,heat
f96r,Q,qokeeody,heat
f96r,Q,cthey,unmapped
f96r,Q,toaiin,medium
f96r,Q,odal,outlet
f96r,Q,chos,unmapped
f96r,Q,ckheody,unmapped
f96r,Q,keody,unmapped
f96r,Q,chodol,outlet
f96r,Q,oty,unmapped
f96r,Q,or,reflux
f96r,Q,chor,reflux
f96r,Q,chkchol,outlet
f96r,Q,chokchor,reflux
f96r,Q,s,unmapped
f96r,Q,or,reflux
f96r,Q,sheockhy,unmapped
f96r,Q,choly,unmapped
f96r,Q,daiin,medium
f96r,Q,chodaiin,medium
f96r,Q,cthey,unmapped
f96r,Q,tol,outlet
f96r,Q,sheor,reflux
f96r,Q,qokeol,heat
f96r,Q,okol,heat
f96r,Q,lor,reflux
f96r,Q,ckheey,unmapped
f96r,Q,chol,outlet
f96r,Q,cholody,unmapped
f96r,Q,cheol,outlet
f96r,Q,ctheor,reflux
f96r,Q,sor,reflux
f96r,Q,oiir,unmapped
f96r,Q,or,reflux
f96r,Q,ckhor,reflux
f96r,Q,chkey,unmapped
f96r,Q,ckhocthy,unmapped
f96r,Q,or,reflux
f96r,Q,chockhy,unmapped
f96r,Q,ykeor,reflux
f96r,Q,secheeol,outlet
f96r,Q,sheol,outlet
f96r,Q,qokeeey,heat
f96r,Q,chol,outlet
f96r,Q,daiin,medium
f96r,Q,todar,reflux
f96r,Q,sheo,unmapped
f96r,Q,cthody,unmapped
f96r,Q,shokocfhy,unmapped
f96r,Q,chopcho,unmapped
f96r,Q,dory,unmapped
f96r,Q,otchodol,outlet
f96r,Q,shocthody,unmapped
f96r,Q,shockhy,unmapped
f96r,Q,otchodor,reflux
f96r,Q,cho,unmapped
f96r,Q,teol,outlet
f96r,Q,cheody,unmapped
f96r,Q,shodol,outlet
f96r,Q,qokchod,heat
f96r,Q,s,unmapped
f96r,Q,aiin,medium
f96r,Q,chokey,unmapped
f96r,Q,dcheor,reflux
f96r,Q,cheol,outlet
f96r,Q,cheodaiin,medium
f96r,Q,ol,outlet
f96r,Q,dy,unmapped
f96r,Q,d,unmapped
f96r,Q,chs,unmapped
f96r,Q,archeody,unmapped
f96r,Q,oteodsho,unmapped
f96r,Q,qotchos,heat
f96v,Q,psheessheeor,reflux
f96v,Q,qoepsheody,heat
f96v,Q,odar,reflux
f96v,Q,ocpheeo,unmapped
f96v,Q,opar,reflux
f96v,Q,ysar,reflux
f96v,Q,osoj,unmapped
f96v,Q,ytear,reflux
f96v,Q,yteor,reflux
f96v,Q,olcheey,unmapped
f96v,Q,dteodoiin,unmapped
f96v,Q,saro,unmapped
f96v,Q,qoches,heat
f96v,Q,y,unmapped
f96v,Q,cheom,unmapped
f96v,Q,dcheoteos,unmapped
f96v,Q,cpheos,unmapped
f96v,Q,sor,reflux
f96v,Q,chcthory,unmapped
f96v,Q,cth,unmapped
f96v,Q,ytchey,unmapped
f96v,Q,daiin,medium
f96v,Q,dsheos,unmapped
f96v,Q,sheey,unmapped
f96v,Q,teocthey,unmapped
f96v,Q,eeodody,unmapped
f96v,Q,tockhy,unmapped
f96v,Q,cthey,unmapped
f96v,Q,ckheeody,unmapped
f96v,Q,ar,reflux
f96v,Q,eeeykey,unmapped
f96v,Q,yteeody,unmapped
f96v,Q,teodar,reflux
f96v,Q,alchey,unmapped
f96v,Q,sy,unmapped
f96v,Q,sheodal,outlet
f96v,Q,choraryl,unmapped
f96v,Q,ycheey,unmapped
f96v,Q,ckheal,outlet
f96v,Q,daiins,unmapped
f96v,Q,oeol,outlet
f96v,Q,ckheor,reflux
f96v,Q,cheoraiin,medium
f96v,Q,ctheor,reflux
f96v,Q,oral,outlet
f96v,Q,char,reflux
f96v,Q,ckhey,unmapped
f96v,Q,sar,reflux
f96v,Q,os,unmapped
f96v,Q,checkhey,unmapped
f96v,Q,so,unmapped
f96v,Q,sosar,reflux
f96v,Q,cheekeo,unmapped
f96v,Q,dain,unmapped
f96v,Q,soysar,reflux
f96v,Q,cheor,reflux
f99r,S,okaradag,heat
f99r,S,okar,heat
f99r,S,y,unmapped
f99r,S,darar,reflux
f99r,S,oky,heat
f99r,S,salo,unmapped
f99r,S,aro,unmapped
f99r,S,ain,unmapped
f99r,S,okor,heat
f99r,S,ralol,outlet
f99r,S,skeeal,outlet
f99r,S,okary,heat
f99r,S,okolo,heat
f99r,S,otalam,drain
f99r,S,otoldy,unmapped
f99r,S,pcheody,unmapped
f99r,S,oteody,unmapped
f99r,S,daiin,medium
f99r,S,cpheey,unmapped
f99r,S,tshol,outlet
f99r,S,dal,outlet
f99r,S,cfheol,outlet
f99r,S,olaiin,medium
f99r,S,sar,reflux
f99r,S,saroshy,unmapped
f99r,S,shor,reflux
f99r,S,s,unmapped
f99r,S,shor,reflux
f99r,S,sheol,outlet
f99r,S,kolsheol,outlet
f99r,S,qoeol,heat
f99r,S,sholkol,outlet
f99r,S,ckhol,outlet
f99r,S,ckhory,unmapped
f99r,S,dcheor,reflux
f99r,S,chr,unmapped
f99r,S,al,outlet
f99r,S,yckhy,unmapped
f99r,S,okeol,heat
f99r,S,ckhor,reflux
f99r,S,oraiin,medium
f99r,S,chor,reflux
f99r,S,qokeeor,heat
f99r,S,chory,unmapped
f99r,S,qokeor,heat
f99r,S,chol,outlet
f99r,S,ykol,outlet
f99r,S,cheey,unmapped
f99r,S,chody,unmapped
f99r,S,ckhol,outlet
f99r,S,daiin,medium
f99r,S,okeoly,heat
f99r,S,daiin,medium
f99r,S,ckhy,unmapped
f99r,S,oparal,outlet
f99r,S,oaro,unmapped
f99r,S,aloly,unmapped
f99r,S,aora,unmapped
f99r,S,choky,unmapped
f99r,S,oky,heat
f99r,S,okeoly,heat
f99r,S,yteold,unmapped
f99r,S,cheotchy,unmapped
f99r,S,kodaiin,medium
f99r,S,opchey,unmapped
f99r,S,qoky,heat
f99r,S,dar,reflux
f99r,S,otchor,reflux
f99r,S,opsho,unmapped
f99r,S,okeol,heat
f99r,S,sheol,outlet
f99r,S,oteoefol,outlet
f99r,S,dsheol,outlet
f99r,S,ckhey,unmapped
f99r,S,ckheol,outlet
f99r,S,okeol,heat
f99r,S,ctheol,outlet
f99r,S,qokey,heat
f99r,S,ckhol,outlet
f99r,S,okeol,heat
f99r,S,okeey,heat
f99r,S,dald,unmapped
f99r,S,tol,outlet
f99r,S,cheody,unmapped
f99r,S,qokol,heat
f99r,S,okoly,heat
f99r,S,okoldy,heat
f99r,S,qokoly,heat
f99r,S,qokal,heat
f99r,S,okchol,heat
f99r,S,qokold,heat
f99r,S,chees,unmapped
f99r,S,okeey,heat
f99r,S,qotol,heat
f99r,S,sheol,outlet
f99r,S,daiin,medium
f99r,S,qotol,heat
f99r,S,okeol,heat
f99r,S,tsholdy,unmapped
f99r,S,okos,heat
f99r,S,oekey,unmapped
f99r,S,dar,reflux
f99r,S,chockhia,unmapped
f99r,S,r,unmapped
f99r,S,cheyet,unmapped
f99r,S,saiiny,unmapped
f99r,S,sory,unmapped
f99r,S,dam,drain
f99r,S,tsheeor,reflux
f99r,S,cpheol,outlet
f99r,S,ey,unmapped
f99r,S,pchol,outlet
f99r,S,ckhey,unmapped
f99r,S,ypchol,outlet
f99r,S,chor,reflux
f99r,S,choly,unmapped
f99r,S,qotocthey,heat
f99r,S,qkory,unmapped
f99r,S,sol,outlet
f99r,S,sheol,outlet
f99r,S,keshey,unmapped
f99r,S,qokeeey,heat
f99r,S,chs,unmapped
f99r,S,chey,unmapped
f99r,S,dalchey,unmapped
f99r,S,ctheey,unmapped
f99r,S,daiin,medium
f99r,S,cheom,unmapped
f99r,S,daiin,medium
f99r,S,cheeokeey,unmapped
f99r,S,checkhey,unmapped
f99r,S,dor,reflux
f99r,S,oldy,unmapped
f99r,S,sheey,unmapped
f99r,S,keody,unmapped
f99r,S,okeeey,heat
f99r,S,s,unmapped
f99r,S,aiin,medium
f99r,S,ols,unmapped
f99r,S,qokey,heat
f99r,S,chkeey,unmapped
f99r,S,chey,unmapped
f99r,S,ckhey,unmapped
f99r,S,ckhey,unmapped
f99r,S,ykeey,unmapped
f99r,S,oiin,unmapped
f99r,S,air,unmapped
f99r,S,chody,unmapped
f99r,S,oeksa,unmapped
f99r,S,yteoldy,unmapped
f99r,S,tolsasy,unmapped
f99r,S,tol,outlet
f99r,S,keey,unmapped
f99r,S,ctheey,unmapped
f99r,S,ykeol,outlet
f99r,S,okeol,heat
f99r,S,ockhey,unmapped
f99r,S,chol,outlet
f99r,S,cheodal,outlet
f99r,S,okeo,heat
f99r,S,r,unmapped
f99r,S,alcheeg,unmapped
f99r,S,orar,reflux
f99r,S,okeeey,heat
f99r,S,keey,unmapped
f99r,S,keear,reflux
f99r,S,okeey,heat
f99r,S,daiin,medium
f99r,S,okeol,heat
f99r,S,s,unmapped
f99r,S,aiin,medium
f99r,S,olaiir,unmapped
f99r,S,oolsal,outlet
f99r,S,qokeeo,heat
f99r,S,okeey,heat
f99r,S,qokeey,heat
f99r,S,okesy,heat
f99r,S,qokeeo,heat
f99r,S,sar,reflux
f99r,S,sheseky,unmapped
f99r,S,or,reflux
f99r,S,al,outlet
f99r,S,yshaiin,medium
f99r,S,ey,unmapped
f99r,S,octhey,unmapped
f99r,S,dy,unmapped
f99r,S,daiin,medium
f99r,S,okor,heat
f99r,S,okeey,heat
f99r,S,shsh,unmapped
f99r,S,ychor,reflux
f99r,S,ols,unmapped
f99r,S,or,reflux
f99r,S,agairom,unmapped
f99v,S,okaramy,heat
f99v,S,otoldy,unmapped
f99v,S,otor,reflux
f99v,S,chy,unmapped
f99v,S,oldy,unmapped
f99v,S,dar,reflux
f99v,S,ary,unmapped
f99v,S,otaly,unmapped
f99v,S,olsy,unmapped
f99v,S,arol,outlet
f99v,S,otoky,unmapped
f99v,S,sol,outlet
f99v,S,cheols,unmapped
f99v,S,ockhey,unmapped
f99v,S,qoy,heat
f99v,S,qkoldy,unmapped
f99v,S,s,unmapped
f99v,S,ok,heat
f99v,S,oleees,unmapped
f99v,S,oteey,unmapped
f99v,S,dain,unmapped
f99v,S,okoiin,heat
f99v,S,choty,unmapped
f99v,S,qokchol,heat
f99v,S,qokeol,heat
f99v,S,okoldy,heat
f99v,S,qoldy,heat
f99v,S,toly,unmapped
f99v,S,daiin,medium
f99v,S,qokeo,heat
f99v,S,qokeol,heat
f99v,S,chockhy,unmapped
f99v,S,otol,outlet
f99v,S,daiin,medium
f99v,S,oty,unmapped
f99v,S,otoey,unmapped
f99v,S,da,unmapped
f99v,S,chor,reflux
f99v,S,aiin,medium
f99v,S,okoraiin,heat
f99v,S,okol,heat
f99v,S,shocthy,unmapped
f99v,S,qokor,heat
f99v,S,oloiram,drain
f99v,S,okoldody,heat
f99v,S,oeeesary,unmapped
f99v,S,daiiinc,unmapped
f99v,S,sary,unmapped
f99v,S,saiino,unmapped
f99v,S,otolsar,reflux
f99v,S,osary,unmapped
f99v,S,doror,reflux
f99v,S,okeeody,heat
f99v,S,opar,reflux
f99v,S,okor,heat
f99v,S,eosaiin,medium
f99v,S,otoraiin,medium
f99v,S,shey,unmapped
f99v,S,ols,unmapped
f99v,S,aiiin,unmapped
f99v,S,qoetal,heat
f99v,S,doiin,unmapped
f99v,S,otey,unmapped
f99v,S,o,unmapped
f99v,S,keeol,outlet
f99v,S,s,unmapped
f99v,S,aiin,medium
f99v,S,okeol,heat
f99v,S,qokeol,heat
f99v,S,ctheol,outlet
f99v,S,qokeol,heat
f99v,S,dy,unmapped
f99v,S,qokaiin,heat
f99v,S,qokeey,heat
f99v,S,chol,outlet
f99v,S,okeoldy,heat
f99v,S,qokol,heat
f99v,S,qokeolo,heat
f99v,S,lchol,outlet
f99v,S,okeol,heat
f99v,S,sheodol,outlet
f99v,S,qokeechom,heat
f99v,S,shokeeey,unmapped
f99v,S,cholshey,unmapped
f99v,S,okol,heat
f99v,S,qokey,heat
f99v,S,okeodal,heat
f99v,S,oldy,unmapped
f99v,S,darolaly,unmapped
f99v,S,okechy,heat
f99v,S,otal,outlet
f99v,S,chor,reflux
f99v,S,olekor,reflux
f99v,S,okeodor,heat
f99v,S,olky,unmapped
f99v,S,doldam,drain
f99v,S,qokeeoy,heat
f99v,S,chokol,outlet
f99v,S,qokeeo,heat
f99v,S,dy,unmapped
f99v,S,qokeeol,heat
f99v,S,olpchey,unmapped
f99v,S,daiir,unmapped
f99v,S,okeedy,heat
f99v,S,okolol,heat
f99v,S,dol,outlet
f99v,S,okeeol,heat
f99v,S,okeor,heat
f99v,S,okal,heat
f99v,S,okaiin,heat
f99v,S,ckheol,outlet
f99v,S,okolaiin,heat
f99v,S,okolaiin,heat
f99v,S,cheoldy,unmapped
f99v,S,yoiin,unmapped
f99v,S,ol,outlet
f99v,S,ol,outlet
f99v,S,olaiin,medium
f99v,S,qockhey,heat
f99v,S,qokol,heat
f99v,S,olshy,unmapped
f99v,S,qokeeor,heat
f99v,S,or,reflux
f99v,S,aiin,medium
f99v,S,doldam,drain
f99v,S,ol,outlet
f99v,S,okeeey,heat
f99v,S,oqoeeol,outlet
f99v,S,cheol,outlet
f99v,S,chody,unmapped
f99v,S,okoiin,heat
f99v,S,oralas,unmapped
f99v,S,eol,outlet
f99v,S,soey,unmapped
f99v,S,qokol,heat
f99v,S,olkeol,outlet
f99v,S,daiin,medium
f99v,S,okoly,heat
f99v,S,ol,outlet
f99v,S,cheey,unmapped
f99v,S,qokeol,heat
f99v,S,okeol,heat
f99v,S,okeol,heat
f99v,S,shokol,outlet
f99v,S,ykey,unmapped
f99v,S,dar,reflux
f99v,S,shol,outlet
f99v,S,okchey,heat
f99v,S,ckhey,unmapped
f99v,S,qokololal,heat
f99v,S,okeol,heat
f99v,S,or,reflux
f99v,S,aiin,medium
f99v,S,okeody,heat
f99v,S,okol,heat
f99v,S,odaiin,medium
f99v,S,qoky,heat
f99v,S,olaldy,unmapped
f99v,S,qockhol,heat
f99v,S,oiin,unmapped
f99v,S,shody,unmapped
f99v,S,qokol,heat
f99v,S,aiidal,outlet
f99v,S,aiidaiim,unmapped
f99v,S,ol,outlet
f99v,S,sheol,outlet
f99v,S,olkeol,outlet
f99v,S,okol,heat
f99v,S,or,reflux
f99v,S,oraloly,unmapped
f99v,S,ykeol,outlet
f99v,S,okal,heat
f99v,S,okaldaly,heat
f99v,S,ychol,outlet
f99v,S,olkeeoldy,unmapped
f99v,S,koleearol,outlet
f100r,S,chosaroshol,outlet
f100r,S,sochorcfhy,unmapped
f100r,S,otear,reflux
f100r,S,chofary,unmapped
f100r,S,sar,reflux
f100r,S,char,reflux
f100r,S,daiindy,unmapped
f100r,S,oraro,unmapped
f100r,S,chalsain,unmapped
f100r,S,soity,unmapped
f100r,S,sosam,drain
f100r,S,dakocth,unmapped
f100r,S,sofam,drain
f100r,S,pcheol,outlet
f100r,S,sheod,unmapped
f100r,S,qocpheeckhy,heat
f100r,S,shodol,outlet
f100r,S,da,unmapped
f100r,S,oto,unmapped
f100r,S,choos,unmapped
f100r,S,sheey,unmapped
f100r,S,cho,unmapped
f100r,S,s,unmapped
f100r,S,dsheor,reflux
f100r,S,cthey,unmapped
f100r,S,qokeey,heat
f100r,S,oteey,unmapped
f100r,S,ykeeodain,unmapped
f100r,S,rorarydaiin,medium
f100r,S,daiin,medium
f100r,S,deeomchol,outlet
f100r,S,shor,reflux
f100r,S,chkeey,unmapped
f100r,S,qoteey,heat
f100r,S,qokeody,heat
f100r,S,qoteold,heat
f100r,S,qokeol,heat
f100r,S,so,unmapped
f100r,S,raiin,medium
f100r,S,otal,outlet
f100r,S,ykeeeo,unmapped
f100r,S,dcheor,reflux
f100r,S,shol,outlet
f100r,S,qokeeol,heat
f100r,S,chor,reflux
f100r,S,chol,outlet
f100r,S,qokeeody,heat
f100r,S,dareu,unmapped
f100r,S,okeeos,heat
f100r,S,shockhey,unmapped
f100r,S,orol,outlet
f100r,S,olcheom,unmapped
f100r,S,oteol,outlet
f100r,S,okols,heat
f100r,S,folshody,unmapped
f100r,S,choldaiin,medium
f100r,S,fchod,unmapped
f100r,S,ycheol,outlet
f100r,S,cphol,outlet
f100r,S,qotees,heat
f100r,S,shey,unmapped
f100r,S,aseso,unmapped
f100r,S,alcfhy,unmapped
f100r,S,soiin,unmapped
f100r,S,chol,outlet
f100r,S,cphol,outlet
f100r,S,shol,outlet
f100r,S,shol,outlet
f100r,S,qockhol,heat
f100r,S,chor,reflux
f100r,S,chol,outlet
f100r,S,sho,unmapped
f100r,S,keey,unmapped
f100r,S,y,unmapped
f100r,S,ykeeam,drain
f100r,S,saiichor,reflux
f100r,S,sheor,reflux
f100r,S,qockhody,heat
f100r,S,odeor,reflux
f100r,S,yk,unmapped
f100r,S,sheey,unmapped
f100r,S,cholsheody,unmapped
f100r,S,sai,unmapped
f100r,S,cheol,outlet
f100r,S,raiin,medium
f100r,S,sheor,reflux
f100r,S,qkeeody,unmapped
f100r,S,chol,outlet
f100r,S,daiin,medium
f100r,S,ctheol,outlet
f100r,S,olcheol,outlet
f100r,S,cheky,unmapped
f100r,S,cheol,outlet
f100r,S,cheockhy,unmapped
f100r,S,okeol,heat
f100r,S,yaiin,medium
f100r,S,chekeey,unmapped
f100r,S,chol,outlet
f100r,S,cholody,unmapped
f100r,S,chos,unmapped
f100r,S,olchor,reflux
f100r,S,qokeol,heat
f100r,S,okeeol,heat
f100r,S,cheols,unmapped
f100r,S,al,outlet
f100r,S,chol,outlet
f100r,S,cheol,outlet
f100r,S,cho,unmapped
f100r,S,chckheody,unmapped
f100r,S,otolchey,unmapped
f100v,S,tolchd,unmapped
f100v,S,chols,unmapped
f100v,S,opchor,reflux
f100v,S,solsy,unmapped
f100v,S,soleesos,unmapped
f100v,S,ykchochdy,unmapped
f100v,S,ykchdy,unmapped
f100v,S,dchdy,unmapped
f100v,S,dalsy,unmapped
f100v,S,okcheor,heat
f100v,S,ytchol,outlet
f100v,S,dykchal,outlet
f100v,S,chos,unmapped
f100v,S,ctharal,outlet
f100v,S,deey,unmapped
f100v,S,sheocphy,unmapped
f100v,S,qoteody,heat
f100v,S,ckhoor,reflux
f100v,S,ar,reflux
f100v,S,chor,reflux
f100v,S,oteey,unmapped
f100v,S,daiin,medium
f100v,S,qokomo,heat
f100v,S,sor,reflux
f100v,S,cheey,unmapped
f100v,S,dair,unmapped
f100v,S,ol,outlet
f100v,S,cheol,outlet
f100v,S,qoolkeey,heat
f100v,S,chol,outlet
f100v,S,cheey,unmapped
f100v,S,qokeol,heat
f100v,S,chotol,outlet
f100v,S,s,unmapped
f100v,S,ykeeol,outlet
f100v,S,chol,outlet
f100v,S,chey,unmapped
f100v,S,eeoseeo,unmapped
f100v,S,s,unmapped
f100v,S,sheeo,unmapped
f100v,S,okeol,heat
f100v,S,ches,unmapped
f100v,S,okeor,heat
f100v,S,okeol,heat
f100v,S,dy,unmapped
f100v,S,chockhey,unmapped
f100v,S,sholkcheol,outlet
f100v,S,qokeol,heat
f100v,S,okol,heat
f100v,S,chol,outlet
f100v,S,chotor,reflux
f100v,S,chso,unmapped
f100v,S,solcthy,unmapped
f100v,S,tachso,unmapped
f100v,S,s,unmapped
f100v,S,ol,outlet
f100v,S,cheo,unmapped
f100v,S,cheeor,reflux
f100v,S,odaidy,unmapped
f100v,S,ckhod,unmapped
f100v,S,sh,unmapped
f100v,S,chod,unmapped
f100v,S,qokeol,heat
f100v,S,sal,outlet
f100v,S,sain,unmapped
f100v,S,cheokeos,unmapped
f100v,S,chockhy,unmapped
f100v,S,chocthey,unmapped
f100v,S,keody,unmapped
f100v,S,choor,reflux
f100v,S,chckhey,unmapped
f100v,S,du,unmapped
f100v,S,ycheoky,unmapped
f100v,S,shokeesy,unmapped
f100v,S,qokeey,heat
f100v,S,chokeol,outlet
f100v,S,saraloaly,unmapped
f100v,S,cheor,reflux
f100v,S,ol,outlet
f100v,S,chockhar,reflux
f100v,S,soral,outlet
f100v,S,okor,heat
f100v,S,ol,outlet
f100v,S,choy,unmapped
f100v,S,ly,unmapped
f100v,S,araroy,unmapped
f100v,S,okar,heat
f100v,S,cheeeal,outlet
f100v,S,cheokeol,outlet
f100v,S,orey,unmapped
f100v,S,daiin,medium
f100v,S,cheky,unmapped
f100v,S,chory,unmapped
f101r,S,pcheol,outlet
f101r,S,sheol,outlet
f101r,S,ol,outlet
f101r,S,shey,unmapped
f101r,S,qockhol,heat
f101r,S,shor,reflux
f101r,S,yteol,outlet
f101r,S,sheockhey,unmapped
f101r,S,qpol,outlet
f101r,S,chear,reflux
f101r,S,s,unmapped
f101r,S,aiin,medium
f101r,S,oleeey,unmapped
f101r,S,qkeey,unmapped
f101r,S,chopcheey,unmapped
f101r,S,checkhey,unmapped
f101r,S,cpheocthy,unmapped
f101r,S,ykchy,unmapped
f101r,S,cheey,unmapped
f101r,S,chekeey,unmapped
f101r,S,dal,outlet
f101r,S,chey,unmapped
f101r,S,dol,outlet
f101r,S,chokeey,unmapped
f101r,S,chkey,unmapped
f101r,S,cthey,unmapped
f101r,S,okalchol,heat
f101r,S,kol,outlet
f101r,S,o,unmapped
f101r,S,keey,unmapped
f101r,S,r,unmapped
f101r,S,or,reflux
f101r,S,ol,outlet
f101r,S,okol,heat
f101r,S,ol,outlet
f101r,S,olchey,unmapped
f101r,S,qok,heat
f101r,S,chal,outlet
f101r,S,okey,heat
f101r,S,qokeol,heat
f101r,S,kar,reflux
f101r,S,shey,unmapped
f101r,S,teol,outlet
f101r,S,or,reflux
f101r,S,oiiin,unmapped
f101r,S,chol,outlet
f101r,S,daiin,medium
f101r,S,oleol,outlet
f101r,S,okeor,heat
f101r,S,r,unmapped
f101r,S,sheol,outlet
f101r,S,qokol,heat
f101r,S,shey,unmapped
f101r,S,dol,outlet
f101r,S,shey,unmapped
f101r,S,okeey,heat
f101r,S,ctheey,unmapped
f101r,S,yteeoldy,unmapped
f101r,S,kchol,outlet
f101r,S,ol,outlet
f101r,S,sheody,unmapped
f101r,S,or,reflux
f101r,S,ol,outlet
f101r,S,sheor,reflux
f101r,S,qotoiir,heat
f101r,S,otol,outlet
f101r,S,sheey,unmapped
f101r,S,s,unmapped
f101r,S,sheo,unmapped
f101r,S,tchey,unmapped
f101r,S,ol,outlet
f101r,S,dar,reflux
f101r,S,am,drain
f101r,S,ycheeo,unmapped
f101r,S,or,reflux
f101r,S,sheeol,outlet
f101r,S,daiin,medium
f101r,S,sheeol,outlet
f101r,S,okeol,heat
f101r,S,ctheol,outlet
f101r,S,keeo,unmapped
f101r,S,qockheol,heat
f101r,S,daiin,medium
f101r,S,shy,unmapped
f101r,S,chol,outlet
f101r,S,okeeor,heat
f101r,S,dy,unmapped
f101r,S,chkchol,outlet
f101r,S,dateody,unmapped
f101r,S,okeol,heat
f101r,S,dairin,unmapped
f101r,S,okeey,heat
f101r,S,okeey,heat
f101r,S,dairin,unmapped
f101r,S,daiin,medium
f101r,S,ctheol,outlet
f101r,S,cheol,outlet
f101r,S,okor,heat
f101r,S,or,reflux
f101r,S,aiin,medium
f101r,S,cheol,outlet
f101r,S,cho,unmapped
f101r,S,keeodchey,unmapped
f101r,S,okol,heat
f101r,S,okeol,heat
f101r,S,dor,reflux
f101r,S,chol,outlet
f101r,S,chy,unmapped
f101r,S,r,unmapped
f101r,S,aiin,medium
f101r,S,oteol,outlet
f101r,S,or,reflux
f101r,S,aiin,medium
f101r,S,ol,outlet
f101r,S,chey,unmapped
f101r,S,oteeod,unmapped
f101r,S,sheol,outlet
f101r,S,okeol,heat
f101r,S,chosaiin,medium
f101r,S,sheam,drain
f101r,S,okeeol,heat
f101r,S,sho,unmapped
f101r,S,shody,unmapped
f101r,S,sho,unmapped
f101r,S,shol,outlet
f101r,S,okeeeol,heat
f101r,S,cheas,unmapped
f101r,S,sheokeey,unmapped
f101r,S,sheeor,reflux
f101r,S,chchy,unmapped
f101r,S,chodaiin,medium
f101r,S,cheeckhey,unmapped
f101r,S,teeol,outlet
f101r,S,s,unmapped
f101r,S,cheol,outlet
f101r,S,rar,reflux
f101r,S,oeeor,reflux
f101r,S,cphoar,reflux
f101r,S,oaiin,medium
f101r,S,ypcholy,unmapped
f101r,S,daiin,medium
f101r,S,otaiin,medium
f101r,S,otaiin,medium
f101r,S,yfolaiin,medium
f101r,S,cheolain,unmapped
f101r,S,ypchey,unmapped
f101r,S,ody,unmapped
f101r,S,shotey,unmapped
f101r,S,odariin,unmapped
f101r,S,sheoor,reflux
f101r,S,sheor,reflux
f101r,S,ckheey,unmapped
f101r,S,ey,unmapped
f101r,S,qokchey,heat
f101r,S,cholp,unmapped
f101r,S,cheol,outlet
f101r,S,dy,unmapped
f101r,S,olaiin,medium
f101r,S,oteol,outlet
f101r,S,chor,reflux
f101r,S,oteey,unmapped
f101r,S,chokchey,unmapped
f101r,S,kor,reflux
f101r,S,daiin,medium
f101r,S,shok,unmapped
f101r,S,chol,outlet
f101r,S,chol,outlet
f101r,S,qoky,heat
f101r,S,daiin,medium
f101r,S,ol,outlet
f101r,S,s,unmapped
f101r,S,al,outlet
f101r,S,ydar,reflux
f101r,S,daiin,medium
f101r,S,or,reflux
f101r,S,ory,unmapped
f101r,S,okeey,heat
f101r,S,daiin,medium
f101r,S,shey,unmapped
f101r,S,daiin,medium
f101r,S,okol,heat
f101r,S,cheor,reflux
f101r,S,daiin,medium
f101r,S,okeol,heat
f101r,S,qokcheol,heat
f101r,S,ykeor,reflux
f101r,S,dar,reflux
f101r,S,ol,outlet
f101r,S,otechy,unmapped
f101r,S,ykeor,reflux
f101r,S,dor,reflux
f101r,S,aiin,medium
f101r,S,chl,unmapped
f101r,S,s,unmapped
f101r,S,cheol,outlet
f101r,S,okeol,heat
f101r,S,shey,unmapped
f101r,S,qodar,heat
f101r,S,soiin,unmapped
f101r,S,choko,unmapped
f101r,S,qokeol,heat
f101r,S,daiin,medium
f101r,S,o,unmapped
f101r,S,dar,reflux
f101r,S,okchol,heat
f101r,S,cheo,unmapped
f101r,S,rcheky,unmapped
f101r,S,ysho,unmapped
f101r,S,qykeeol,outlet
f101r,S,chol,outlet
f101r,S,sho,unmapped
f101r,S,odor,reflux
f101r,S,dor,reflux
f101r,S,chees,unmapped
f101r,S,ykeol,outlet
f101r,S,chol,outlet
f101r,S,dol,outlet
f101r,S,kor,reflux
f101r,S,ay,unmapped
f101r,S,ol,outlet
f101r,S,chso,unmapped
f101r,S,sha,unmapped
f101r,S,olcheeol,outlet
f101r,S,kolshey,unmapped
f101r,S,okeoly,heat
f101r,S,oiin,unmapped
f101r,S,aiioly,unmapped
f101v,S,sairaly,unmapped
f101v,S,otaldy,unmapped
f101v,S,otol,outlet
f101v,S,ytal,outlet
f101v,S,dokor,reflux
f101v,S,orar,reflux
f101v,S,otarar,reflux
f101v,S,otoly,unmapped
f101v,S,soraly,unmapped
f101v,S,okol,heat
f101v,S,arom,unmapped
f101v,S,oraram,drain
f101v,S,oraeep,unmapped
f101v,S,dytolg,unmapped
f101v,S,olkor,reflux
f101v,S,dolary,unmapped
f101v,S,odor,reflux
f101v,S,olaran,unmapped
f101v,S,tolchor,reflux
f101v,S,cheopor,reflux
f101v,S,or,reflux
f101v,S,ody,unmapped
f101v,S,cphey,unmapped
f101v,S,r,unmapped
f101v,S,shee,unmapped
f101v,S,fol,outlet
f101v,S,s,unmapped
f101v,S,oiin,unmapped
f101v,S,otsheey,unmapped
f101v,S,otchy,unmapped
f101v,S,kcho,unmapped
f101v,S,pcholy,unmapped
f101v,S,chor,reflux
f101v,S,or,reflux
f101v,S,choror,reflux
f101v,S,sy,unmapped
f101v,S,dorar,reflux
f101v,S,okoraiin,heat
f101v,S,orolodain,unmapped
f101v,S,or,reflux
f101v,S,aiin,medium
f101v,S,or,reflux
f101v,S,o,unmapped
f101v,S,or,reflux
f101v,S,odam,drain
f101v,S,chor,reflux
f101v,S,s,unmapped
f101v,S,aiin,medium
f101v,S,okor,heat
f101v,S,cheeor,reflux
f101v,S,sheeol,outlet
f101v,S,qokol,heat
f101v,S,etol,outlet
f101v,S,qoor,heat
f101v,S,cheey,unmapped
f101v,S,qykeod,unmapped
f101v,S,oeeo,unmapped
f101v,S,r,unmapped
f101v,S,choy,unmapped
f101v,S,s,unmapped
f101v,S,okeeody,heat
f101v,S,chodaiin,medium
f101v,S,cthy,unmapped
f101v,S,okody,heat
f101v,S,dar,reflux
f101v,S,ycheor,reflux
f101v,S,oo,unmapped
f101v,S,dain,unmapped
f101v,S,cheokal,outlet
f101v,S,ody,unmapped
f101v,S,cheeods,unmapped
f101v,S,oraiin,medium
f101v,S,qoeey,heat
f101v,S,cthey,unmapped
f101v,S,eocthy,unmapped
f101v,S,dain,unmapped
f101v,S,cheod,unmapped
f101v,S,dydy,unmapped
f101v,S,ksear,reflux
f101v,S,lol,outlet
f101v,S,keeol,outlet
f101v,S,otal,outlet
f101v,S,or,reflux
f101v,S,ol,outlet
f101v,S,aiin,medium
f101v,S,okeod,heat
f101v,S,ey,unmapped
f101v,S,dain,unmapped
f101v,S,olcheol,outlet
f101v,S,opcheol,outlet
f101v,S,cthey,unmapped
f101v,S,qekeoldy,unmapped
f101v,S,qocthor,heat
f101v,S,sheody,unmapped
f101v,S,qoey,heat
f101v,S,odaiin,medium
f101v,S,shoytolaiin,medium
f101v,S,sodaiin,medium
f101v,S,dy,unmapped
f101v,S,yaiin,medium
f101v,S,ol,outlet
f101v,S,olor,reflux
f101v,S,daiin,medium
f101v,S,okeey,heat
f101v,S,qok,heat
f101v,S,ykeol,outlet
f101v,S,daiin,medium
f101v,S,qockhy,heat
f101v,S,daiin,medium
f101v,S,olchdar,reflux
f101v,S,qokeol,heat
f101v,S,dol,outlet
f101v,S,oraiin,medium
f101v,S,oldaiin,medium
f101v,S,keeol,outlet
f101v,S,rch,unmapped
f101v,S,qokeeeor,heat
f101v,S,s,unmapped
f101v,S,ydy,unmapped
f101v,S,cheor,reflux
f101v,S,okeey,heat
f101v,S,choldy,unmapped
f101v,S,dar,reflux
f101v,S,teeeol,outlet
f101v,S,sheol,outlet
f101v,S,qokeor,heat
f101v,S,ol,outlet
f101v,S,olcho,unmapped
f101v,S,r,unmapped
f101v,S,chokey,unmapped
f101v,S,chor,reflux
f101v,S,ctheey,unmapped
f101v,S,daiindaiin,medium
f101v,S,cheeody,unmapped
f101v,S,cheey,unmapped
f101v,S,keo,unmapped
f101v,S,cheol,outlet
f101v,S,daiiin,unmapped
f101v,S,deeor,reflux
f101v,S,cheedy,unmapped
f101v,S,daiin,medium
f101v,S,dair,unmapped
f101v,S,yteol,outlet
f101v,S,chor,reflux
f101v,S,qockhol,heat
f101v,S,daiin,medium
f101v,S,ckheey,unmapped
f101v,S,chey,unmapped
f101v,S,kchey,unmapped
f101v,S,daoiin,unmapped
f101v,S,okeey,heat
f101v,S,ckheo,unmapped
f101v,S,l,unmapped
f101v,S,cheody,unmapped
f101v,S,kcheol,outlet
f101v,S,daiin,medium
f101v,S,eteeos,unmapped
f101v,S,ctheody,unmapped
f101v,S,ctheo,unmapped
f101v,S,ckhosh,unmapped
f101v,S,olchor,reflux
f101v,S,olaiin,medium
f101v,S,okeol,heat
f101v,S,cheo,unmapped
f101v,S,kol,outlet
f101v,S,ches,unmapped
f101v,S,sheey,unmapped
f101v,S,qoor,heat
f101v,S,qokeody,heat
f101v,S,cheor,reflux
f101v,S,okeo,heat
f101v,S,oiin,unmapped
f101v,S,cheey,unmapped
f101v,S,cthey,unmapped
f101v,S,ory,unmapped
f101v,S,ctheey,unmapped
f101v,S,qokeey,heat
f101v,S,shol,outlet
f101v,S,ody,unmapped
f101v,S,cheol,outlet
f101v,S,oralar,reflux
f101v,S,shey,unmapped
f101v,S,qokar,heat
f101v,S,ary,unmapped
f101v,S,sal,outlet
f101v,S,chol,outlet
f101v,S,choly,unmapped
f101v,S,okeey,heat
f101v,S,dal,outlet
f101v,S,qol,heat
f101v,S,shckheol,outlet
f101v,S,chol,outlet
f101v,S,cthear,reflux
f101v,S,keeol,outlet
f101v,S,cheeo,unmapped
f101v,S,ol,outlet
f101v,S,chs,unmapped
f101v,S,oraiin,medium
f101v,S,qokeeey,heat
f101v,S,soiin,unmapped
f101v,S,qodaiin,heat
f101v,S,cheol,outlet
f101v,S,qokeey,heat
f101v,S,daiin,medium
f101v,S,cheodam,drain
f101v,S,teol,outlet
f101v,S,cheol,outlet
f101v,S,etchey,unmapped
f101v,S,cheo,unmapped
f101v,S,r,unmapped
f101v,S,cheol,outlet
f101v,S,cthol,outlet
f101v,S,cholaiin,medium
f101v,S,chol,outlet
f101v,S,qkar,reflux
f102r1,S,daarod,unmapped
f102r1,S,otodeeodor,reflux
f102r1,S,polaiin,medium
f102r1,S,shocthy,unmapped
f102r1,S,qoteol,heat
f102r1,S,loiiin,unmapped
f102r1,S,oteeor,reflux
f102r1,S,cpheodar,reflux
f102r1,S,sholdaiin,medium
f102r1,S,dsheody,unmapped
f102r1,S,okeeoy,heat
f102r1,S,kod,unmapped
f102r1,S,chkeeody,unmapped
f102r1,S,daraiiin,unmapped
f102r1,S,ctheoly,unmapped
f102r1,S,qokcheololain,heat
f102r1,S,ytol,outlet
f102r1,S,sheol,outlet
f102r1,S,she,unmapped
f102r1,S,olaiin,medium
f102r1,S,orain,unmapped
f102r1,S,oraroekeol,outlet
f102r1,S,chol,outlet
f102r1,S,ekey,unmapped
f102r1,S,qokol,heat
f102r1,S,dain,unmapped
f102r1,S,daiin,medium
f102r1,S,ykeeol,outlet
f102r1,S,oldy,unmapped
f102r1,S,okodaiin,heat
f102r1,S,okolaly,heat
f102r1,S,pshodaiin,medium
f102r1,S,qoorar,heat
f102r1,S,chopy,unmapped
f102r1,S,chofol,outlet
f102r1,S,daiin,medium
f102r1,S,oteol,outlet
f102r1,S,qoteol,heat
f102r1,S,doly,unmapped
f102r1,S,daiin,medium
f102r1,S,orsheoldy,unmapped
f102r1,S,qokeol,heat
f102r1,S,oteeody,unmapped
f102r1,S,lshodykeodal,outlet
f102r1,S,qokshdy,heat
f102r1,S,sy,unmapped
f102r1,S,ycheol,outlet
f102r1,S,sholdy,unmapped
f102r1,S,chol,outlet
f102r1,S,chol,outlet
f102r1,S,ykeeol,outlet
f102r1,S,dol,outlet
f102r1,S,doleodaiin,medium
f102r1,S,dal,outlet
f102r1,S,cthedy,unmapped
f102r1,S,dcheo,unmapped
f102r1,S,qockhy,heat
f102r1,S,sol,outlet
f102r1,S,sheey,unmapped
f102r1,S,okeody,heat
f102r1,S,qokeodol,heat
f102r1,S,shockhey,unmapped
f102r1,S,oleeol,outlet
f102r1,S,ddardsh,unmapped
f102r1,S,teesody,unmapped
f102r1,S,qoeol,heat
f102r1,S,olcheor,reflux
f102r1,S,qokey,heat
f102r1,S,okshey,heat
f102r1,S,qokeol,heat
f102r1,S,sheofoly,unmapped
f102r1,S,doeey,unmapped
f102r1,S,keeol,outlet
f102r1,S,qokeo,heat
f102r1,S,daor,reflux
f102r1,S,shey,unmapped
f102r1,S,qoteol,heat
f102r1,S,okol,heat
f102r1,S,chos,unmapped
f102r1,S,s,unmapped
f102r1,S,or,reflux
f102r1,S,oeeaiin,medium
f102r1,S,or,reflux
f102r1,S,chol,outlet
f102r1,S,daiin,medium
f102r1,S,dykeor,reflux
f102r1,S,sheey,unmapped
f102r1,S,qokeody,heat
f102r1,S,dor,reflux
f102r1,S,os,unmapped
f102r1,S,ykeeykam,drain
f102r1,S,ddor,reflux
f102r1,S,chordam,drain
f102r1,S,soraiin,medium
f102r1,S,ykeey,unmapped
f102r1,S,dy,unmapped
f102r1,S,okeol,heat
f102r1,S,doeoear,reflux
f102r1,S,s,unmapped
f102r1,S,aral,outlet
f102r1,S,dor,reflux
f102r1,S,ydar,reflux
f102r1,S,arody,unmapped
f102r1,S,oldaiin,medium
f102r1,S,sody,unmapped
f102r1,S,chockhy,unmapped
f102r1,S,oly,unmapped
f102r2,S,kodaiig,unmapped
f102r2,S,lsais,unmapped
f102r2,S,azg,unmapped
f102r2,S,cheey,unmapped
f102r2,S,cfhey,unmapped
f102r2,S,por,reflux
f102r2,S,aiin,medium
f102r2,S,chefol,outlet
f102r2,S,y,unmapped
f102r2,S,ycheor,reflux
f102r2,S,olaiin,medium
f102r2,S,olsho,unmapped
f102r2,S,qokol,heat
f102r2,S,olaiin,medium
f102r2,S,oldam,drain
f102r2,S,daiin,medium
f102r2,S,ckheeol,outlet
f102r2,S,oldor,reflux
f102r2,S,okol,heat
f102r2,S,cheodor,reflux
f102r2,S,sor,reflux
f102r2,S,airam,drain
f102r2,S,tor,reflux
f102r2,S,sheo,unmapped
f102r2,S,or,reflux
f102r2,S,chey,unmapped
f102r2,S,qoor,heat
f102r2,S,yteor,reflux
f102r2,S,chol,outlet
f102r2,S,choky,unmapped
f102r2,S,daiin,medium
f102r2,S,okody,heat
f102r2,S,qokeody,heat
f102r2,S,okeol,heat
f102r2,S,dor,reflux
f102r2,S,chckhy,unmapped
f102r2,S,oteod,unmapped
f102r2,S,s,unmapped
f102r2,S,orsy,unmapped
f102r2,S,okrolda,heat
f102r2,S,kolor,reflux
f102r2,S,olaiin,medium
f102r2,S,opor,reflux
f102r2,S,shey,unmapped
f102r2,S,opolkod,unmapped
f102r2,S,odain,unmapped
f102r2,S,sheo,unmapped
f102r2,S,qoeol,heat
f102r2,S,shey,unmapped
f102r2,S,dor,reflux
f102r2,S,oiin,unmapped
f102r2,S,okeody,heat
f102r2,S,qokeol,heat
f102r2,S,sheoy,unmapped
f102r2,S,qoochey,heat
f102r2,S,ckheol,outlet
f102r2,S,sheey,unmapped
f102r2,S,skeekyd,unmapped
f102r2,S,shockhy,unmapped
f102r2,S,qockhey,heat
f102r2,S,sol,outlet
f102r2,S,eeey,unmapped
f102r2,S,dol,outlet
f102r2,S,cheol,outlet
f102r2,S,doaiin,medium
f102r2,S,qkeeey,unmapped
f102r2,S,cthey,unmapped
f102r2,S,kockhas,unmapped
f102r2,S,okor,heat
f102r2,S,ykeey,unmapped
f102r2,S,okeey,heat
f102r2,S,qokeey,heat
f102r2,S,dol,outlet
f102r2,S,ol,outlet
f102r2,S,sheody,unmapped
f102r2,S,okey,heat
f102r2,S,da,unmapped
f102r2,S,l,unmapped
f102r2,S,y,unmapped
f102r2,S,ytchy,unmapped
f102r2,S,o,unmapped
f102r2,S,l,unmapped
f102r2,S,ockhy,unmapped
f102r2,S,okeey,heat
f102r2,S,cheody,unmapped
f102r2,S,saiin,medium
f102r2,S,dol,outlet
f102r2,S,ockhy,unmapped
f102r2,S,okeady,heat
f102r2,S,loeekadag,unmapped
f102r2,S,osheal,outlet
f102r2,S,sodch,unmapped
f102r2,S,ol,outlet
f102r2,S,dody,unmapped
f102r2,S,cthol,outlet
f102r2,S,soeees,unmapped
f102r2,S,ykeody,unmapped
f102r2,S,qokeey,heat
f102r2,S,qotchy,heat
f102r2,S,soefchocphy,unmapped
f102r2,S,ykeockhey,unmapped
f102r2,S,okey,heat
f102r2,S,qokeeo,heat
f102r2,S,ckhey,unmapped
f102r2,S,qokey,heat
f102r2,S,desey,unmapped
f102r2,S,qyoeey,unmapped
f102r2,S,dol,outlet
f102r2,S,chkey,unmapped
f102r2,S,choky,unmapped
f102r2,S,otol,outlet
f102r2,S,shey,unmapped
f102r2,S,qockhey,heat
f102r2,S,dol,outlet
f102r2,S,shey,unmapped
f102r2,S,dol,outlet
f102r2,S,sheey,unmapped
f102r2,S,qokol,heat
f102r2,S,daiin,medium
f102r2,S,oky,heat
f102r2,S,oky,heat
f102r2,S,qokeod,heat
f102r2,S,okeal,heat
f102r2,S,okeo,heat
f102r2,S,l,unmapped
f102r2,S,y,unmapped
f102r2,S,cheo,unmapped
f102r2,S,ckhey,unmapped
f102r2,S,qody,heat
f102r2,S,qokey,heat
f102r2,S,ody,unmapped
f102r2,S,keeody,unmapped
f102r2,S,chody,unmapped
f102r2,S,ykeey,unmapped
f102r2,S,keeol,outlet
f102r2,S,cheos,unmapped
f102r2,S,ydeeal,outlet
f102r2,S,cheody,unmapped
f102r2,S,ykeea,unmapped
f102r2,S,d,unmapped
f102r2,S,o,unmapped
f102r2,S,lchey,unmapped
f102r2,S,koldarod,unmapped
f102r2,S,odalydary,unmapped
f102v2,S,porshols,unmapped
f102v2,S,soaimy,unmapped
f102v2,S,oror,reflux
f102v2,S,chor,reflux
f102v2,S,sachy,unmapped
f102v2,S,okeos,heat
f102v2,S,okol,heat
f102v2,S,otory,unmapped
f102v2,S,ok,heat
f102v2,S,okody,heat
f102v2,S,cheor,reflux
f102v2,S,okoroeey,heat
f102v2,S,opchy,unmapped
f102v2,S,sarol,outlet
f102v2,S,olrodar,reflux
f102v2,S,tod,unmapped
f102v2,S,podeesho,unmapped
f102v2,S,oteeos,unmapped
f102v2,S,sheor,reflux
f102v2,S,qoteeo,heat
f102v2,S,ch,unmapped
f102v2,S,y,unmapped
f102v2,S,shkeey,unmapped
f102v2,S,chekeod,unmapped
f102v2,S,ocheos,unmapped
f102v2,S,chyokeor,reflux
f102v2,S,okeol,heat
f102v2,S,okeol,heat
f102v2,S,shy,unmapped
f102v2,S,y,unmapped
f102v2,S,deeeo,unmapped
f102v2,S,qoeeor,heat
f102v2,S,o,unmapped
f102v2,S,eoy,unmapped
f102v2,S,cheos,unmapped
f102v2,S,o,unmapped
f102v2,S,l,unmapped
f102v2,S,o,unmapped
f102v2,S,r,unmapped
f102v2,S,o,unmapped
f102v2,S,l,unmapped
f102v2,S,okeeos,heat
f102v2,S,ain,unmapped
f102v2,S,qokeor,heat
f102v2,S,cho,unmapped
f102v2,S,keeol,outlet
f102v2,S,okeeey,heat
f102v2,S,qokeody,heat
f102v2,S,chockhey,unmapped
f102v2,S,qokeey,heat
f102v2,S,dol,outlet
f102v2,S,ol,outlet
f102v2,S,sheeoy,unmapped
f102v2,S,tody,unmapped
f102v2,S,cheoc,unmapped
f102v2,S,ycheey,unmapped
f102v2,S,s,unmapped
f102v2,S,od,unmapped
f102v2,S,eey,unmapped
f102v2,S,okeeor,heat
f102v2,S,cheol,outlet
f102v2,S,os,unmapped
f102v2,S,oiin,unmapped
f102v2,S,oeees,unmapped
f102v2,S,okear,heat
f102v2,S,chey,unmapped
f102v2,S,keey,unmapped
f102v2,S,saiin,medium
f102v2,S,oteo,unmapped
f102v2,S,dain,unmapped
f102v2,S,or,reflux
f102v2,S,aiin,medium
f102v2,S,cheol,outlet
f102v2,S,s,unmapped
f102v2,S,oiir,unmapped
f102v2,S,chol,outlet
f102v2,S,sheey,unmapped
f102v2,S,qockhy,heat
f102v2,S,ol,outlet
f102v2,S,keo,unmapped
f102v2,S,r,unmapped
f102v2,S,okeody,heat
f102v2,S,okeor,heat
f102v2,S,cho,unmapped
f102v2,S,okey,heat
f102v2,S,okey,heat
f102v2,S,shey,unmapped
f102v2,S,okey,heat
f102v2,S,oiees,unmapped
f102v2,S,or,reflux
f102v2,S,eey,unmapped
f102v2,S,okolky,heat
f102v2,S,osain,unmapped
f102v2,S,aiky,unmapped
f102v2,S,okeeoraiin,heat
f102v2,S,okockhy,heat
f102v2,S,os,unmapped
f102v2,S,pydchy,unmapped
f102v2,S,odiy,unmapped
f102v2,S,pcheady,unmapped
f102v2,S,qoekeey,heat
f102v2,S,oteey,unmapped
f102v2,S,qokeod,heat
f102v2,S,sheey,unmapped
f102v2,S,opaiin,medium
f102v2,S,deear,reflux
f102v2,S,oldeey,unmapped
f102v2,S,ckhy,unmapped
f102v2,S,sheeody,unmapped
f102v2,S,eeos,unmapped
f102v2,S,sheshe,unmapped
f102v2,S,oeeor,reflux
f102v2,S,ykeear,reflux
f102v2,S,chekeey,unmapped
f102v2,S,ykory,unmapped
f102v2,S,dar,reflux
f102v2,S,cheor,reflux
f102v2,S,shoar,reflux
f102v2,S,okeol,heat
f102v2,S,shoy,unmapped
f102v2,S,s,unmapped
f102v2,S,ar,reflux
f102v2,S,oky,heat
f102v2,S,cheeor,reflux
f102v2,S,ol,outlet
f102v2,S,daiin,medium
f102v2,S,sy,unmapped
f102v2,S,qokeor,heat
f102v2,S,sho,unmapped
f102v2,S,keeeos,unmapped
f102v2,S,cheor,reflux
f102v2,S,o,unmapped
f102v2,S,s,unmapped
f102v2,S,al,outlet
f102v2,S,chos,unmapped
f102v2,S,aiiin,unmapped
f102v2,S,o,unmapped
f102v2,S,ky,unmapped
f102v2,S,okaraiin,heat
f102v2,S,sorshey,unmapped
f102v2,S,okeeor,heat
f102v2,S,sheockhey,unmapped
f102v2,S,qokeos,heat
f102v2,S,okchol,heat
f102v2,S,ctheor,reflux
f102v2,S,okey,heat
f102v2,S,sal,outlet
f102v2,S,ychor,reflux
f102v2,S,sheol,outlet
f102v2,S,por,reflux
f102v2,S,sheeor,reflux
f102v2,S,shekeey,unmapped
f102v2,S,qoky,heat
f102v2,S,cheo,unmapped
f102v2,S,teody,unmapped
f102v2,S,qokeol,heat
f102v2,S,daiin,medium
f102v2,S,okeeor,heat
f102v2,S,cheey,unmapped
f102v2,S,okeey,heat
f102v2,S,sor,reflux
f102v2,S,eeey,unmapped
f102v2,S,okey,heat
f102v2,S,okey,heat
f102v2,S,okeey,heat
f102v2,S,qokeor,heat
f102v2,S,tchor,reflux
f102v2,S,ar,reflux
f102v2,S,chey,unmapped
f102v2,S,kor,reflux
f102v2,S,or,reflux
f102v2,S,cthey,unmapped
f102v2,S,qoeeey,heat
f102v2,S,qokeey,heat
f102v2,S,okeoroly,heat
f102v2,S,sar,reflux
f102v2,S,dar,reflux
f102v2,S,cheey,unmapped
f102v2,S,ckheey,unmapped
f102v2,S,qokeor,heat
f102v2,S,okey,heat
f102v2,S,chos,unmapped
f102v2,S,sho,unmapped
f102v2,S,ykeey,unmapped
f102v2,S,okeeo,heat
f102v2,S,rain,unmapped
f102v2,S,yotaiin,medium
f102v2,S,cheor,reflux
f102v2,S,cheekey,unmapped
f102v2,S,orain,unmapped
f102v1,S,keoraiiin,unmapped
f102v1,S,okeody,heat
f102v1,S,okeody,heat
f102v1,S,daiisaly,unmapped
f102v1,S,ypary,unmapped
f102v1,S,opchyt,unmapped
f102v1,S,poaiin,medium
f102v1,S,ockhey,unmapped
f102v1,S,pchol,outlet
f102v1,S,doiin,unmapped
f102v1,S,shey,unmapped
f102v1,S,shockhsy,unmapped
f102v1,S,sheocthy,unmapped
f102v1,S,qokeody,heat
f102v1,S,dairn,unmapped
f102v1,S,ol,outlet
f102v1,S,chey,unmapped
f102v1,S,ctheol,outlet
f102v1,S,qokeor,heat
f102v1,S,os,unmapped
f102v1,S,aiin,medium
f102v1,S,cheor,reflux
f102v1,S,qokey,heat
f102v1,S,choky,unmapped
f102v1,S,teody,unmapped
f102v1,S,ckheey,unmapped
f102v1,S,qokeol,heat
f102v1,S,sheky,unmapped
f102v1,S,qockheor,heat
f102v1,S,or,reflux
f102v1,S,cheo,unmapped
f102v1,S,rchol,outlet
f102v1,S,qoteor,heat
f102v1,S,dar,reflux
f102v1,S,kochor,reflux
f102v1,S,ol,outlet
f102v1,S,ydaiin,medium
f102v1,S,choraiin,medium
f102v1,S,sheey,unmapped
f102v1,S,ykeey,unmapped
f102v1,S,kor,reflux
f102v1,S,shey,unmapped
f102v1,S,qokey,heat
f102v1,S,dy,unmapped
f102v1,S,sol,outlet
f102v1,S,chol,outlet
f102v1,S,qooiin,heat
f102v1,S,qokol,heat
f102v1,S,cheol,outlet
f102v1,S,chey,unmapped
f102v1,S,kolcheey,unmapped
f102v1,S,daiin,medium
f102v1,S,cheody,unmapped
f102v1,S,dy,unmapped
f102v1,S,y,unmapped
f102v1,S,cheol,outlet
f102v1,S,cheol,outlet
f102v1,S,doiir,unmapped
f102v1,S,shekcheor,reflux
f102v1,S,s,unmapped
f102v1,S,ar,reflux
f102v1,S,cheor,reflux
f102v1,S,ey,unmapped
f102v1,S,pchodaiin,medium
f102v1,S,toiin,unmapped
f102v1,S,ol,outlet
f102v1,S,daiin,medium
f102v1,S,qkol,outlet
f102v1,S,cheol,outlet
f102v1,S,daiin,medium
f102v1,S,qokar,heat
f102v1,S,oaiin,medium
f102v1,S,cheey,unmapped
f102v1,S,saiim,unmapped
f102v1,S,chor,reflux
f102v1,S,cheor,reflux
f102v1,S,ckhey,unmapped
f102v1,S,oteol,outlet
f102v1,S,aeky,unmapped
f102v1,S,dindy,unmapped
f102v1,S,ypcholdy,unmapped
f102v1,S,loralody,unmapped
f102v1,S,opchdard,unmapped
f102v1,S,foidaiin,medium
f102v1,S,dair,unmapped
f102v1,S,or,reflux
f102v1,S,sheol,outlet
f102v1,S,okeeol,heat
f102v1,S,qoteol,heat
f102v1,S,oroey,unmapped
f102v1,S,olkey,unmapped
f102v1,S,soiin,unmapped
f102v1,S,shey,unmapped
f102v1,S,qokeey,heat
f102v1,S,qoeeol,heat
f102v1,S,qokeody,heat
f102v1,S,sheody,unmapped
f102v1,S,qoeteey,heat
f102v1,S,okeey,heat
f102v1,S,dam,drain
f102v1,S,qoeeody,heat
f102v1,S,ychey,unmapped
f102v1,S,okeody,heat
f102v1,S,deody,unmapped
f102v1,S,okody,heat
f102v1,S,cheodaiin,medium
f102v1,S,cheody,unmapped
f102v1,S,ram,drain
f102v1,S,ykeeody,unmapped
f102v1,S,chodaiin,medium
f102v1,S,qokeos,heat
f102v1,S,cheol,outlet
f102v1,S,qool,heat
f102v1,S,chsey,unmapped
f102v1,S,oteody,unmapped
f102v1,S,okchy,heat
f102v1,S,ksheody,unmapped
f102v1,S,sho,unmapped
f102v1,S,qokey,heat
f102v1,S,sheody,unmapped
f102v1,S,qockhey,heat
f102v1,S,olcheor,reflux
f102v1,S,odain,unmapped
f102v1,S,okchody,heat
f102v1,S,ysaiin,medium
f102v1,S,ckhey,unmapped
f102v1,S,qoor,heat
f102v1,S,cheol,outlet
f103r,T,pchedal,outlet
f103r,T,shdy,unmapped
f103r,T,ytechypchy,unmapped
f103r,T,otey,unmapped
f103r,T,lshey,unmapped
f103r,T,qoteey,heat
f103r,T,qotal,heat
f103r,T,shedy,retain
f103r,T,yshdal,outlet
f103r,T,dain,unmapped
f103r,T,okal,heat
f103r,T,daldy,unmapped
f103r,T,dain,unmapped
f103r,T,shek,unmapped
f103r,T,chdy,unmapped
f103r,T,daloky,unmapped
f103r,T,opchedy,unmapped
f103r,T,peshol,outlet
f103r,T,chep,unmapped
f103r,T,ar,reflux
f103r,T,otchy,unmapped
f103r,T,sal,outlet
f103r,T,lkeey,unmapped
f103r,T,sar,reflux
f103r,T,ain,unmapped
f103r,T,ok,heat
f103r,T,chedy,unmapped
f103r,T,yshdain,unmapped
f103r,T,sheek,unmapped
f103r,T,cheoty,unmapped
f103r,T,eeokal,outlet
f103r,T,chedy,unmapped
f103r,T,chckhy,unmapped
f103r,T,or,reflux
f103r,T,orol,outlet
f103r,T,okaiin,heat
f103r,T,eeal,outlet
f103r,T,ot,unmapped
f103r,T,kar,reflux
f103r,T,otar,reflux
f103r,T,chal,outlet
f103r,T,ychedy,unmapped
f103r,T,qokedy,heat
f103r,T,okedy,heat
f103r,T,qokeey,heat
f103r,T,okey,heat
f103r,T,chdar,reflux
f103r,T,ol,outlet
f103r,T,loty,unmapped
f103r,T,chedaraly,unmapped
f103r,T,pocharal,outlet
f103r,T,okedar,heat
f103r,T,shedy,retain
f103r,T,oteey,unmapped
f103r,T,qokey,heat
f103r,T,lkar,reflux
f103r,T,sheeky,unmapped
f103r,T,okalor,heat
f103r,T,shedy,retain
f103r,T,yt,unmapped
f103r,T,rkar,reflux
f103r,T,ota,unmapped
f103r,T,okdy,heat
f103r,T,ocheey,unmapped
f103r,T,dain,unmapped
f103r,T,shek,unmapped
f103r,T,okeedy,heat
f103r,T,okey,heat
f103r,T,shedy,retain
f103r,T,qokealdy,heat
f103r,T,shcthy,unmapped
f103r,T,qotedy,heat
f103r,T,qoto,heat
f103r,T,ota,unmapped
f103r,T,san,unmapped
f103r,T,am,drain
f103r,T,saiin,medium
f103r,T,chey,unmapped
f103r,T,shs,unmapped
f103r,T,olshedy,unmapped
f103r,T,qokeey,heat
f103r,T,okeeody,heat
f103r,T,qoedy,heat
f103r,T,ol,outlet
f103r,T,shedy,retain
f103r,T,daroal,outlet
f103r,T,okey,heat
f103r,T,chedy,unmapped
f103r,T,okey,heat
f103r,T,rain,unmapped
f103r,T,okechy,heat
f103r,T,qoisal,heat
f103r,T,qotar,heat
f103r,T,adchey,unmapped
f103r,T,ofeeo,unmapped
f103r,T,ltdy,unmapped
f103r,T,olkechdy,unmapped
f103r,T,lo,unmapped
f103r,T,oteeos,unmapped
f103r,T,ar,reflux
f103r,T,cheal,outlet
f103r,T,okeey,heat
f103r,T,shey,unmapped
f103r,T,lkaiin,medium
f103r,T,shey,unmapped
f103r,T,lkeor,reflux
f103r,T,otaiin,medium
f103r,T,shedy,retain
f103r,T,otey,unmapped
f103r,T,l,unmapped
f103r,T,dy,unmapped
f103r,T,okeedaram,drain
f103r,T,daiin,medium
f103r,T,ol,outlet
f103r,T,oain,unmapped
f103r,T,okeol,heat
f103r,T,chol,outlet
f103r,T,okam,drain
f103r,T,chety,unmapped
f103r,T,shedy,retain
f103r,T,otaiin,medium
f103r,T,shedy,retain
f103r,T,teolshy,unmapped
f103r,T,oteedy,unmapped
f103r,T,sor,reflux
f103r,T,ain,unmapped
f103r,T,dar,reflux
f103r,T,oteey,unmapped
f103r,T,otain,unmapped
f103r,T,lolshedy,unmapped
f103r,T,okain,heat
f103r,T,chey,unmapped
f103r,T,qorain,heat
f103r,T,shey,unmapped
f103r,T,otoy,unmapped
f103r,T,qokeol,heat
f103r,T,key,unmapped
f103r,T,dayky,unmapped
f103r,T,oain,unmapped
f103r,T,shey,unmapped
f103r,T,shckhy,unmapped
f103r,T,oteey,unmapped
f103r,T,qokeol,heat
f103r,T,keedy,unmapped
f103r,T,shar,reflux
f103r,T,aiin,medium
f103r,T,otedy,unmapped
f103r,T,podar,reflux
f103r,T,sheor,reflux
f103r,T,qotedy,heat
f103r,T,okeey,heat
f103r,T,qokar,heat
f103r,T,checkhy,unmapped
f103r,T,qokain,heat
f103r,T,chedy,unmapped
f103r,T,pchdy,unmapped
f103r,T,tshdy,unmapped
f103r,T,dal,outlet
f103r,T,kasol,outlet
f103r,T,okain,heat
f103r,T,shekain,unmapped
f103r,T,chedy,unmapped
f103r,T,qokeechy,heat
f103r,T,qoky,heat
f103r,T,shey,unmapped
f103r,T,lol,outlet
f103r,T,s,unmapped
f103r,T,aiin,medium
f103r,T,chey,unmapped
f103r,T,eekain,unmapped
f103r,T,chcthy,unmapped
f103r,T,qoky,heat
f103r,T,qotedy,heat
f103r,T,qokeey,heat
f103r,T,shol,outlet
f103r,T,qotey,heat
f103r,T,shkaiin,medium
f103r,T,dshol,outlet
f103r,T,sholkar,reflux
f103r,T,shdaiin,medium
f103r,T,cheey,unmapped
f103r,T,rar,reflux
f103r,T,okeey,heat
f103r,T,shcfhedy,unmapped
f103r,T,opcheol,outlet
f103r,T,oteedy,unmapped
f103r,T,tchey,unmapped
f103r,T,shky,unmapped
f103r,T,sar,reflux
f103r,T,shey,unmapped
f103r,T,qokey,heat
f103r,T,keedy,unmapped
f103r,T,qokeey,heat
f103r,T,chckhy,unmapped
f103r,T,qokal,heat
f103r,T,oty,unmapped
f103r,T,or,reflux
f103r,T,aiin,medium
f103r,T,polchedy,unmapped
f103r,T,qokeol,heat
f103r,T,okain,heat
f103r,T,checthy,unmapped
f103r,T,oteeylshedy,unmapped
f103r,T,okain,heat
f103r,T,qokain,heat
f103r,T,qokalshedy,heat
f103r,T,oteys,unmapped
f103r,T,okaiin,heat
f103r,T,chey,unmapped
f103r,T,qoy,heat
f103r,T,shey,unmapped
f103r,T,qokaiin,heat
f103r,T,chedy,unmapped
f103r,T,qokain,heat
f103r,T,oteol,outlet
f103r,T,lkar,reflux
f103r,T,okaral,heat
f103r,T,lkldy,unmapped
f103r,T,lr,unmapped
f103r,T,ychain,unmapped
f103r,T,shckhy,unmapped
f103r,T,qokaiin,heat
f103r,T,shey,unmapped
f103r,T,qokaiin,heat
f103r,T,shedy,retain
f103r,T,olor,reflux
f103r,T,pcheam,drain
f103r,T,sokedy,unmapped
f103r,T,dalkar,reflux
f103r,T,otal,outlet
f103r,T,qokal,heat
f103r,T,chepy,unmapped
f103r,T,okedy,heat
f103r,T,qoky,heat
f103r,T,pchedy,unmapped
f103r,T,okaly,heat
f103r,T,qokeedy,heat
f103r,T,lor,reflux
f103r,T,dalshy,unmapped
f103r,T,okain,heat
f103r,T,shckhody,unmapped
f103r,T,shdal,outlet
f103r,T,qokeedy,heat
f103r,T,shedy,retain
f103r,T,qotar,heat
f103r,T,chcthy,unmapped
f103r,T,chep,unmapped
f103r,T,ar,reflux
f103r,T,otar,reflux
f103r,T,opchy,unmapped
f103r,T,daiin,medium
f103r,T,sheckhy,unmapped
f103r,T,lchedy,unmapped
f103r,T,chckhy,unmapped
f103r,T,shol,outlet
f103r,T,tchoky,unmapped
f103r,T,okeal,heat
f103r,T,shedy,retain
f103r,T,qokal,heat
f103r,T,oty,unmapped
f103r,T,opchedy,unmapped
f103r,T,qotain,heat
f103r,T,shcthy,unmapped
f103r,T,otey,unmapped
f103r,T,dain,unmapped
f103r,T,oteey,unmapped
f103r,T,oky,heat
f103r,T,dar,reflux
f103r,T,shey,unmapped
f103r,T,qokain,heat
f103r,T,chckhey,unmapped
f103r,T,chey,unmapped
f103r,T,kain,unmapped
f103r,T,chedal,outlet
f103r,T,okeeey,heat
f103r,T,qoodain,heat
f103r,T,okain,heat
f103r,T,oteey,unmapped
f103r,T,ol,outlet
f103r,T,oteedy,unmapped
f103r,T,okeey,heat
f103r,T,qotchy,heat
f103r,T,shey,unmapped
f103r,T,olcheedar,reflux
f103r,T,shey,unmapped
f103r,T,lotor,reflux
f103r,T,qokechy,heat
f103r,T,okeey,heat
f103r,T,qokeey,heat
f103r,T,lkeeody,unmapped
f103r,T,sheey,unmapped
f103r,T,qokeey,heat
f103r,T,lkeol,outlet
f103r,T,tchey,unmapped
f103r,T,qokeey,heat
f103r,T,okeey,heat
f103r,T,qokaly,heat
f103r,T,deshedy,unmapped
f103r,T,qokeeey,heat
f103r,T,dalkain,unmapped
f103r,T,okaiin,heat
f103r,T,chedy,unmapped
f103r,T,qokeey,heat
f103r,T,otain,unmapped
f103r,T,ain,unmapped
f103r,T,ol,outlet
f103r,T,cheey,unmapped
f103r,T,lkeedy,unmapped
f103r,T,qokeeechy,heat
f103r,T,shokeey,unmapped
f103r,T,qochey,heat
f103r,T,qokeey,heat
f103r,T,chal,outlet
f103r,T,chedy,unmapped
f103r,T,pcholkchdy,unmapped
f103r,T,sheckhy,unmapped
f103r,T,qokey,heat
f103r,T,okaiin,heat
f103r,T,shedy,retain
f103r,T,chpchy,unmapped
f103r,T,opchedy,unmapped
f103r,T,oteeykshy,unmapped
f103r,T,chdaly,unmapped
f103r,T,soiin,unmapped
f103r,T,chol,outlet
f103r,T,kaiin,medium
f103r,T,chal,outlet
f103r,T,okaiin,heat
f103r,T,shckhy,unmapped
f103r,T,qokal,heat
f103r,T,shdar,reflux
f103r,T,shchdy,unmapped
f103r,T,okaiin,heat
f103r,T,chty,unmapped
f103r,T,okeey,heat
f103r,T,shedy,retain
f103r,T,qokedy,heat
f103r,T,qokal,heat
f103r,T,shety,unmapped
f103r,T,otedy,unmapped
f103r,T,shcthy,unmapped
f103r,T,oraiin,medium
f103r,T,qokeey,heat
f103r,T,chechy,unmapped
f103r,T,qokey,heat
f103r,T,shckhy,unmapped
f103r,T,choldy,unmapped
f103r,T,qokal,heat
f103r,T,y,unmapped
f103r,T,shedy,retain
f103r,T,yteedy,unmapped
f103r,T,qotail,heat
f103r,T,shedy,retain
f103r,T,sheod,unmapped
f103r,T,oshey,unmapped
f103r,T,cheedalaiin,medium
f103r,T,qoker,heat
f103r,T,chain,unmapped
f103r,T,olain,unmapped
f103r,T,chey,unmapped
f103r,T,kain,unmapped
f103r,T,sheol,outlet
f103r,T,shedain,retain
f103r,T,qokeedy,heat
f103r,T,ykeedy,unmapped
f103r,T,lcheg,unmapped
f103r,T,okool,heat
f103r,T,chedy,unmapped
f103r,T,okeedy,heat
f103r,T,qokeedy,heat
f103r,T,qokeey,heat
f103r,T,shdy,unmapped
f103r,T,otey,unmapped
f103r,T,qokeey,heat
f103r,T,pchedy,unmapped
f103r,T,qokeey,heat
f103r,T,qokeodair,heat
f103r,T,qokshy,heat
f103r,T,qokeedy,heat
f103r,T,qokchdy,heat
f103r,T,chsky,unmapped
f103r,T,ee'ey,unmapped
f103r,T,shalky,unmapped
f103r,T,otechedy,unmapped
f103r,T,qokain,heat
f103r,T,shcthy,unmapped
f103r,T,chckhy,unmapped
f103r,T,lokeedy,unmapped
f103r,T,checkhy,unmapped
f103r,T,lokain,unmapped
f103r,T,shedy,retain
f103r,T,okeey,heat
f103r,T,ykeedy,unmapped
f103r,T,qokeey,heat
f103r,T,lsheey,unmapped
f103r,T,qotal,heat
f103r,T,shedy,retain
f103r,T,oteey,unmapped
f103r,T,qokeey,heat
f103r,T,sheeol,outlet
f103r,T,shckhy,unmapped
f103r,T,sheol,outlet
f103r,T,shodyol,outlet
f103r,T,aiin,medium
f103r,T,otedy,unmapped
f103r,T,qoteey,heat
f103r,T,lotar,reflux
f103r,T,otam,drain
f103r,T,cheol,outlet
f103r,T,sheeey,unmapped
f103r,T,qotey,heat
f103r,T,oteeal,outlet
f103r,T,oteedy,unmapped
f103r,T,shet,unmapped
f103r,T,sho,unmapped
f103r,T,keeo,unmapped
f103r,T,s,unmapped
f103r,T,shey,unmapped
f103r,T,qokeedy,heat
f103r,T,qokal,heat
f103r,T,dal,outlet
f103r,T,tshey,unmapped
f103r,T,sheol,outlet
f103r,T,cheolshy,unmapped
f103r,T,chalal,outlet
f103r,T,tar,reflux
f103r,T,cheal,outlet
f103r,T,ol,outlet
f103r,T,sheey,unmapped
f103r,T,qotal,heat
f103r,T,sheal,outlet
f103r,T,qokal,heat
f103r,T,sheedy,unmapped
f103r,T,okeshedy,heat
f103r,T,shokey,unmapped
f103r,T,qokaiin,heat
f103r,T,odeeey,unmapped
f103r,T,qokeey,heat
f103r,T,shey,unmapped
f103r,T,sheal,outlet
f103r,T,otshedy,unmapped
f103r,T,qokeedy,heat
f103r,T,qokeedy,heat
f103r,T,shol,outlet
f103r,T,shedar,retain
f103r,T,chedy,unmapped
f103r,T,qoteedy,heat
f103r,T,oteedy,unmapped
f103r,T,olkeol,outlet
f103r,T,ltar,reflux
f103r,T,y,unmapped
f103r,T,chol,outlet
f103r,T,keey,unmapped
f103r,T,qokeey,heat
f103r,T,cheol,outlet
f103r,T,chorol,outlet
f103r,T,shedy,retain
f103r,T,qokeey,heat
f103r,T,qokeey,heat
f103r,T,ol,outlet
f103r,T,loiin,unmapped
f103r,T,chedan,unmapped
f103r,T,ssheey,unmapped
f103r,T,okeeo,heat
f103r,T,l,unmapped
f103r,T,lchey,unmapped
f103r,T,qokaly,heat
f103r,T,lcheedy,unmapped
f103r,T,oloraiin,medium
f103r,T,polarar,reflux
f103r,T,lshedy,unmapped
f103r,T,qotolaiin,heat
f103r,T,qokeey,heat
f103r,T,qokeey,heat
f103r,T,shkchy,unmapped
f103r,T,opchealol,outlet
f103r,T,kchy,unmapped
f103r,T,sam,drain
f103r,T,okeey,heat
f103r,T,lr,unmapped
f103r,T,ain,unmapped
f103r,T,l,unmapped
f103r,T,ol,outlet
f103r,T,sheed,unmapped
f103r,T,qokeey,heat
f103r,T,sheol,outlet
f103r,T,qokeedy,heat
f103r,T,shedy,retain
f103r,T,qoky,heat
f103r,T,leeesain,unmapped
f103r,T,am,drain
f103r,T,ssheey,unmapped
f103r,T,l,unmapped
f103r,T,shey,unmapped
f103r,T,qol,heat
f103r,T,cheey,unmapped
f103r,T,chey,unmapped
f103r,T,qokeey,heat
f103r,T,okeey,heat
f103r,T,qokain,heat
f103r,T,cheey,unmapped
f103r,T,qotain,heat
f103r,T,saiin,medium
f103r,T,cheteey,unmapped
f103r,T,shey,unmapped
f103r,T,cheosaiin,medium
f103r,T,pchedal,outlet
f103r,T,oteey,unmapped
f103r,T,qol,heat
f103r,T,keedy,unmapped
f103r,T,qokeey,heat
f103r,T,qoty,heat
f103r,T,chepchy,unmapped
f103r,T,qopchey,heat
f103r,T,lkaiin,medium
f103r,T,otalsy,unmapped
f103r,T,sshey,unmapped
f103r,T,qokedy,heat
f103r,T,qokaiin,heat
f103r,T,shdy,unmapped
f103r,T,qokeey,heat
f103r,T,chedy,unmapped
f103r,T,qokeey,heat
f103r,T,qokeey,heat
f103r,T,lchedy,unmapped
f103r,T,loty,unmapped
f103r,T,dsheey,unmapped
f103r,T,qoteeey,heat
f103r,T,darchedy,unmapped
f103r,T,qokey,heat
f103r,T,qoty,heat
f103v,T,pol,outlet
f103v,T,dar,reflux
f103v,T,olfchey,unmapped
f103v,T,qoky,heat
f103v,T,dy,unmapped
f103v,T,qokeey,heat
f103v,T,qokeey,heat
f103v,T,daiin,medium
f103v,T,okeedaky,heat
f103v,T,qoteiir,heat
f103v,T,shedy,retain
f103v,T,dal,outlet
f103v,T,daiin,medium
f103v,T,shey,unmapped
f103v,T,qokal,heat
f103v,T,shedy,retain
f103v,T,qokeedy,heat
f103v,T,qoteor,heat
f103v,T,shey,unmapped
f103v,T,qoty,heat
f103v,T,chckhy,unmapped
f103v,T,qotain,heat
f103v,T,chalr,unmapped
f103v,T,qok,heat
f103v,T,or,reflux
f103v,T,chedy,unmapped
f103v,T,qokey,heat
f103v,T,dar,reflux
f103v,T,chcthy,unmapped
f103v,T,char,reflux
f103v,T,qoty,heat
f103v,T,shdy,unmapped
f103v,T,okeedy,heat
f103v,T,qokeey,heat
f103v,T,qokain,heat
f103v,T,y,unmapped
f103v,T,cheey,unmapped
f103v,T,qokeey,heat
f103v,T,okeey,heat
f103v,T,lkees,unmapped
f103v,T,ol,outlet
f103v,T,qoteedy,heat
f103v,T,ykeedy,unmapped
f103v,T,pcheor,reflux
f103v,T,olkeey,unmapped
f103v,T,cheky,unmapped
f103v,T,qokshdy,heat
f103v,T,qokaiin,heat
f103v,T,okechdy,heat
f103v,T,qopchdy,heat
f103v,T,qotedy,heat
f103v,T,qokaiin,heat
f103v,T,oly,unmapped
f103v,T,dain,unmapped
f103v,T,shey,unmapped
f103v,T,qokeedy,heat
f103v,T,cheol,outlet
f103v,T,qoeeor,heat
f103v,T,lshor,reflux
f103v,T,qoky,heat
f103v,T,shedy,retain
f103v,T,qokaiin,heat
f103v,T,chedy,unmapped
f103v,T,qokam,drain
f103v,T,daiin,medium
f103v,T,shey,unmapped
f103v,T,chol,outlet
f103v,T,chey,unmapped
f103v,T,oteey,unmapped
f103v,T,lkeeor,reflux
f103v,T,okaiin,heat
f103v,T,shedy,retain
f103v,T,shedy,retain
f103v,T,qokaiin,heat
f103v,T,ol,outlet
f103v,T,chedydy,unmapped
f103v,T,sain,unmapped
f103v,T,shey,unmapped
f103v,T,olsheey,unmapped
f103v,T,dair,unmapped
f103v,T,chekoal,outlet
f103v,T,okeey,heat
f103v,T,pchal,outlet
f103v,T,shal,outlet
f103v,T,shorchdy,unmapped
f103v,T,okeor,heat
f103v,T,okaiin,heat
f103v,T,shedy,retain
f103v,T,pchedy,unmapped
f103v,T,qotchedy,heat
f103v,T,qotar,heat
f103v,T,ol,outlet
f103v,T,lkar,reflux
f103v,T,or,reflux
f103v,T,cheey,unmapped
f103v,T,qokeeshy,heat
f103v,T,okeey,heat
f103v,T,loiin,unmapped
f103v,T,oy,unmapped
f103v,T,otedy,unmapped
f103v,T,lor,reflux
f103v,T,aiin,medium
f103v,T,sheor,reflux
f103v,T,qotain,heat
f103v,T,olldy,unmapped
f103v,T,qokeedy,heat
f103v,T,olkeeshy,unmapped
f103v,T,qoky,heat
f103v,T,qokal,heat
f103v,T,shed,retain
f103v,T,sal,outlet
f103v,T,sheal,outlet
f103v,T,shedy,retain
f103v,T,okeedy,heat
f103v,T,qokeey,heat
f103v,T,l,unmapped
f103v,T,ol,outlet
f103v,T,shedy,retain
f103v,T,pchor,reflux
f103v,T,pchedy,unmapped
f103v,T,pol,outlet
f103v,T,sheedy,unmapped
f103v,T,opalam,drain
f103v,T,dain,unmapped
f103v,T,eey,unmapped
f103v,T,olshy,unmapped
f103v,T,otey,unmapped
f103v,T,olshedy,unmapped
f103v,T,qotshdy,heat
f103v,T,okeey,heat
f103v,T,lr,unmapped
f103v,T,ain,unmapped
f103v,T,okan,heat
f103v,T,olshey,unmapped
f103v,T,teeol,outlet
f103v,T,sheol,outlet
f103v,T,sho,unmapped
f103v,T,qokeedy,heat
f103v,T,shedy,retain
f103v,T,qokey,heat
f103v,T,oshedy,unmapped
f103v,T,oteedy,unmapped
f103v,T,qokain,heat
f103v,T,otar,reflux
f103v,T,aiin,medium
f103v,T,otam,drain
f103v,T,tchedal,outlet
f103v,T,shey,unmapped
f103v,T,lcheey,unmapped
f103v,T,lchdy,unmapped
f103v,T,ch,unmapped
f103v,T,ar,reflux
f103v,T,olchey,unmapped
f103v,T,lcheody,unmapped
f103v,T,tedy,unmapped
f103v,T,otain,unmapped
f103v,T,otain,unmapped
f103v,T,otay,unmapped
f103v,T,daiin,medium
f103v,T,sheekchy,unmapped
f103v,T,okeeshy,heat
f103v,T,qol,heat
f103v,T,shedy,retain
f103v,T,otain,unmapped
f103v,T,ol,outlet
f103v,T,kedy,unmapped
f103v,T,qokeedy,heat
f103v,T,chedy,unmapped
f103v,T,qoteey,heat
f103v,T,oteedy,unmapped
f103v,T,lkedy,unmapped
f103v,T,shedy,retain
f103v,T,qokal,heat
f103v,T,ol,outlet
f103v,T,char,reflux
f103v,T,otal,outlet
f103v,T,opchedy,unmapped
f103v,T,yshear,reflux
f103v,T,ol,outlet
f103v,T,oqaiin,medium
f103v,T,chckhey,unmapped
f103v,T,lchedy,unmapped
f103v,T,chedy,unmapped
f103v,T,olaiin,medium
f103v,T,oteedy,unmapped
f103v,T,qokeedal,heat
f103v,T,larorol,outlet
f103v,T,daiin,medium
f103v,T,chey,unmapped
f103v,T,lkeey,unmapped
f103v,T,chalkar,reflux
f103v,T,cheeey,unmapped
f103v,T,l,unmapped
f103v,T,chealainor,reflux
f103v,T,pol,outlet
f103v,T,char,reflux
f103v,T,otar,reflux
f103v,T,okaiin,heat
f103v,T,shay,unmapped
f103v,T,oteal,outlet
f103v,T,okain,heat
f103v,T,qotal,heat
f103v,T,shedy,retain
f103v,T,qokeey,heat
f103v,T,lolain,unmapped
f103v,T,tokain,unmapped
f103v,T,shal,outlet
f103v,T,qokeed,heat
f103v,T,oteedy,unmapped
f103v,T,sheoky,unmapped
f103v,T,shay,unmapped
f103v,T,tar,reflux
f103v,T,teor,reflux
f103v,T,otam,drain
f103v,T,oll,unmapped
f103v,T,olshey,unmapped
f103v,T,qokshy,heat
f103v,T,qotalsheey,heat
f103v,T,oloiin,unmapped
f103v,T,oleeedy,unmapped
f103v,T,qokain,heat
f103v,T,shedy,retain
f103v,T,qokey,heat
f103v,T,ycheody,unmapped
f103v,T,l,unmapped
f103v,T,ar,reflux
f103v,T,cheey,unmapped
f103v,T,or,reflux
f103v,T,aiiin,unmapped
f103v,T,oteey,unmapped
f103v,T,otal,outlet
f103v,T,otear,reflux
f103v,T,or,reflux
f103v,T,ar,reflux
f103v,T,keey,unmapped
f103v,T,qoty,heat
f103v,T,ykeey,unmapped
f103v,T,lchey,unmapped
f103v,T,qokeey,heat
f103v,T,ror,reflux
f103v,T,aiin,medium
f103v,T,olan,unmapped
f103v,T,otan,unmapped
f103v,T,otain,unmapped
f103v,T,otain,unmapped
f103v,T,ar,reflux
f103v,T,y,unmapped
f103v,T,kain,unmapped
f103v,T,sain,unmapped
f103v,T,olkeeey,unmapped
f103v,T,qokan,heat
f103v,T,oteedy,unmapped
f103v,T,qotain,heat
f103v,T,otal,outlet
f103v,T,oty,unmapped
f103v,T,opar,reflux
f103v,T,aram,drain
f103v,T,oteeam,drain
f103v,T,yteey,unmapped
f103v,T,qokeey,heat
f103v,T,sheety,unmapped
f103v,T,oteey,unmapped
f103v,T,lshedy,unmapped
f103v,T,oteaiin,medium
f103v,T,fcheody,unmapped
f103v,T,arar,reflux
f103v,T,okeey,heat
f103v,T,okeey,heat
f103v,T,lchedy,unmapped
f103v,T,oteal,outlet
f103v,T,lpar,reflux
f103v,T,otedy,unmapped
f103v,T,qotar,heat
f103v,T,otaryly,unmapped
f103v,T,daiin,medium
f103v,T,checkhy,unmapped
f103v,T,ykeey,unmapped
f103v,T,shckhy,unmapped
f103v,T,otealshey,unmapped
f103v,T,okain,heat
f103v,T,chey,unmapped
f103v,T,oteedy,unmapped
f103v,T,por,reflux
f103v,T,aiin,medium
f103v,T,y,unmapped
f103v,T,olcheeey,unmapped
f103v,T,chey,unmapped
f103v,T,lkchdy,unmapped
f103v,T,sho,unmapped
f103v,T,chcthy,unmapped
f103v,T,sal,outlet
f103v,T,araiin,medium
f103v,T,qokeey,heat
f103v,T,pchear,reflux
f103v,T,okain,heat
f103v,T,opchedy,unmapped
f103v,T,pchol,outlet
f103v,T,fchedy,unmapped
f103v,T,otedy,unmapped
f103v,T,poly,unmapped
f103v,T,lchedy,unmapped
f103v,T,fchedey,unmapped
f103v,T,rar,reflux
f103v,T,okeey,heat
f103v,T,l,unmapped
f103v,T,chey,unmapped
f103v,T,qokeey,heat
f103v,T,o,unmapped
f103v,T,qokeey,heat
f103v,T,chedy,unmapped
f103v,T,qekchy,unmapped
f103v,T,daiin,medium
f103v,T,chckhy,unmapped
f103v,T,sar,reflux
f103v,T,olainy,unmapped
f103v,T,qokeeey,heat
f103v,T,chey,unmapped
f103v,T,qotey,heat
f103v,T,chokaiin,medium
f103v,T,shal,outlet
f103v,T,chedy,unmapped
f103v,T,olkam,drain
f103v,T,yshey,unmapped
f103v,T,lkeey,unmapped
f103v,T,qokain,heat
f103v,T,okey,heat
f103v,T,okaiin,heat
f103v,T,cheody,unmapped
f103v,T,otey,unmapped
f103v,T,shdpchy,unmapped
f103v,T,opchey,unmapped
f103v,T,oly,unmapped
f103v,T,daiin,medium
f103v,T,sheey,unmapped
f103v,T,ol,outlet
f103v,T,chey,unmapped
f103v,T,qok,heat
f103v,T,shey,unmapped
f103v,T,qokaiin,heat
f103v,T,checkhy,unmapped
f103v,T,otedy,unmapped
f103v,T,lshey,unmapped
f103v,T,lchdy,unmapped
f103v,T,qol,heat
f103v,T,shey,unmapped
f103v,T,ykeey,unmapped
f103v,T,okeey,heat
f103v,T,lshey,unmapped
f103v,T,sheckhy,unmapped
f103v,T,chtain,unmapped
f103v,T,oty,unmapped
f103v,T,okedy,heat
f103v,T,otaly,unmapped
f103v,T,saiin,medium
f103v,T,shey,unmapped
f103v,T,qokeey,heat
f103v,T,oshey,unmapped
f103v,T,olshedy,unmapped
f103v,T,olshey,unmapped
f103v,T,qokain,heat
f103v,T,ol,outlet
f103v,T,shey,unmapped
f103v,T,qokeshe,heat
f103v,T,lsheok,unmapped
f103v,T,shdy,unmapped
f103v,T,qcphey,unmapped
f103v,T,chetydar,reflux
f103v,T,oteey,unmapped
f103v,T,l,unmapped
f103v,T,chees,unmapped
f103v,T,ol,outlet
f103v,T,chey,unmapped
f103v,T,chey,unmapped
f103v,T,chol,outlet
f103v,T,keechy,unmapped
f103v,T,polshor,reflux
f103v,T,keeolshey,unmapped
f103v,T,okey,heat
f103v,T,lcharar,reflux
f103v,T,shol,outlet
f103v,T,okeedar,heat
f103v,T,shes,unmapped
f103v,T,aiin,medium
f103v,T,oty,unmapped
f103v,T,lchdy,unmapped
f103v,T,yteey,unmapped
f103v,T,sheal,outlet
f103v,T,shey,unmapped
f103v,T,qoain,heat
f103v,T,ol,outlet
f103v,T,keey,unmapped
f103v,T,qokaiin,heat
f103v,T,shckhy,unmapped
f103v,T,lchedy,unmapped
f103v,T,rain,unmapped
f103v,T,daiin,medium
f103v,T,shey,unmapped
f103v,T,l,unmapped
f103v,T,shey,unmapped
f103v,T,lshey,unmapped
f103v,T,qoar,heat
f103v,T,shas,unmapped
f103v,T,al,outlet
f103v,T,otar,reflux
f103v,T,shedy,retain
f103v,T,y,unmapped
f103v,T,lchdy,unmapped
f103v,T,rar,reflux
f103v,T,yshey,unmapped
f103v,T,sheykain,unmapped
f103v,T,chey,unmapped
f103v,T,rar,reflux
f103v,T,arol,outlet
f103v,T,chsaly,unmapped
f103v,T,orain,unmapped
f103v,T,chckhey,unmapped
f103v,T,qokaiin,heat
f103v,T,shckhy,unmapped
f103v,T,shtal,outlet
f103v,T,opchy,unmapped
f103v,T,lkeedy,unmapped
f103v,T,chdy,unmapped
f103v,T,lchedy,unmapped
f103v,T,qkain,unmapped
f103v,T,shey,unmapped
f103v,T,ar,reflux
f103v,T,ar,reflux
f103v,T,oky,heat
f103v,T,rain,unmapped
f103v,T,chckhy,unmapped
f103v,T,shedy,retain
f103v,T,qokeory,heat
f103v,T,lteedy,unmapped
f103v,T,ro,unmapped
f103v,T,okey,heat
f103v,T,ol,outlet
f103v,T,cheey,unmapped
f103v,T,lcheey,unmapped
f103v,T,lkain,unmapped
f103v,T,shckhy,unmapped
f103v,T,sheckhy,unmapped
f103v,T,or,reflux
f103v,T,ain,unmapped
f103v,T,otar,reflux
f103v,T,oly,unmapped
f103v,T,tain,unmapped
f103v,T,shol,outlet
f103v,T,qokain,heat
f103v,T,chckhy,unmapped
f103v,T,rorol,outlet
f103v,T,chdy,unmapped
f103v,T,raly,unmapped
f103v,T,osaiin,medium
f103v,T,chary,unmapped
f104r,T,pchdar,reflux
f104r,T,chedy,unmapped
f104r,T,char,reflux
f104r,T,qopchedy,heat
f104r,T,ocphedy,unmapped
f104r,T,qopchedy,heat
f104r,T,shedaiin,retain
f104r,T,oteeochey,unmapped
f104r,T,qopchedy,heat
f104r,T,sain,unmapped
f104r,T,o,unmapped
f104r,T,ar,reflux
f104r,T,aiin,medium
f104r,T,yteeody,unmapped
f104r,T,cheedaiin,medium
f104r,T,cheodar,reflux
f104r,T,s,unmapped
f104r,T,aiin,medium
f104r,T,chey,unmapped
f104r,T,tair,unmapped
f104r,T,os,unmapped
f104r,T,aiin,medium
f104r,T,chcthedy,unmapped
f104r,T,teedaram,drain
f104r,T,daiir,unmapped
f104r,T,o,unmapped
f104r,T,cthedy,unmapped
f104r,T,otech,unmapped
f104r,T,ykar,reflux
f104r,T,otedy,unmapped
f104r,T,otody,unmapped
f104r,T,qoteeor,heat
f104r,T,yteeody,unmapped
f104r,T,oteedy,unmapped
f104r,T,aky,unmapped
f104r,T,okal,heat
f104r,T,daram,drain
f104r,T,o,unmapped
f104r,T,l,unmapped
f104r,T,sheedy,unmapped
f104r,T,qokeedy,heat
f104r,T,chedal,outlet
f104r,T,qodaiin,heat
f104r,T,qodaiin,heat
f104r,T,chry,unmapped
f104r,T,kchdal,outlet
f104r,T,qotaiin,heat
f104r,T,qoshedy,heat
f104r,T,ol,outlet
f104r,T,chl,unmapped
f104r,T,ol,outlet
f104r,T,cheday,unmapped
f104r,T,al,outlet
f104r,T,lod,unmapped
f104r,T,pchdair,unmapped
f104r,T,opchdy,unmapped
f104r,T,qod,heat
f104r,T,y,unmapped
f104r,T,cheeody,unmapped
f104r,T,aiin,medium
f104r,T,lkar,reflux
f104r,T,cheeo,unmapped
f104r,T,dain,unmapped
f104r,T,ockhedy,unmapped
f104r,T,qokeedy,heat
f104r,T,qotain,heat
f104r,T,otchdy,unmapped
f104r,T,otain,unmapped
f104r,T,chedam,drain
f104r,T,dchodees,unmapped
f104r,T,sheos,unmapped
f104r,T,odaiin,medium
f104r,T,otchedy,unmapped
f104r,T,qodain,heat
f104r,T,shedy,retain
f104r,T,chedy,unmapped
f104r,T,qodain,heat
f104r,T,okar,heat
f104r,T,ar,reflux
f104r,T,okaim,heat
f104r,T,o,unmapped
f104r,T,lsheedy,unmapped
f104r,T,lkeedy,unmapped
f104r,T,lkeody,unmapped
f104r,T,qokaiin,heat
f104r,T,chedal,outlet
f104r,T,qokar,heat
f104r,T,odar,reflux
f104r,T,qokal,heat
f104r,T,okar,heat
f104r,T,otar,reflux
f104r,T,odr,unmapped
f104r,T,ycheeoy,unmapped
f104r,T,qokecho,heat
f104r,T,qokol,heat
f104r,T,cheeo,unmapped
f104r,T,dam,drain
f104r,T,tol,outlet
f104r,T,chedal,outlet
f104r,T,cheoy,unmapped
f104r,T,otyd,unmapped
f104r,T,os,unmapped
f104r,T,l,unmapped
f104r,T,air,unmapped
f104r,T,shdy,unmapped
f104r,T,qokchd,heat
f104r,T,octheody,unmapped
f104r,T,cholfor,reflux
f104r,T,otalr,unmapped
f104r,T,otodchy,unmapped
f104r,T,lkeody,unmapped
f104r,T,qokair,heat
f104r,T,otoly,unmapped
f104r,T,shodar,reflux
f104r,T,cheey,unmapped
f104r,T,okar,heat
f104r,T,olkeedy,unmapped
f104r,T,tshdol,outlet
f104r,T,qotchedy,heat
f104r,T,qokoeey,heat
f104r,T,qoteode,heat
f104r,T,lo,unmapped
f104r,T,sar,reflux
f104r,T,al,outlet
f104r,T,octhy,unmapped
f104r,T,qotor,heat
f104r,T,opchey,unmapped
f104r,T,qotam,drain
f104r,T,olcheol,outlet
f104r,T,qodain,heat
f104r,T,chokar,reflux
f104r,T,okcho,heat
f104r,T,lkain,unmapped
f104r,T,okar,heat
f104r,T,cheody,unmapped
f104r,T,okeeody,heat
f104r,T,qodam,drain
f104r,T,chdy,unmapped
f104r,T,daiin,medium
f104r,T,choaiin,medium
f104r,T,qokechy,heat
f104r,T,qotal,heat
f104r,T,cheolor,reflux
f104r,T,saiin,medium
f104r,T,olkeechey,unmapped
f104r,T,otal,outlet
f104r,T,ol,outlet
f104r,T,oeeal,outlet
f104r,T,sor,reflux
f104r,T,chodaiin,medium
f104r,T,chody,unmapped
f104r,T,okar,heat
f104r,T,otolkeechdy,unmapped
f104r,T,okal,heat
f104r,T,kaiin,medium
f104r,T,cheodaiin,medium
f104r,T,ocheoey,unmapped
f104r,T,qoctheody,heat
f104r,T,ykeeodey,unmapped
f104r,T,qoepchy,heat
f104r,T,opchey,unmapped
f104r,T,qoty,heat
f104r,T,sh,unmapped
f104r,T,tey,unmapped
f104r,T,yteedy,unmapped
f104r,T,shody,unmapped
f104r,T,ykeeshedy,unmapped
f104r,T,olkeeody,unmapped
f104r,T,qotey,heat
f104r,T,qokar,heat
f104r,T,chedy,unmapped
f104r,T,qokedy,heat
f104r,T,oteechy,unmapped
f104r,T,chyteody,unmapped
f104r,T,okar,heat
f104r,T,ody,unmapped
f104r,T,dcheeokeody,unmapped
f104r,T,qokain,heat
f104r,T,qolar,heat
f104r,T,or,reflux
f104r,T,chockhar,reflux
f104r,T,otalkshedy,unmapped
f104r,T,toaiin,medium
f104r,T,chdar,reflux
f104r,T,otar,reflux
f104r,T,shd,unmapped
f104r,T,qotar,heat
f104r,T,olkchedy,unmapped
f104r,T,cheokeey,unmapped
f104r,T,kary,unmapped
f104r,T,opair,unmapped
f104r,T,otor,reflux
f104r,T,airod,unmapped
f104r,T,lshd,unmapped
f104r,T,dsheoy,unmapped
f104r,T,qocthey,heat
f104r,T,qokchdy,heat
f104r,T,qokaiin,heat
f104r,T,chol,outlet
f104r,T,rar,reflux
f104r,T,cheody,unmapped
f104r,T,cheeekan,unmapped
f104r,T,ar,reflux
f104r,T,ain,unmapped
f104r,T,ar,reflux
f104r,T,alam,drain
f104r,T,dsheedy,unmapped
f104r,T,qokaiin,heat
f104r,T,chear,reflux
f104r,T,olkchedy,unmapped
f104r,T,charaiin,medium
f104r,T,tshedar,reflux
f104r,T,chllo,unmapped
f104r,T,rl,unmapped
f104r,T,shed,retain
f104r,T,kchedy,unmapped
f104r,T,chokor,reflux
f104r,T,cheedy,unmapped
f104r,T,opchar,reflux
f104r,T,cheor,reflux
f104r,T,chckhey,unmapped
f104r,T,taiin,medium
f104r,T,dam,drain
f104r,T,ol,outlet
f104r,T,sheockhey,unmapped
f104r,T,chol,outlet
f104r,T,kechdy,unmapped
f104r,T,okeedal,heat
f104r,T,lkain,unmapped
f104r,T,chol,outlet
f104r,T,keeody,unmapped
f104r,T,otchor,reflux
f104r,T,aiir,unmapped
f104r,T,chol,outlet
f104r,T,kar,reflux
f104r,T,alol,outlet
f104r,T,daiin,medium
f104r,T,char,reflux
f104r,T,qotal,heat
f104r,T,okechol,heat
f104r,T,olkeeor,reflux
f104r,T,olkeeodal,outlet
f104r,T,lkaiin,medium
f104r,T,chal,outlet
f104r,T,keeedy,unmapped
f104r,T,qokam,drain
f104r,T,sar,reflux
f104r,T,okair,heat
f104r,T,chckhey,unmapped
f104r,T,qodaiin,heat
f104r,T,chckhy,unmapped
f104r,T,checkhd,unmapped
f104r,T,l,unmapped
f104r,T,raiin,medium
f104r,T,otain,unmapped
f104r,T,ar,reflux
f104r,T,airam,drain
f104r,T,shar,reflux
f104r,T,sheey,unmapped
f104r,T,kar,reflux
f104r,T,sheody,unmapped
f104r,T,pchedar,reflux
f104r,T,qokaiin,heat
f104r,T,qotaiin,heat
f104r,T,dl,unmapped
f104r,T,ral,outlet
f104r,T,cheodl,unmapped
f104r,T,cphaiin,medium
f104r,T,daiin,medium
f104r,T,ar,reflux
f104r,T,qekeeey,unmapped
f104r,T,qoparaiin,heat
f104r,T,olcheear,reflux
f104r,T,chedar,reflux
f104r,T,or,reflux
f104r,T,aror,reflux
f104r,T,sheey,unmapped
f104r,T,olkeechy,unmapped
f104r,T,or,reflux
f104r,T,char,reflux
f104r,T,cheeo,unmapped
f104r,T,l,unmapped
f104r,T,s,unmapped
f104r,T,or,reflux
f104r,T,or,reflux
f104r,T,aiin,medium
f104r,T,atam,drain
f104r,T,ysheodaiin,medium
f104r,T,shody,unmapped
f104r,T,yteedy,unmapped
f104r,T,cheedar,reflux
f104r,T,or,reflux
f104r,T,air,unmapped
f104r,T,cheoltar,reflux
f104r,T,arodly,unmapped
f104r,T,okeeo,heat
f104r,T,l,unmapped
f104r,T,keeo,unmapped
f104r,T,dain,unmapped
f104r,T,lkeodaiin,medium
f104r,T,qokeeo,heat
f104r,T,lkeeeey,unmapped
f104r,T,okeody,heat
f104r,T,otechdy,unmapped
f104r,T,opcheof,unmapped
f104r,T,qopaiin,heat
f104r,T,qokeeo,heat
f104r,T,aiin,medium
f104r,T,okeey,heat
f104r,T,okolchey,heat
f104r,T,lcheeey,unmapped
f104r,T,oteey,unmapped
f104r,T,lkechedy,unmapped
f104r,T,qokaiin,heat
f104r,T,chedar,reflux
f104r,T,cholcham,drain
f104r,T,ysheeody,unmapped
f104r,T,qocth,heat
f104r,T,okshey,heat
f104r,T,otechshy,unmapped
f104r,T,cheol,outlet
f104r,T,kaiin,medium
f104r,T,shoda,unmapped
f104r,T,lkaiin,medium
f104r,T,cheodain,unmapped
f104r,T,qokar,heat
f104r,T,alchd,unmapped
f104r,T,okchechy,heat
f104r,T,qokcheedy,heat
f104r,T,okchdal,heat
f104r,T,qokal,heat
f104r,T,char,reflux
f104r,T,olkeeey,unmapped
f104r,T,olcheo,unmapped
f104r,T,lkaiin,medium
f104r,T,chey,unmapped
f104r,T,raly,unmapped
f104r,T,pchol,outlet
f104r,T,ksheody,unmapped
f104r,T,qokeshedy,heat
f104r,T,qokal,heat
f104r,T,chedy,unmapped
f104r,T,qokaiin,heat
f104r,T,otaiin,medium
f104r,T,cheody,unmapped
f104r,T,qokal,heat
f104r,T,taiin,medium
f104r,T,cholxy,unmapped
f104r,T,yshoiin,unmapped
f104r,T,qocheol,heat
f104r,T,chedaiin,medium
f104r,T,qodal,heat
f104r,T,chey,unmapped
f104r,T,chol,outlet
f104r,T,cheol,outlet
f104r,T,olaly,unmapped
f104r,T,psheody,unmapped
f104r,T,qotar,heat
f104r,T,chopar,reflux
f104r,T,qotaly,heat
f104r,T,qotsheod,heat
f104r,T,qotechy,heat
f104r,T,kaiin,medium
f104r,T,okar,heat
f104r,T,qopchar,heat
f104r,T,opam,drain
f104r,T,okaiin,heat
f104r,T,cheodal,outlet
f104r,T,qoaiin,heat
f104r,T,okar,heat
f104r,T,oraiin,medium
f104r,T,okar,heat
f104r,T,oteody,unmapped
f104r,T,qokaiin,heat
f104r,T,okal,heat
f104r,T,qotir,heat
f104r,T,okaiin,heat
f104r,T,orcheol,outlet
f104r,T,qokchol,heat
f104r,T,kcheody,unmapped
f104r,T,qotchdy,heat
f104r,T,pcholor,reflux
f104r,T,ar,reflux
f104r,T,aiin,medium
f104r,T,alkchdy,unmapped
f104r,T,qotal,heat
f104r,T,chol,outlet
f104r,T,qoar,heat
f104r,T,aiin,medium
f104r,T,qopcheedy,heat
f104r,T,qotair,heat
f104r,T,ofaiino,unmapped
f104r,T,olkeeos,unmapped
f104r,T,olkaiin,medium
f104r,T,oair,unmapped
f104r,T,qcthy,unmapped
f104r,T,oiinol,outlet
f104r,T,al,outlet
f104r,T,ly,unmapped
f104r,T,oeear,reflux
f104r,T,chcthy,unmapped
f104r,T,olched,unmapped
f104r,T,qotaiiin,heat
f104r,T,qoteey,heat
f104r,T,qokeor,heat
f104r,T,soiir,unmapped
f104r,T,qoty,heat
f104r,T,qokl,heat
f104r,T,lkaiin,medium
f104r,T,yteedy,unmapped
f104r,T,qokain,heat
f104r,T,oqockhy,unmapped
f104r,T,dar,reflux
f104r,T,y,unmapped
f104r,T,lshedy,unmapped
f104r,T,cholkar,reflux
f104r,T,tsheodl,unmapped
f104r,T,qokaiin,heat
f104r,T,qokchedy,heat
f104r,T,ykchdy,unmapped
f104r,T,pchedy,unmapped
f104r,T,qokeedy,heat
f104r,T,oteey,unmapped
f104r,T,qokain,heat
f104r,T,oteo,unmapped
f104r,T,l,unmapped
f104r,T,dal,outlet
f104r,T,okcheochy,heat
f104r,T,cheey,unmapped
f104r,T,qoeedaiin,heat
f104r,T,qokeey,heat
f104r,T,ar,reflux
f104r,T,cheol,outlet
f104r,T,olkair,unmapped
f104r,T,qokaiin,heat
f104r,T,otaiin,medium
f104r,T,okam,drain
f104r,T,daiin,medium
f104r,T,olcheeo,unmapped
f104r,T,l,unmapped
f104r,T,s,unmapped
f104r,T,aiin,medium
f104r,T,otain,unmapped
f104r,T,ar,reflux
f104r,T,chedy,unmapped
f104r,T,qokaiin,heat
f104r,T,otaiin,medium
f104r,T,otaiin,medium
f104v,T,pchdoiin,unmapped
f104v,T,opcheedy,unmapped
f104v,T,orar,reflux
f104v,T,oltcheey,unmapped
f104v,T,opchedy,unmapped
f104v,T,ol,outlet
f104v,T,ear,reflux
f104v,T,aiir,unmapped
f104v,T,aly,unmapped
f104v,T,cheodaiin,medium
f104v,T,cheekain,unmapped
f104v,T,dam,drain
f104v,T,ychedaiin,medium
f104v,T,qoteed,heat
f104v,T,chockhy,unmapped
f104v,T,otaiin,medium
f104v,T,ydaiin,medium
f104v,T,qokamdy,heat
f104v,T,otarar,reflux
f104v,T,alched,unmapped
f104v,T,otair,unmapped
f104v,T,oram,drain
f104v,T,shod,unmapped
f104v,T,chedy,unmapped
f104v,T,qotaiin,heat
f104v,T,odaiin,medium
f104v,T,okeol,heat
f104v,T,ockhey,unmapped
f104v,T,chol,outlet
f104v,T,qokeedy,heat
f104v,T,qotair,heat
f104v,T,oeedaiin,medium
f104v,T,ol,outlet
f104v,T,dl,unmapped
f104v,T,qoteedy,heat
f104v,T,chedaiin,medium
f104v,T,chokar,reflux
f104v,T,qotol,heat
f104v,T,qotched,heat
f104v,T,chol,outlet
f104v,T,chey,unmapped
f104v,T,qol,heat
f104v,T,chedy,unmapped
f104v,T,qoeeey,heat
f104v,T,qokeedy,heat
f104v,T,dcheol,outlet
f104v,T,chdeey,unmapped
f104v,T,oeeodain,unmapped
f104v,T,s,unmapped
f104v,T,airol,outlet
f104v,T,chedal,outlet
f104v,T,solchd,unmapped
f104v,T,shol,outlet
f104v,T,sheol,outlet
f104v,T,qokchy,heat
f104v,T,qoka,heat
f104v,T,l,unmapped
f104v,T,chedy,unmapped
f104v,T,shedy,retain
f104v,T,qokain,heat
f104v,T,cheedy,unmapped
f104v,T,cpheo,unmapped
f104v,T,apchedy,unmapped
f104v,T,qotady,heat
f104v,T,o,unmapped
f104v,T,scheo,unmapped
f104v,T,lchody,unmapped
f104v,T,cheey,unmapped
f104v,T,qoy,heat
f104v,T,cheo,unmapped
f104v,T,ain,unmapped
f104v,T,o,unmapped
f104v,T,chedy,unmapped
f104v,T,cheedy,unmapped
f104v,T,chedy,unmapped
f104v,T,sol,outlet
f104v,T,cheodalol,outlet
f104v,T,tchodls,unmapped
f104v,T,cheeody,unmapped
f104v,T,cheeool,outlet
f104v,T,ls,unmapped
f104v,T,air,unmapped
f104v,T,ykeedy,unmapped
f104v,T,chotedy,unmapped
f104v,T,qotchedy,heat
f104v,T,chedy,unmapped
f104v,T,qoeky,heat
f104v,T,qoteeo,heat
f104v,T,lo,unmapped
f104v,T,ycheo,unmapped
f104v,T,lcheod,unmapped
f104v,T,otaiin,medium
f104v,T,qokeedy,heat
f104v,T,qokaiin,heat
f104v,T,cheor,reflux
f104v,T,ol,outlet
f104v,T,chedaiin,medium
f104v,T,qotar,heat
f104v,T,chedy,unmapped
f104v,T,qoty,heat
f104v,T,dal,outlet
f104v,T,shol,outlet
f104v,T,cheedy,unmapped
f104v,T,qokaiin,heat
f104v,T,qoteedy,heat
f104v,T,otaiin,medium
f104v,T,oteedy,unmapped
f104v,T,qotedor,heat
f104v,T,okain,heat
f104v,T,cheos,unmapped
f104v,T,cheeo,unmapped
f104v,T,lchey,unmapped
f104v,T,ycheedy,unmapped
f104v,T,qoy,heat
f104v,T,ykchedor,reflux
f104v,T,cheeky,unmapped
f104v,T,qokchd,heat
f104v,T,qotol,heat
f104v,T,qokol,heat
f104v,T,qokol,heat
f104v,T,daiin,medium
f104v,T,polchechy,unmapped
f104v,T,oteoy,unmapped
f104v,T,chotchs,unmapped
f104v,T,cheeta,unmapped
f104v,T,oteeey,unmapped
f104v,T,oteedy,unmapped
f104v,T,qoty,heat
f104v,T,ched,unmapped
f104v,T,l,unmapped
f104v,T,cheol,outlet
f104v,T,par,reflux
f104v,T,oltedy,unmapped
f104v,T,chedam,drain
f104v,T,ycheol,outlet
f104v,T,cheody,unmapped
f104v,T,qoeechdy,heat
f104v,T,qokeol,heat
f104v,T,qotaiin,heat
f104v,T,chedar,reflux
f104v,T,cheo,unmapped
f104v,T,lkaiin,medium
f104v,T,cheetar,reflux
f104v,T,aiin,medium
f104v,T,cheitaiin,medium
f104v,T,ytedy,unmapped
f104v,T,qokeeo,heat
f104v,T,lcheolshedy,unmapped
f104v,T,s,unmapped
f104v,T,aiin,medium
f104v,T,cheky,unmapped
f104v,T,daindl,unmapped
f104v,T,tolkshey,unmapped
f104v,T,chocthy,unmapped
f104v,T,qokeochy,heat
f104v,T,qokchy,heat
f104v,T,qotcheo,heat
f104v,T,qotcheo,heat
f104v,T,dlchd,unmapped
f104v,T,chedy,unmapped
f104v,T,tchdy,unmapped
f104v,T,qotchdy,heat
f104v,T,ram,drain
f104v,T,dcheedy,unmapped
f104v,T,qockheey,heat
f104v,T,chdor,reflux
f104v,T,as,unmapped
f104v,T,aiin,medium
f104v,T,chy,unmapped
f104v,T,dchdar,reflux
f104v,T,chdy,unmapped
f104v,T,qokchedy,heat
f104v,T,olkchy,unmapped
f104v,T,qokain,heat
f104v,T,dadam,drain
f104v,T,ycheechy,unmapped
f104v,T,cheey,unmapped
f104v,T,cheos,unmapped
f104v,T,s,unmapped
f104v,T,otkchedy,unmapped
f104v,T,cholkchy,unmapped
f104v,T,qotchdy,heat
f104v,T,qotol,heat
f104v,T,sheedy,unmapped
f104v,T,or,reflux
f104v,T,ain,unmapped
f104v,T,cheol,outlet
f104v,T,dcheeoy,unmapped
f104v,T,qokaiiin,heat
f104v,T,qokaiin,heat
f104v,T,lkar,reflux
f104v,T,ytaiin,medium
f104v,T,otcheochy,unmapped
f104v,T,sarain,unmapped
f104v,T,pcheor,reflux
f104v,T,chol,outlet
f104v,T,chpcheor,reflux
f104v,T,cholkshedy,unmapped
f104v,T,qotol,heat
f104v,T,sheedy,unmapped
f104v,T,qokchy,heat
f104v,T,qotched,heat
f104v,T,sho,unmapped
f104v,T,fchor,reflux
f104v,T,ols,unmapped
f104v,T,aiin,medium
f104v,T,chekal,outlet
f104v,T,or,reflux
f104v,T,sheeo,unmapped
f104v,T,lcheedy,unmapped
f104v,T,qokeey,heat
f104v,T,qochey,heat
f104v,T,qotcheedy,heat
f104v,T,qotchedy,heat
f104v,T,qokol,heat
f104v,T,chor,reflux
f104v,T,chorol,outlet
f104v,T,chdar,reflux
f104v,T,otam,drain
f104v,T,yshor,reflux
f104v,T,sheedy,unmapped
f104v,T,qokaiin,heat
f104v,T,shokchey,unmapped
f104v,T,qokeey,heat
f104v,T,chodain,unmapped
f104v,T,ytchedy,unmapped
f104v,T,qokchedy,heat
f104v,T,qotchy,heat
f104v,T,qokchedy,heat
f104v,T,qokchd,heat
f104v,T,ls,unmapped
f104v,T,aiin,medium
f104v,T,qchor,reflux
f104v,T,sheor,reflux
f104v,T,ytaiin,medium
f104v,T,chey,unmapped
f104v,T,tal,outlet
f104v,T,tchey,unmapped
f104v,T,qokchey,heat
f104v,T,qochey,heat
f104v,T,qodeey,heat
f104v,T,qodaiin,heat
f104v,T,chodaiin,medium
f104v,T,chckhdy,unmapped
f104v,T,dairar,reflux
f104v,T,otar,reflux
f104v,T,qotai,heat
f104v,T,l,unmapped
f104v,T,ykaiin,medium
f104v,T,cheor,reflux
f104v,T,cheeey,unmapped
f104v,T,daiiin,unmapped
f104v,T,cheo,unmapped
f104v,T,dalaiin,medium
f104v,T,chockhedy,unmapped
f104v,T,chedaiin,medium
f104v,T,otor,reflux
f104v,T,qokar,heat
f104v,T,ary,unmapped
f104v,T,dsheey,unmapped
f104v,T,qoykeey,heat
f104v,T,lchedy,unmapped
f104v,T,qokedaiin,heat
f104v,T,ar,reflux
f104v,T,chcthy,unmapped
f104v,T,daiin,medium
f104v,T,cheey,unmapped
f104v,T,sair,unmapped
f104v,T,ol,outlet
f104v,T,aiin,medium
f104v,T,chedy,unmapped
f104v,T,ysheor,reflux
f104v,T,sheey,unmapped
f104v,T,qodaiin,heat
f104v,T,chodar,reflux
f104v,T,chochs,unmapped
f104v,T,pchoror,reflux
f104v,T,shor,reflux
f104v,T,sheol,outlet
f104v,T,sheol,outlet
f104v,T,sheol,outlet
f104v,T,qokchedy,heat
f104v,T,chdor,reflux
f104v,T,sho,unmapped
f104v,T,r,unmapped
f104v,T,aiin,medium
f104v,T,chpchs,unmapped
f104v,T,aiin,medium
f104v,T,al,outlet
f104v,T,olsho,unmapped
f104v,T,lsair,unmapped
f104v,T,olcheey,unmapped
f104v,T,qokeechy,heat
f104v,T,qokchy,heat
f104v,T,daiin,medium
f104v,T,chody,unmapped
f104v,T,qodaiin,heat
f104v,T,cheody,unmapped
f104v,T,kche,unmapped
f104v,T,shodaiin,medium
f104v,T,qokeey,heat
f104v,T,cheokcheo,unmapped
f104v,T,lol,outlet
f104v,T,kaiin,medium
f104v,T,qotchdy,heat
f104v,T,lcheo,unmapped
f104v,T,l,unmapped
f104v,T,chedy,unmapped
f104v,T,l,unmapped
f104v,T,cheed,unmapped
f104v,T,chaim,unmapped
f104v,T,ycheol,outlet
f104v,T,kaiin,medium
f104v,T,cheody,unmapped
f104v,T,shaiin,medium
f104v,T,qoeeol,heat
f104v,T,otair,unmapped
f104v,T,or,reflux
f104v,T,cheeody,unmapped
f104v,T,okcheey,heat
f104v,T,lkair,unmapped
f104v,T,ar,reflux
f104v,T,ar,reflux
f104v,T,adam,drain
f104v,T,y,unmapped
f104v,T,cheoraiin,medium
f104v,T,cthey,unmapped
f104v,T,chol,outlet
f104v,T,sheody,unmapped
f104v,T,qokair,heat
f104v,T,qoeey,heat
f104v,T,cheey,unmapped
f104v,T,lkeedy,unmapped
f104v,T,pchedy,unmapped
f104v,T,kchedy,unmapped
f104v,T,cheocphey,unmapped
f104v,T,or,reflux
f104v,T,ain,unmapped
f104v,T,cheeos,unmapped
f104v,T,aiiiro,unmapped
f104v,T,lcheedy,unmapped
f104v,T,lcheedy,unmapped
f104v,T,qosaiin,heat
f104v,T,cfheo,unmapped
f104v,T,ar,reflux
f104v,T,als,unmapped
f104v,T,am,drain
f104v,T,yteeey,unmapped
f104v,T,cheeod,unmapped
f104v,T,ykeey,unmapped
f104v,T,kaiin,medium
f104v,T,qokaiin,heat
f104v,T,cheey,unmapped
f104v,T,or,reflux
f104v,T,ol,outlet
f104v,T,ar,reflux
f104v,T,odar,reflux
f104v,T,chedain,unmapped
f104v,T,etar,reflux
f104v,T,ar,reflux
f104v,T,air,unmapped
f104v,T,ary,unmapped
f104v,T,ycheo,unmapped
f104v,T,lkeed,unmapped
f104v,T,qotain,heat
f104v,T,okaiin,heat
f104v,T,chokain,unmapped
f104v,T,okain,heat
f104v,T,cheol,outlet
f104v,T,olcho,unmapped
f104v,T,psheodar,reflux
f104v,T,sheedy,unmapped
f104v,T,qotchedar,heat
f104v,T,oteedy,unmapped
f104v,T,qotaiin,heat
f104v,T,okay,heat
f104v,T,sheody,unmapped
f104v,T,qokedy,heat
f104v,T,topaiin,medium
f104v,T,am,drain
f104v,T,sar,reflux
f104v,T,aiir,unmapped
f104v,T,sheos,unmapped
f104v,T,qoiiin,heat
f104v,T,okeedy,heat
f104v,T,qokcheodaiin,heat
f104v,T,posairy,unmapped
f104v,T,ytedar,reflux
f104v,T,chedy,unmapped
f104v,T,shoefcheey,unmapped
f104v,T,kechy,unmapped
f104v,T,sar,reflux
f104v,T,odl,unmapped
f104v,T,air,unmapped
f104v,T,shey,unmapped
f104v,T,qopcheey,heat
f104v,T,sol,outlet
f104v,T,ain,unmapped
f104v,T,arodam,drain
f104v,T,okechey,heat
f104v,T,chedy,unmapped
f104v,T,chchy,unmapped
f104v,T,qotain,heat
f104v,T,qokain,heat
f104v,T,chey,unmapped
f104v,T,or,reflux
f104v,T,aiin,medium
f104v,T,cheo,unmapped
f104v,T,or,reflux
f104v,T,aiin,medium
f104v,T,chedain,unmapped
f104v,T,okam,drain
f104v,T,yshey,unmapped
f104v,T,ar,reflux
f104v,T,a,unmapped
f104v,T,kain,unmapped
f104v,T,char,reflux
f104v,T,lkeey,unmapped
f104v,T,roiir,unmapped
f104v,T,shey,unmapped
f104v,T,cheey,unmapped
f104v,T,kar,reflux
f104v,T,ar,reflux
f104v,T,lkchs,unmapped
f104v,T,ar,reflux
f104v,T,y,unmapped
f104v,T,ais,unmapped
f104v,T,alod,unmapped
f104v,T,qokeeey,heat
f104v,T,okchedy,heat
f104v,T,qokeey,heat
f104v,T,aiin,medium
f104v,T,odain,unmapped
f104v,T,orchedy,unmapped
f104v,T,qoky,heat
f104v,T,tchedy,unmapped
f104v,T,qotechy,heat
f104v,T,otcheeo,unmapped
f104v,T,l,unmapped
f104v,T,keedy,unmapped
f104v,T,qoty,heat
f104v,T,raiin,medium
f104v,T,cheedy,unmapped
f104v,T,qotaiin,heat
f104v,T,otchdy,unmapped
f104v,T,qotain,heat
f104v,T,oteedchey,unmapped
f104v,T,qoeeda,heat
f104v,T,lchal,outlet
f104v,T,cheedy,unmapped
f104v,T,qoteey,heat
f104v,T,sheey,unmapped
f104v,T,teeeo,unmapped
f104v,T,dar,reflux
f104v,T,cheed,unmapped
f104v,T,qotain,heat
f104v,T,chedy,unmapped
f104v,T,chey,unmapped
f104v,T,keeey,unmapped
f104v,T,qockheey,heat
f104v,T,lkeey,unmapped
f104v,T,o,unmapped
f104v,T,keeedy,unmapped
f104v,T,qokeey,heat
f104v,T,okchey,heat
f104v,T,qotodaiin,heat
f104v,T,okain,heat
f104v,T,orom,unmapped
f104v,T,daiin,medium
f104v,T,y,unmapped
f104v,T,cheeo,unmapped
f104v,T,chey,unmapped
f104v,T,okeeey,heat
f104v,T,qokeeey,heat
f104v,T,okeey,heat
f104v,T,okeey,heat
f105r,T,aiin,medium
f105r,T,dar,reflux
f105r,T,chcphy,unmapped
f105r,T,qokeey,heat
f105r,T,qopaiin,heat
f105r,T,ypcheeey,unmapped
f105r,T,saraisl,unmapped
f105r,T,aiin,medium
f105r,T,cheedy,unmapped
f105r,T,aiin,medium
f105r,T,arody,unmapped
f105r,T,dshees,unmapped
f105r,T,yey,unmapped
f105r,T,cheey,unmapped
f105r,T,raiin,medium
f105r,T,otchdy,unmapped
f105r,T,qodor,heat
f105r,T,ches,unmapped
f105r,T,or,reflux
f105r,T,cheey,unmapped
f105r,T,okees,heat
f105r,T,odar,reflux
f105r,T,cheody,unmapped
f105r,T,qody,heat
f105r,T,olshey,unmapped
f105r,T,qoden,heat
f105r,T,odeey,unmapped
f105r,T,kcheody,unmapped
f105r,T,cheeo,unmapped
f105r,T,ar,reflux
f105r,T,yteey,unmapped
f105r,T,ytchy,unmapped
f105r,T,otedy,unmapped
f105r,T,qokeedy,heat
f105r,T,qokeey,heat
f105r,T,rol,outlet
f105r,T,ykaiin,medium
f105r,T,olkeedy,unmapped
f105r,T,odaiin,medium
f105r,T,okar,heat
f105r,T,eeeodaiin,medium
f105r,T,yteey,unmapped
f105r,T,ochedy,unmapped
f105r,T,qokeeey,heat
f105r,T,oy,unmapped
f105r,T,teedy,unmapped
f105r,T,qotam,drain
f105r,T,daiin,medium
f105r,T,yteedy,unmapped
f105r,T,yteeeody,unmapped
f105r,T,yl,unmapped
f105r,T,cheod,unmapped
f105r,T,or,reflux
f105r,T,aiiroekey,unmapped
f105r,T,otchdy,unmapped
f105r,T,otey,unmapped
f105r,T,par,reflux
f105r,T,arody,unmapped
f105r,T,shedeeey,retain
f105r,T,qopchedy,heat
f105r,T,qody,heat
f105r,T,qoteody,heat
f105r,T,aiin,medium
f105r,T,yteody,unmapped
f105r,T,qokor,heat
f105r,T,olpshedy,unmapped
f105r,T,ysheeody,unmapped
f105r,T,ykeeos,unmapped
f105r,T,or,reflux
f105r,T,aiiin,unmapped
f105r,T,shey,unmapped
f105r,T,qodaiiin,heat
f105r,T,qokeed,heat
f105r,T,qokeey,heat
f105r,T,saiin,medium
f105r,T,aiirody,unmapped
f105r,T,sheey,unmapped
f105r,T,oleeey,unmapped
f105r,T,or,reflux
f105r,T,air,unmapped
f105r,T,qokaiin,heat
f105r,T,chey,unmapped
f105r,T,qokeedy,heat
f105r,T,qokedy,heat
f105r,T,oteedy,unmapped
f105r,T,lchedy,unmapped
f105r,T,oesal,outlet
f105r,T,oeeolchy,unmapped
f105r,T,okeeydy,heat
f105r,T,okeey,heat
f105r,T,okchey,heat
f105r,T,sairy,unmapped
f105r,T,ore,unmapped
f105r,T,daiindy,unmapped
f105r,T,ytam,drain
f105r,T,pdar,reflux
f105r,T,o,unmapped
f105r,T,shedy,retain
f105r,T,otcheos,unmapped
f105r,T,oiiin,unmapped
f105r,T,al,outlet
f105r,T,tchedarchy,unmapped
f105r,T,fchos,unmapped
f105r,T,aiin,medium
f105r,T,polaiin,medium
f105r,T,polkeeey,unmapped
f105r,T,dyaiin,medium
f105r,T,yaiir,unmapped
f105r,T,yteeo,unmapped
f105r,T,dy,unmapped
f105r,T,qoeeody,heat
f105r,T,qoeedy,heat
f105r,T,kchedy,unmapped
f105r,T,qotchdy,heat
f105r,T,otcheey,unmapped
f105r,T,chey,unmapped
f105r,T,teeor,reflux
f105r,T,ykedy,unmapped
f105r,T,ry,unmapped
f105r,T,dyteey,unmapped
f105r,T,qokdy,heat
f105r,T,chedy,unmapped
f105r,T,chedy,unmapped
f105r,T,dal,outlet
f105r,T,qoked,heat
f105r,T,shedy,retain
f105r,T,qoteody,heat
f105r,T,cheedy,unmapped
f105r,T,ot,unmapped
f105r,T,kesoar,reflux
f105r,T,qoeeedy,heat
f105r,T,keeody,unmapped
f105r,T,dlls,unmapped
f105r,T,air,unmapped
f105r,T,shckhy,unmapped
f105r,T,oekeody,unmapped
f105r,T,cheody,unmapped
f105r,T,oeey,unmapped
f105r,T,qokeeody,heat
f105r,T,sheo,unmapped
f105r,T,lkeey,unmapped
f105r,T,lksheey,unmapped
f105r,T,ol,outlet
f105r,T,r,unmapped
f105r,T,aiin,medium
f105r,T,okeedy,heat
f105r,T,olkeeody,unmapped
f105r,T,lkaiin,medium
f105r,T,okeeol,heat
f105r,T,oteeol,outlet
f105r,T,shod,unmapped
f105r,T,daiin,medium
f105r,T,aral,outlet
f105r,T,yteody,unmapped
f105r,T,oteeeos,unmapped
f105r,T,aiin,medium
f105r,T,odal,outlet
f105r,T,oiir,unmapped
f105r,T,okeedy,heat
f105r,T,oral,outlet
f105r,T,lteedy,unmapped
f105r,T,okeeddl,heat
f105r,T,sheokedy,unmapped
f105r,T,qokedy,heat
f105r,T,shol,outlet
f105r,T,kol,outlet
f105r,T,aiirol,outlet
f105r,T,qokchedy,heat
f105r,T,daiin,medium
f105r,T,okedy,heat
f105r,T,qky,unmapped
f105r,T,sheoy,unmapped
f105r,T,oleedy,unmapped
f105r,T,daiin,medium
f105r,T,al,outlet
f105r,T,chedy,unmapped
f105r,T,okeeey,heat
f105r,T,chdaiin,medium
f105r,T,otedy,unmapped
f105r,T,cheoty,unmapped
f105r,T,oteedy,unmapped
f105r,T,oteey,unmapped
f105r,T,chdy,unmapped
f105r,T,dsechey,unmapped
f105r,T,oteol,outlet
f105r,T,daiindy,unmapped
f105r,T,saiin,medium
f105r,T,chedy,unmapped
f105r,T,laiin,medium
f105r,T,okeeody,heat
f105r,T,okeeyteedy,heat
f105r,T,odaiin,medium
f105r,T,aiir,unmapped
f105r,T,al,outlet
f105r,T,s,unmapped
f105r,T,aiin,medium
f105r,T,chey,unmapped
f105r,T,teol,outlet
f105r,T,ykair,unmapped
f105r,T,paiir,unmapped
f105r,T,olkaiin,medium
f105r,T,olfaiin,medium
f105r,T,odar,reflux
f105r,T,al,outlet
f105r,T,airody,unmapped
f105r,T,al,outlet
f105r,T,teedar,reflux
f105r,T,dam,drain
f105r,T,ycheo,unmapped
f105r,T,lkedy,unmapped
f105r,T,qoeey,heat
f105r,T,qokedy,heat
f105r,T,qokedal,heat
f105r,T,saiin,medium
f105r,T,otol,outlet
f105r,T,shody,unmapped
f105r,T,chedy,unmapped
f105r,T,okaiin,heat
f105r,T,chekaim,unmapped
f105r,T,olkchokeedy,unmapped
f105r,T,ypair,unmapped
f105r,T,opaiin,medium
f105r,T,opail,unmapped
f105r,T,oteodl,unmapped
f105r,T,eeol,outlet
f105r,T,keey,unmapped
f105r,T,r,unmapped
f105r,T,aiin,medium
f105r,T,ylkaiin,medium
f105r,T,am,drain
f105r,T,ols,unmapped
f105r,T,dchees,unmapped
f105r,T,opchey,unmapped
f105r,T,aeeodchy,unmapped
f105r,T,chefchedy,unmapped
f105r,T,pcheor,reflux
f105r,T,ain,unmapped
f105r,T,ckheey,unmapped
f105r,T,okeeey,heat
f105r,T,paiin,medium
f105r,T,ar,reflux
f105r,T,aiiin,unmapped
f105r,T,chpaiikey,unmapped
f105r,T,sheo,unmapped
f105r,T,pcheey,unmapped
f105r,T,dal,outlet
f105r,T,daiin,medium
f105r,T,dam,drain
f105r,T,deeedy,unmapped
f105r,T,cheodkedy,unmapped
f105r,T,chedy,unmapped
f105r,T,decthdy,unmapped
f105r,T,daiiils,unmapped
f105r,T,airols,unmapped
f105r,T,pdal,outlet
f105r,T,sheey,unmapped
f105r,T,yqopchy,unmapped
f105r,T,airal,outlet
f105r,T,sheey,unmapped
f105r,T,fchdy,unmapped
f105r,T,qopchdy,heat
f105r,T,raiir,unmapped
f105r,T,oky,heat
f105r,T,chdedy,unmapped
f105r,T,qodeedy,heat
f105r,T,qokedy,heat
f105r,T,dair,unmapped
f105r,T,cho,unmapped
f105r,T,al,outlet
f105r,T,r,unmapped
f105r,T,lal,outlet
f105r,T,cheesy,unmapped
f105r,T,cphedy,unmapped
f105r,T,pchsed,unmapped
f105r,T,sheefy,unmapped
f105r,T,opchey,unmapped
f105r,T,qoteedy,heat
f105r,T,qoeey,heat
f105r,T,qokeedy,heat
f105r,T,laiiin,unmapped
f105r,T,odaiin,medium
f105r,T,aiir,unmapped
f105r,T,opair,unmapped
f105r,T,kechedy,unmapped
f105r,T,oees,unmapped
f105r,T,olkeedy,unmapped
f105r,T,qockhy,heat
f105r,T,r,unmapped
f105r,T,aiin,medium
f105r,T,chol,outlet
f105r,T,okair,heat
f105r,T,oteedy,unmapped
f105r,T,qopchedy,heat
f105r,T,odaiin,medium
f105r,T,ypchedy,unmapped
f105r,T,ytam,drain
f105r,T,oleedar,reflux
f105r,T,aiildy,unmapped
f105r,T,dar,reflux
f105r,T,oiin,unmapped
f105r,T,y,unmapped
f105r,T,teey,unmapped
f105r,T,tair,unmapped
f105r,T,cheody,unmapped
f105r,T,qokolky,heat
f105r,T,cheolkary,unmapped
f105r,T,kodeey,unmapped
f105r,T,lchl,unmapped
f105r,T,shx,unmapped
f105r,T,ar,reflux
f105r,T,aiijy,unmapped
f105r,T,cpheesy,unmapped
f105r,T,okal,heat
f105r,T,lkedy,unmapped
f105r,T,lkar,reflux
f105r,T,chedy,unmapped
f105r,T,qokaiin,heat
f105r,T,or,reflux
f105r,T,fchoky,unmapped
f105r,T,ycheochy,unmapped
f105r,T,lkeol,outlet
f105r,T,daiin,medium
f105r,T,qkair,unmapped
f105r,T,olkchey,unmapped
f105r,T,dar,reflux
f105r,T,qopchdy,heat
f105r,T,dair,unmapped
f105r,T,otar,reflux
f105r,T,ar,reflux
f105r,T,ajam,drain
f105r,T,okeeodair,heat
f105r,T,oteey,unmapped
f105r,T,lkeey,unmapped
f105r,T,teeolteedy,unmapped
f105r,T,ot,unmapped
f105r,T,okal,heat
f105r,T,or,reflux
f105r,T,aiiin,unmapped
f105r,T,qokaiin,heat
f105r,T,ar,reflux
f105r,T,airod,unmapped
f105r,T,dor,reflux
f105r,T,ail,unmapped
f105r,T,cheky,unmapped
f105r,T,kar,reflux
f105r,T,odaiin,medium
f105r,T,ykl,unmapped
f105r,T,al,outlet
f105r,T,oees,unmapped
f105r,T,al,outlet
f105r,T,ar,reflux
f105r,T,alkam,drain
f105r,T,ypchedy,unmapped
f105r,T,okaiir,heat
f105r,T,opcheedy,unmapped
f105r,T,qokair,heat
f105r,T,dar,reflux
f105r,T,kal,outlet
f105r,T,otar,reflux
f105r,T,ol,outlet
f105r,T,qokal,heat
f105r,T,kor,reflux
f105r,T,orolpchey,unmapped
f105r,T,ofory,unmapped
f105r,T,dyteey,unmapped
f105r,T,otedaiin,medium
f105r,T,otar,reflux
f105r,T,ol,outlet
f105r,T,chedy,unmapped
f105r,T,ted,unmapped
f105r,T,qotar,heat
f105r,T,oteodar,reflux
f105r,T,otam,drain
f105r,T,ytedy,unmapped
f105r,T,otaiin,medium
f105r,T,otoiir,unmapped
f105r,T,chedaiin,medium
f105r,T,otair,unmapped
f105r,T,otaly,unmapped
f105v,T,polairy,unmapped
f105v,T,oair,unmapped
f105v,T,olpcheey,unmapped
f105v,T,ykaiin,medium
f105v,T,olpchedy,unmapped
f105v,T,opchedaiin,medium
f105v,T,dairody,unmapped
f105v,T,ypcheddy,unmapped
f105v,T,sairy,unmapped
f105v,T,ysheod,unmapped
f105v,T,ykeeedy,unmapped
f105v,T,keshed,unmapped
f105v,T,qodaiin,heat
f105v,T,oteodair,unmapped
f105v,T,or,reflux
f105v,T,chkar,reflux
f105v,T,otaiin,medium
f105v,T,chpor,reflux
f105v,T,or,reflux
f105v,T,otchy,unmapped
f105v,T,otor,reflux
f105v,T,dshedy,unmapped
f105v,T,qoedaiin,heat
f105v,T,ytoiin,unmapped
f105v,T,okair,heat
f105v,T,qotol,heat
f105v,T,dol,outlet
f105v,T,okoldy,heat
f105v,T,qokedy,heat
f105v,T,opched,unmapped
f105v,T,oteedy,unmapped
f105v,T,qotaiin,heat
f105v,T,olkeeol,outlet
f105v,T,orchsey,unmapped
f105v,T,qokeedy,heat
f105v,T,chdor,reflux
f105v,T,olar,reflux
f105v,T,ol,outlet
f105v,T,keeol,outlet
f105v,T,chedaiin,medium
f105v,T,pchedal,outlet
f105v,T,qopchdy,heat
f105v,T,daiin,medium
f105v,T,chedy,unmapped
f105v,T,daiin,medium
f105v,T,okaildy,heat
f105v,T,opchedaiin,medium
f105v,T,opcheo,unmapped
f105v,T,olkeedy,unmapped
f105v,T,sairom,unmapped
f105v,T,dcheo,unmapped
f105v,T,fcheeody,unmapped
f105v,T,ckheey,unmapped
f105v,T,dar,reflux
f105v,T,aiin,medium
f105v,T,al,outlet
f105v,T,dar,reflux
f105v,T,ar,reflux
f105v,T,daiiidy,unmapped
f105v,T,otedy,unmapped
f105v,T,oteody,unmapped
f105v,T,ykaiin,medium
f105v,T,g,unmapped
f105v,T,ycheeo,unmapped
f105v,T,lkaiin,medium
f105v,T,otair,unmapped
f105v,T,ol,outlet
f105v,T,olkaiin,medium
f105v,T,okairody,heat
f105v,T,lchedr,unmapped
f105v,T,fodal,outlet
f105v,T,kedar,reflux
f105v,T,olpchesd,unmapped
f105v,T,araiin,medium
f105v,T,ksheeol,outlet
f105v,T,opchedy,unmapped
f105v,T,pchedy,unmapped
f105v,T,opcheddl,unmapped
f105v,T,pchdar,reflux
f105v,T,air,unmapped
f105v,T,odar,reflux
f105v,T,lcheey,unmapped
f105v,T,qoeees,heat
f105v,T,y,unmapped
f105v,T,daiin,medium
f105v,T,okairy,heat
f105v,T,otchedy,unmapped
f105v,T,ockhedy,unmapped
f105v,T,otchey,unmapped
f105v,T,daiin,medium
f105v,T,or,reflux
f105v,T,r,unmapped
f105v,T,ail,unmapped
f105v,T,l,unmapped
f105v,T,okam,drain
f105v,T,ykeey,unmapped
f105v,T,ky,unmapped
f105v,T,che,unmapped
f105v,T,oiiin,unmapped
f105v,T,dal,outlet
f105v,T,kaiin,medium
f105v,T,okairo,heat
f105v,T,l,unmapped
f105v,T,kair,unmapped
f105v,T,chedy,unmapped
f105v,T,s,unmapped
f105v,T,odar,reflux
f105v,T,air,unmapped
f105v,T,al,outlet
f105v,T,oral,outlet
f105v,T,odam,drain
f105v,T,roees,unmapped
f105v,T,aiiin,unmapped
f105v,T,ol,outlet
f105v,T,okaiin,heat
f105v,T,os,unmapped
f105v,T,aiin,medium
f105v,T,chckhodu,unmapped
f105v,T,qoteedy,heat
f105v,T,ckhddl,unmapped
f105v,T,aiir,unmapped
f105v,T,ypar,reflux
f105v,T,kaiidy,unmapped
f105v,T,ysheedy,unmapped
f105v,T,aiin,medium
f105v,T,okeol,heat
f105v,T,ykedor,reflux
f105v,T,ar,reflux
f105v,T,ar,reflux
f105v,T,alkair,unmapped
f105v,T,otar,reflux
f105v,T,otaiin,medium
f105v,T,otal,outlet
f105v,T,tair,unmapped
f105v,T,am,drain
f105v,T,saiin,medium
f105v,T,opchedy,unmapped
f105v,T,qokchdy,heat
f105v,T,otar,reflux
f105v,T,al,outlet
f105v,T,kair,unmapped
f105v,T,okees,heat
f105v,T,lkchdal,outlet
f105v,T,pchedaiin,medium
f105v,T,chckhdy,unmapped
f105v,T,qokaiir,heat
f105v,T,olpchedy,unmapped
f105v,T,olord,unmapped
f105v,T,aiiin,unmapped
f105v,T,tail,unmapped
f105v,T,odar,reflux
f105v,T,kard,unmapped
f105v,T,chtchy,unmapped
f105v,T,ycheey,unmapped
f105v,T,kar,reflux
f105v,T,ykeey,unmapped
f105v,T,otaiin,medium
f105v,T,ot,unmapped
f105v,T,al,outlet
f105v,T,dar,reflux
f105v,T,chdor,reflux
f105v,T,kalchedy,unmapped
f105v,T,opchdy,unmapped
f105v,T,daiin,medium
f105v,T,oraiin,medium
f105v,T,r,unmapped
f105v,T,daiin,medium
f105v,T,cheey,unmapped
f105v,T,dal,outlet
f105v,T,chl,unmapped
f105v,T,okair,heat
f105v,T,aiin,medium
f105v,T,cpheor,reflux
f105v,T,aiin,medium
f105v,T,okal,heat
f105v,T,chodaiin,medium
f105v,T,otaiin,medium
f105v,T,opaiim,unmapped
f105v,T,olr,unmapped
f105v,T,aiin,medium
f105v,T,chey,unmapped
f105v,T,l,unmapped
f105v,T,raiin,medium
f105v,T,lkl,unmapped
f105v,T,dl,unmapped
f105v,T,lklor,reflux
f105v,T,diiin,unmapped
f105v,T,olkaiin,medium
f105v,T,pchor,reflux
f105v,T,chedaiin,medium
f105v,T,okaiin,heat
f105v,T,cholkal,outlet
f105v,T,qolkaiin,heat
f105v,T,oltchdy,unmapped
f105v,T,qopchsd,heat
f105v,T,opair,unmapped
f105v,T,orair,unmapped
f105v,T,karaim,unmapped
f105v,T,ycheey,unmapped
f105v,T,aiin,medium
f105v,T,otleey,unmapped
f105v,T,lkaiir,unmapped
f105v,T,cheeo,unmapped
f105v,T,taiin,medium
f105v,T,okeed,heat
f105v,T,ail,unmapped
f105v,T,kchey,unmapped
f105v,T,rokaix,unmapped
f105v,T,am,drain
f105v,T,porair,unmapped
f105v,T,chopchdy,unmapped
f105v,T,chedain,unmapped
f105v,T,otair,unmapped
f105v,T,otchod,unmapped
f105v,T,aiin,medium
f105v,T,alol,outlet
f105v,T,cheo,unmapped
f105v,T,ypchedy,unmapped
f105v,T,kairodl,unmapped
f105v,T,lpaim,unmapped
f105v,T,ykeeo,unmapped
f105v,T,daiim,unmapped
f105v,T,sheey,unmapped
f105v,T,qokaiin,heat
f105v,T,cheot,unmapped
f105v,T,daiin,medium
f105v,T,qoek,heat
f105v,T,eeykeody,unmapped
f105v,T,qopaiin,heat
f105v,T,or,reflux
f105v,T,aiikam,drain
f105v,T,daiin,medium
f105v,T,cheodaiin,medium
f105v,T,chedal,outlet
f105v,T,air,unmapped
f105v,T,okaiin,heat
f105v,T,cheey,unmapped
f105v,T,tcholkaiin,medium
f105v,T,odal,outlet
f105v,T,kl,unmapped
f105v,T,chees,unmapped
f105v,T,aiiin,unmapped
f105v,T,shees,unmapped
f105v,T,qopdaiin,heat
f105v,T,chods,unmapped
f105v,T,alkeey,unmapped
f105v,T,paradam,drain
f105v,T,alcheey,unmapped
f105v,T,okaiin,heat
f105v,T,otar,reflux
f105v,T,oto,unmapped
f105v,T,daiin,medium
f105v,T,ckheol,outlet
f105v,T,lkol,outlet
f105v,T,fchedypaiin,medium
f105v,T,kchdaldy,unmapped
f105v,T,alfo,unmapped
f105v,T,lfcheedy,unmapped
f105v,T,ofoiir,unmapped
f105v,T,opchey,unmapped
f105v,T,fchedy,unmapped
f105v,T,qotor,heat
f105v,T,oeeeodr,unmapped
f105v,T,qopar,heat
f105v,T,y,unmapped
f105v,T,dl,unmapped
f105v,T,lkl,unmapped
f105v,T,sheeodees,unmapped
f105v,T,otaiin,medium
f105v,T,otar,reflux
f105v,T,otal,outlet
f105v,T,or,reflux
f105v,T,aiin,medium
f105v,T,chedor,reflux
f105v,T,alkaiin,medium
f105v,T,chs,unmapped
f105v,T,alkaiin,medium
f105v,T,ry,unmapped
f105v,T,sheoe,unmapped
f105v,T,arxor,reflux
f105v,T,eesy,unmapped
f105v,T,qopcheo,heat
f105v,T,ain,unmapped
f105v,T,orkchdy,unmapped
f105v,T,daiin,medium
f105v,T,oteedy,unmapped
f105v,T,ko,unmapped
f105v,T,lkair,unmapped
f105v,T,otaiilody,unmapped
f105v,T,oeoar,reflux
f105v,T,ar,reflux
f105v,T,al,outlet
f105v,T,odor,reflux
f105v,T,aiil,unmapped
f105v,T,otaiin,medium
f105v,T,tdol,outlet
f105v,T,tor,reflux
f105v,T,oaldar,reflux
f105v,T,aiir,unmapped
f105v,T,okokeedy,heat
f105v,T,karody,unmapped
f105v,T,qoeedy,heat
f105v,T,sho,unmapped
f105v,T,qopchedy,heat
f105v,T,daiin,medium
f105v,T,opairam,drain
f105v,T,dchedy,unmapped
f105v,T,cheey,unmapped
f105v,T,qokor,heat
f105v,T,otaiin,medium
f105v,T,otair,unmapped
f105v,T,otair,unmapped
f105v,T,okeedy,heat
f105v,T,kaiin,medium
f105v,T,aiin,medium
f105v,T,s,unmapped
f105v,T,aiin,medium
f105v,T,sy,unmapped
f105v,T,ychtaiir,unmapped
f105v,T,aiichy,unmapped
f105v,T,dol,outlet
f105v,T,aiin,medium
f105v,T,otaiin,medium
f105v,T,aiidy,unmapped
f105v,T,okchd,heat
f105v,T,otar,reflux
f105v,T,daiin,medium
f105v,T,poar,reflux
f105v,T,keeodaiin,medium
f105v,T,qoair,heat
f105v,T,ar,reflux
f105v,T,aey,unmapped
f105v,T,qoeedeody,heat
f105v,T,qokaiin,heat
f105v,T,qotedair,heat
f105v,T,apo,unmapped
f105v,T,rairapy,unmapped
f105v,T,lsheody,unmapped
f105v,T,tair,unmapped
f105v,T,oteey,unmapped
f105v,T,oteeo,unmapped
f105v,T,o,unmapped
f105v,T,l,unmapped
f105v,T,otaiin,medium
f105v,T,okeey,heat
f105v,T,qokaiin,heat
f105v,T,or,reflux
f105v,T,aiir,unmapped
f105v,T,al,outlet
f105v,T,dar,reflux
f105v,T,sheeo,unmapped
f105v,T,daiin,medium
f105v,T,chsd,unmapped
f105v,T,qokeeey,heat
f105v,T,dair,unmapped
f105v,T,okaiin,heat
f105v,T,otaiin,medium
f105v,T,chedaiin,medium
f105v,T,olkal,outlet
f105v,T,lkldain,unmapped
f105v,T,doee,unmapped
f105v,T,okcheeo,heat
f105v,T,l,unmapped
f105v,T,taiin,medium
f105v,T,otcheedy,unmapped
f105v,T,chor,reflux
f105v,T,aiin,medium
f105v,T,odaiin,medium
f105v,T,chedy,unmapped
f105v,T,otaiin,medium
f105v,T,al,outlet
f105v,T,kaishd,unmapped
f105v,T,laiin,medium
f105v,T,sheod,unmapped
f105v,T,okeeody,heat
f105v,T,qoaiin,heat
f105v,T,ytaiin,medium
f105v,T,otair,unmapped
f105v,T,chdal,outlet
f105v,T,dy,unmapped
f105v,T,daim,unmapped
f105v,T,chdaiin,medium
f105v,T,oy,unmapped
f105v,T,yshey,unmapped
f105v,T,ckhy,unmapped
f105v,T,sheo,unmapped
f105v,T,qoeeo,heat
f105v,T,lkaiin,medium
f105v,T,chs,unmapped
f105v,T,okol,heat
f105v,T,tchdy,unmapped
f105v,T,sheeey,unmapped
f105v,T,okaiin,heat
f105v,T,ar,reflux
f105v,T,aildy,unmapped
f105v,T,cheody,unmapped
f105v,T,oaiir,unmapped
f105v,T,ain,unmapped
f105v,T,okshey,heat
f106r,T,pshdar,reflux
f106r,T,shoefy,unmapped
f106r,T,yteedy,unmapped
f106r,T,shal,outlet
f106r,T,korchy,unmapped
f106r,T,sheky,unmapped
f106r,T,otchedy,unmapped
f106r,T,okshed,heat
f106r,T,qotedy,heat
f106r,T,qoted,heat
f106r,T,yteeody,unmapped
f106r,T,shedchy,retain
f106r,T,ytchedy,unmapped
f106r,T,chees,unmapped
f106r,T,otshes,unmapped
f106r,T,okcho,heat
f106r,T,chdy,unmapped
f106r,T,qokeedy,heat
f106r,T,ched,unmapped
f106r,T,chedy,unmapped
f106r,T,chedy,unmapped
f106r,T,qotar,heat
f106r,T,rod,unmapped
f106r,T,dshes,unmapped
f106r,T,lchedy,unmapped
f106r,T,lkchedy,unmapped
f106r,T,ytchdy,unmapped
f106r,T,or,reflux
f106r,T,cheos,unmapped
f106r,T,pcheodair,unmapped
f106r,T,okchedy,heat
f106r,T,olkeeedy,unmapped
f106r,T,or,reflux
f106r,T,arojy,unmapped
f106r,T,qopchdy,heat
f106r,T,sholfchdy,unmapped
f106r,T,cheeky,unmapped
f106r,T,lchedy,unmapped
f106r,T,qokam,drain
f106r,T,ysheor,reflux
f106r,T,aiin,medium
f106r,T,char,reflux
f106r,T,okaiin,heat
f106r,T,qokeechy,heat
f106r,T,checkhy,unmapped
f106r,T,qokeod,heat
f106r,T,ar,reflux
f106r,T,qokeo,heat
f106r,T,lkeo,unmapped
f106r,T,lchorom,unmapped
f106r,T,shor,reflux
f106r,T,sheor,reflux
f106r,T,orkchsd,unmapped
f106r,T,otair,unmapped
f106r,T,or,reflux
f106r,T,qokeeo,heat
f106r,T,raiin,medium
f106r,T,qokeeolchedy,heat
f106r,T,olchedy,unmapped
f106r,T,qokeol,heat
f106r,T,qoky,heat
f106r,T,olched,unmapped
f106r,T,qoiin,heat
f106r,T,ychedy,unmapped
f106r,T,qokam,drain
f106r,T,sheol,outlet
f106r,T,qokor,heat
f106r,T,cheees,unmapped
f106r,T,porarchy,unmapped
f106r,T,orar,reflux
f106r,T,ol,outlet
f106r,T,kaiin,medium
f106r,T,shedy,retain
f106r,T,oteedy,unmapped
f106r,T,qotor,heat
f106r,T,qoteedo,heat
f106r,T,qoteedy,heat
f106r,T,dair,unmapped
f106r,T,okchdaim,heat
f106r,T,ychor,reflux
f106r,T,chol,outlet
f106r,T,qokain,heat
f106r,T,chocphol,outlet
f106r,T,lchedy,unmapped
f106r,T,qocheo,heat
f106r,T,qokar,heat
f106r,T,pshoair,unmapped
f106r,T,lkeeshedy,unmapped
f106r,T,qokain,heat
f106r,T,cheoly,unmapped
f106r,T,qokedy,heat
f106r,T,lchedy,unmapped
f106r,T,qokedy,heat
f106r,T,otedy,unmapped
f106r,T,qotoky,heat
f106r,T,sar,reflux
f106r,T,aiin,medium
f106r,T,cheol,outlet
f106r,T,aiin,medium
f106r,T,cheokey,unmapped
f106r,T,raiin,medium
f106r,T,chokar,reflux
f106r,T,cholky,unmapped
f106r,T,okeees,heat
f106r,T,aiin,medium
f106r,T,okeey,heat
f106r,T,lchg,unmapped
f106r,T,okeey,heat
f106r,T,lcheedy,unmapped
f106r,T,olkeey,unmapped
f106r,T,qokeeo,heat
f106r,T,dchedy,unmapped
f106r,T,pcheol,outlet
f106r,T,sheokaiin,medium
f106r,T,otey,unmapped
f106r,T,qokeeor,heat
f106r,T,sheo,unmapped
f106r,T,aiin,medium
f106r,T,otchey,unmapped
f106r,T,pcheo,unmapped
f106r,T,ror,reflux
f106r,T,aiin,medium
f106r,T,daiinopal,outlet
f106r,T,ychol,outlet
f106r,T,okaiin,heat
f106r,T,olcheey,unmapped
f106r,T,dolchedy,unmapped
f106r,T,otair,unmapped
f106r,T,otal,outlet
f106r,T,chedy,unmapped
f106r,T,okeor,heat
f106r,T,podaroar,reflux
f106r,T,oteeo,unmapped
f106r,T,lchor,reflux
f106r,T,shol,outlet
f106r,T,tchedy,unmapped
f106r,T,chotar,reflux
f106r,T,opchedy,unmapped
f106r,T,opches,unmapped
f106r,T,aiin,medium
f106r,T,okchdam,drain
f106r,T,soin,unmapped
f106r,T,oin,unmapped
f106r,T,okain,heat
f106r,T,aiin,medium
f106r,T,arol,outlet
f106r,T,ocheedy,unmapped
f106r,T,lkeeeody,unmapped
f106r,T,daiin,medium
f106r,T,chedar,reflux
f106r,T,okol,heat
f106r,T,otar,reflux
f106r,T,chdam,drain
f106r,T,yochor,reflux
f106r,T,lshedy,unmapped
f106r,T,qockhey,heat
f106r,T,qokedain,heat
f106r,T,or,reflux
f106r,T,aiinchodar,reflux
f106r,T,kshed,unmapped
f106r,T,dsheol,outlet
f106r,T,qokeedy,heat
f106r,T,otol,outlet
f106r,T,okeedy,heat
f106r,T,lkeedar,reflux
f106r,T,sheopchy,unmapped
f106r,T,qopchy,heat
f106r,T,qotolchy,heat
f106r,T,qoty,heat
f106r,T,chdy,unmapped
f106r,T,otchedy,unmapped
f106r,T,qokeey,heat
f106r,T,shosaiin,medium
f106r,T,qokaiin,heat
f106r,T,okain,heat
f106r,T,cholkeeey,unmapped
f106r,T,ltal,outlet
f106r,T,olcheey,unmapped
f106r,T,qotchoraiin,heat
f106r,T,y,unmapped
f106r,T,ytaiin,medium
f106r,T,cheey,unmapped
f106r,T,qokaiin,heat
f106r,T,shaiin,medium
f106r,T,qokeedy,heat
f106r,T,sail,unmapped
f106r,T,chedy,unmapped
f106r,T,cheodal,outlet
f106r,T,qochedy,heat
f106r,T,qokaiin,heat
f106r,T,olkeedy,unmapped
f106r,T,qokchedy,heat
f106r,T,cheo,unmapped
f106r,T,lkeedy,unmapped
f106r,T,chearaiin,medium
f106r,T,okain,heat
f106r,T,tshodair,unmapped
f106r,T,olkeees,unmapped
f106r,T,odain,unmapped
f106r,T,qokeedy,heat
f106r,T,opchor,reflux
f106r,T,aror,reflux
f106r,T,pcheeody,unmapped
f106r,T,daiir,unmapped
f106r,T,opchedy,unmapped
f106r,T,opchody,unmapped
f106r,T,ychedy,unmapped
f106r,T,qckhedy,unmapped
f106r,T,dair,unmapped
f106r,T,al,outlet
f106r,T,qokedy,heat
f106r,T,shecphy,unmapped
f106r,T,qokchy,heat
f106r,T,otedy,unmapped
f106r,T,dar,reflux
f106r,T,aror,reflux
f106r,T,podshedy,unmapped
f106r,T,qokchedy,heat
f106r,T,lkechor,reflux
f106r,T,otchodar,reflux
f106r,T,cho,unmapped
f106r,T,lky,unmapped
f106r,T,chedar,reflux
f106r,T,otaiin,medium
f106r,T,chkchedaram,drain
f106r,T,soraiin,medium
f106r,T,cheeo,unmapped
f106r,T,lo,unmapped
f106r,T,lchey,unmapped
f106r,T,qokaiin,heat
f106r,T,shedy,retain
f106r,T,okain,heat
f106r,T,shear,reflux
f106r,T,qokain,heat
f106r,T,chees,unmapped
f106r,T,ykarain,unmapped
f106r,T,ycheeo,unmapped
f106r,T,lkeey,unmapped
f106r,T,tcheoky,unmapped
f106r,T,lkshedy,unmapped
f106r,T,qokaiin,heat
f106r,T,lky,unmapped
f106r,T,raiin,medium
f106r,T,chy,unmapped
f106r,T,rody,unmapped
f106r,T,chlar,reflux
f106r,T,cheeorfor,reflux
f106r,T,cheoly,unmapped
f106r,T,okaiin,heat
f106r,T,ol,outlet
f106r,T,lcho,unmapped
f106r,T,rcheo,unmapped
f106r,T,raiin,medium
f106r,T,qokaiin,heat
f106r,T,chey,unmapped
f106r,T,chokaiin,medium
f106r,T,chear,reflux
f106r,T,ar,reflux
f106r,T,ol,outlet
f106r,T,raralchl,unmapped
f106r,T,saiin,medium
f106r,T,chal,outlet
f106r,T,chlal,outlet
f106r,T,okal,heat
f106r,T,ykalaiin,medium
f106r,T,okain,heat
f106r,T,qokain,heat
f106r,T,ar,reflux
f106r,T,okaiin,heat
f106r,T,char,reflux
f106r,T,aiiny,unmapped
f106r,T,ycheeo,unmapped
f106r,T,lkaiin,medium
f106r,T,cho,unmapped
f106r,T,ror,reflux
f106r,T,sheo,unmapped
f106r,T,l,unmapped
f106r,T,kain,unmapped
f106r,T,shor,reflux
f106r,T,sar,reflux
f106r,T,aiiry,unmapped
f106r,T,sheo,unmapped
f106r,T,al,outlet
f106r,T,kairam,drain
f106r,T,yshar,reflux
f106r,T,chkar,reflux
f106r,T,aiiiky,unmapped
f106r,T,ral,outlet
f106r,T,cheol,outlet
f106r,T,oraiin,medium
f106r,T,poral,outlet
f106r,T,sho,unmapped
f106r,T,keeody,unmapped
f106r,T,qokain,heat
f106r,T,chckhy,unmapped
f106r,T,olteeedy,unmapped
f106r,T,qopcher,heat
f106r,T,al,outlet
f106r,T,karchy,unmapped
f106r,T,qotedary,heat
f106r,T,ycheol,outlet
f106r,T,chokaiin,medium
f106r,T,sheody,unmapped
f106r,T,chody,unmapped
f106r,T,qokaiin,heat
f106r,T,ar,reflux
f106r,T,akair,unmapped
f106r,T,aiir,unmapped
f106r,T,okaly,heat
f106r,T,tcheorsho,unmapped
f106r,T,lkshey,unmapped
f106r,T,lpcheo,unmapped
f106r,T,ro,unmapped
f106r,T,lpchey,unmapped
f106r,T,oporaiin,medium
f106r,T,chpchy,unmapped
f106r,T,qopcheody,heat
f106r,T,qotarain,heat
f106r,T,okaiin,heat
f106r,T,choky,unmapped
f106r,T,lkar,reflux
f106r,T,chdy,unmapped
f106r,T,lchedy,unmapped
f106r,T,psheodalo,unmapped
f106r,T,dar,reflux
f106r,T,sheodal,outlet
f106r,T,qotedy,heat
f106r,T,qotes,heat
f106r,T,aiin,medium
f106r,T,okalal,heat
f106r,T,shdy,unmapped
f106r,T,otaiin,medium
f106r,T,shedy,retain
f106r,T,tchodaiin,medium
f106r,T,tcheo,unmapped
f106r,T,dlchy,unmapped
f106r,T,pshodaiin,medium
f106r,T,opchy,unmapped
f106r,T,sh,unmapped
f106r,T,o,unmapped
f106r,T,teeody,unmapped
f106r,T,shotchey,unmapped
f106r,T,yteey,unmapped
f106r,T,sholfaiin,medium
f106r,T,opchdy,unmapped
f106r,T,lchdy,unmapped
f106r,T,dol,outlet
f106r,T,ycheool,outlet
f106r,T,cheeey,unmapped
f106r,T,ol,outlet
f106r,T,aiin,medium
f106r,T,cheody,unmapped
f106r,T,laiiin,unmapped
f106r,T,chekol,outlet
f106r,T,cheey,unmapped
f106r,T,okchar,heat
f106r,T,aiin,medium
f106r,T,aloal,outlet
f106r,T,shaiin,medium
f106r,T,ar,reflux
f106r,T,aiin,medium
f106r,T,sheey,unmapped
f106r,T,lkaiin,medium
f106r,T,sheedy,unmapped
f106r,T,shedy,retain
f106r,T,qokal,heat
f106r,T,chey,unmapped
f106r,T,okaiin,heat
f106r,T,chdaldy,unmapped
f106r,T,dair,unmapped
f106r,T,alsheod,unmapped
f106r,T,shedy,retain
f106r,T,cholchedy,unmapped
f106r,T,cheol,outlet
f106r,T,shory,unmapped
f106r,T,pcheodar,reflux
f106r,T,shol,outlet
f106r,T,kain,unmapped
f106r,T,okchedy,heat
f106r,T,qoteey,heat
f106r,T,shotchy,unmapped
f106r,T,qoty,heat
f106r,T,lpaiin,medium
f106r,T,shedy,retain
f106r,T,lar,reflux
f106r,T,daiiral,outlet
f106r,T,sheol,outlet
f106r,T,daiin,medium
f106r,T,otedy,unmapped
f106r,T,qokain,heat
f106r,T,okar,heat
f106r,T,cheor,reflux
f106r,T,al,outlet
f106r,T,taiin,medium
f106r,T,chekal,outlet
f106r,T,otaras,unmapped
f106r,T,dshedy,unmapped
f106r,T,qoteey,heat
f106r,T,otaiin,medium
f106r,T,chy,unmapped
f106r,T,chealol,outlet
f106r,T,chlchd,unmapped
f106r,T,aiin,medium
f106r,T,oty,unmapped
f106r,T,otair,unmapped
f106r,T,otaiikam,drain
f106r,T,y,unmapped
f106r,T,sheedal,outlet
f106r,T,okain,heat
f106r,T,okain,heat
f106r,T,otar,reflux
f106r,T,kaiin,medium
f106r,T,chdalkair,unmapped
f106r,T,olkai,unmapped
f106r,T,al,outlet
f106r,T,keedy,unmapped
f106r,T,okal,heat
f106r,T,sotchdaiin,medium
f106r,T,shodaiin,medium
f106r,T,otedy,unmapped
f106r,T,qokeedy,heat
f106r,T,qokaiin,heat
f106r,T,ykar,reflux
f106r,T,qokain,heat
f106r,T,cheedy,unmapped
f106r,T,lol,outlet
f106r,T,ycheoar,reflux
f106r,T,okain,heat
f106r,T,qokain,heat
f106r,T,char,reflux
f106r,T,oky,heat
f106r,T,cheokam,drain
f106v,T,fsheda,unmapped
f106v,T,looin,unmapped
f106v,T,opaiiral,outlet
f106v,T,oteodaiin,medium
f106v,T,chopchy,unmapped
f106v,T,otair,unmapped
f106v,T,kar,reflux
f106v,T,alalor,reflux
f106v,T,aiin,medium
f106v,T,aly,unmapped
f106v,T,kar,reflux
f106v,T,daiin,medium
f106v,T,al,outlet
f106v,T,sheeodar,reflux
f106v,T,y,unmapped
f106v,T,chtain,unmapped
f106v,T,char,reflux
f106v,T,otar,reflux
f106v,T,qokar,heat
f106v,T,otar,reflux
f106v,T,shed,retain
f106v,T,sheo,unmapped
f106v,T,keorain,unmapped
f106v,T,amchy,unmapped
f106v,T,yshedaiin,medium
f106v,T,shckhy,unmapped
f106v,T,cheokchy,unmapped
f106v,T,sar,reflux
f106v,T,al,outlet
f106v,T,cho,unmapped
f106v,T,lchedy,unmapped
f106v,T,ytain,unmapped
f106v,T,otar,reflux
f106v,T,al,outlet
f106v,T,chdy,unmapped
f106v,T,daly,unmapped
f106v,T,lody,unmapped
f106v,T,ycheoto,unmapped
f106v,T,lsheo,unmapped
f106v,T,aiin,medium
f106v,T,chcthy,unmapped
f106v,T,okain,heat
f106v,T,chdal,outlet
f106v,T,chdam,drain
f106v,T,charam,drain
f106v,T,tshoar,reflux
f106v,T,oeey,unmapped
f106v,T,qokain,heat
f106v,T,shypchedy,unmapped
f106v,T,opched,unmapped
f106v,T,qopchedy,heat
f106v,T,otaiin,medium
f106v,T,chepar,reflux
f106v,T,aiin,medium
f106v,T,octhy,unmapped
f106v,T,dair,unmapped
f106v,T,ry,unmapped
f106v,T,daiin,medium
f106v,T,shody,unmapped
f106v,T,kchedy,unmapped
f106v,T,sheody,unmapped
f106v,T,olkaiin,medium
f106v,T,shkar,reflux
f106v,T,chody,unmapped
f106v,T,talshdy,unmapped
f106v,T,qokain,heat
f106v,T,kararo,unmapped
f106v,T,soy,unmapped
f106v,T,shealsho,unmapped
f106v,T,dy,unmapped
f106v,T,chain,unmapped
f106v,T,shol,outlet
f106v,T,kain,unmapped
f106v,T,shokaiin,medium
f106v,T,qotaiin,heat
f106v,T,chodar,reflux
f106v,T,ail,unmapped
f106v,T,dal,outlet
f106v,T,dar,reflux
f106v,T,loror,reflux
f106v,T,oraiin,medium
f106v,T,cheo,unmapped
f106v,T,rol,outlet
f106v,T,aiin,medium
f106v,T,otaiin,medium
f106v,T,tshodaiin,medium
f106v,T,sholkair,unmapped
f106v,T,orainkar,reflux
f106v,T,aiin,medium
f106v,T,shtchy,unmapped
f106v,T,qopchdy,heat
f106v,T,qopchy,heat
f106v,T,lolkair,unmapped
f106v,T,shear,reflux
f106v,T,am,drain
f106v,T,ysheody,unmapped
f106v,T,cheol,outlet
f106v,T,oteey,unmapped
f106v,T,qodaiin,heat
f106v,T,ytain,unmapped
f106v,T,ychdy,unmapped
f106v,T,oltydy,unmapped
f106v,T,tchdys,unmapped
f106v,T,arshedy,unmapped
f106v,T,oteeody,unmapped
f106v,T,kshedy,unmapped
f106v,T,qotchdy,heat
f106v,T,qotar,heat
f106v,T,shedy,retain
f106v,T,qotedy,heat
f106v,T,opchy,unmapped
f106v,T,kaiin,medium
f106v,T,sham,drain
f106v,T,ycheey,unmapped
f106v,T,qoeeda,heat
f106v,T,chodain,unmapped
f106v,T,otalchdy,unmapped
f106v,T,qokaiin,heat
f106v,T,chokaiin,medium
f106v,T,chody,unmapped
f106v,T,qokal,heat
f106v,T,otal,outlet
f106v,T,otam,drain
f106v,T,olkeealkchedy,unmapped
f106v,T,qoeeey,heat
f106v,T,ral,outlet
f106v,T,ches,unmapped
f106v,T,al,outlet
f106v,T,ytar,reflux
f106v,T,shsy,unmapped
f106v,T,lchey,unmapped
f106v,T,ykaiin,medium
f106v,T,shy,unmapped
f106v,T,lkam,drain
f106v,T,schedy,unmapped
f106v,T,raiin,medium
f106v,T,char,reflux
f106v,T,arshey,unmapped
f106v,T,chedy,unmapped
f106v,T,aiiin,unmapped
f106v,T,alkam,drain
f106v,T,kcheoakar,reflux
f106v,T,shedy,retain
f106v,T,qofchdy,heat
f106v,T,otshedy,unmapped
f106v,T,qokchdy,heat
f106v,T,qotshdy,heat
f106v,T,qokchdy,heat
f106v,T,kair,unmapped
f106v,T,alody,unmapped
f106v,T,sarar,reflux
f106v,T,okear,heat
f106v,T,aiin,medium
f106v,T,chotal,outlet
f106v,T,shody,unmapped
f106v,T,qotchdy,heat
f106v,T,qotar,heat
f106v,T,shedy,retain
f106v,T,chodal,outlet
f106v,T,chedy,unmapped
f106v,T,qotam,drain
f106v,T,salar,reflux
f106v,T,sheodar,reflux
f106v,T,okain,heat
f106v,T,qodaiin,heat
f106v,T,chodal,outlet
f106v,T,pshodalos,unmapped
f106v,T,qokshdy,heat
f106v,T,qokshy,heat
f106v,T,opchdy,unmapped
f106v,T,qokshd,heat
f106v,T,ar,reflux
f106v,T,shdar,reflux
f106v,T,oeedy,unmapped
f106v,T,qotaly,heat
f106v,T,dairy,unmapped
f106v,T,darshy,unmapped
f106v,T,otaiin,medium
f106v,T,otal,outlet
f106v,T,chedy,unmapped
f106v,T,r,unmapped
f106v,T,ain,unmapped
f106v,T,olaiin,medium
f106v,T,otaiin,medium
f106v,T,sain,unmapped
f106v,T,polchs,unmapped
f106v,T,lkaiir,unmapped
f106v,T,shokar,reflux
f106v,T,choefy,unmapped
f106v,T,shor,reflux
f106v,T,qokor,heat
f106v,T,sheeo,unmapped
f106v,T,koles,unmapped
f106v,T,okcharain,heat
f106v,T,ycheo,unmapped
f106v,T,lkaiin,medium
f106v,T,cheo,unmapped
f106v,T,lchdaiin,medium
f106v,T,osaiin,medium
f106v,T,okal,heat
f106v,T,sheedy,unmapped
f106v,T,qokchedy,heat
f106v,T,tshod,unmapped
f106v,T,qokchy,heat
f106v,T,qokaiin,heat
f106v,T,okshy,heat
f106v,T,qokar,heat
f106v,T,shedy,retain
f106v,T,shey,unmapped
f106v,T,qopshedy,heat
f106v,T,shdykairylam,drain
f106v,T,ol,outlet
f106v,T,kalol,outlet
f106v,T,shar,reflux
f106v,T,chor,reflux
f106v,T,okal,heat
f106v,T,chdy,unmapped
f106v,T,chol,outlet
f106v,T,chedy,unmapped
f106v,T,qotaiin,heat
f106v,T,or,reflux
f106v,T,aiin,medium
f106v,T,okeedy,heat
f106v,T,qokain,heat
f106v,T,soraiin,medium
f106v,T,solshedy,unmapped
f106v,T,qokchdy,heat
f106v,T,qokol,heat
f106v,T,chdaiin,medium
f106v,T,chdal,outlet
f106v,T,air,unmapped
f106v,T,odl,unmapped
f106v,T,charain,unmapped
f106v,T,okay,heat
f106v,T,sar,reflux
f106v,T,sheol,outlet
f106v,T,chol,outlet
f106v,T,shar,reflux
f106v,T,chol,outlet
f106v,T,okarol,heat
f106v,T,tar,reflux
f106v,T,air,unmapped
f106v,T,kshdain,unmapped
f106v,T,okal,heat
f106v,T,chdy,unmapped
f106v,T,lchedy,unmapped
f106v,T,kshar,reflux
f106v,T,chopchy,unmapped
f106v,T,otches,unmapped
f106v,T,aral,outlet
f106v,T,opchdy,unmapped
f106v,T,olcheo,unmapped
f106v,T,odaiin,medium
f106v,T,sheotal,outlet
f106v,T,shoor,reflux
f106v,T,qokeey,heat
f106v,T,oarar,reflux
f106v,T,psheody,unmapped
f106v,T,olkeedy,unmapped
f106v,T,qokor,heat
f106v,T,sheos,unmapped
f106v,T,choty,unmapped
f106v,T,qotaiin,heat
f106v,T,oteody,unmapped
f106v,T,otaiin,medium
f106v,T,qokar,heat
f106v,T,otydy,unmapped
f106v,T,ycheey,unmapped
f106v,T,olchey,unmapped
f106v,T,chedy,unmapped
f106v,T,qotaiin,heat
f106v,T,cheos,unmapped
f106v,T,otaiin,medium
f106v,T,otain,unmapped
f106v,T,chotar,reflux
f106v,T,olos,unmapped
f106v,T,aiin,medium
f106v,T,cheog,unmapped
f106v,T,otaiin,medium
f106v,T,okochey,heat
f106v,T,qody,heat
f106v,T,oeesysarx,unmapped
f106v,T,okeey,heat
f106v,T,oteedy,unmapped
f106v,T,ksheody,unmapped
f106v,T,qokeedy,heat
f106v,T,qotokody,heat
f106v,T,sheeyko,unmapped
f106v,T,shody,unmapped
f106v,T,chosaiin,medium
f106v,T,olcham,drain
f106v,T,polos,unmapped
f106v,T,shdair,unmapped
f106v,T,sheky,unmapped
f106v,T,keedy,unmapped
f106v,T,qoeedy,heat
f106v,T,qofchedy,heat
f106v,T,sair,unmapped
f106v,T,al,outlet
f106v,T,pchedy,unmapped
f106v,T,ypodaiin,medium
f106v,T,saram,drain
f106v,T,choaiin,medium
f106v,T,ody,unmapped
f106v,T,qotar,heat
f106v,T,chey,unmapped
f106v,T,ol,outlet
f106v,T,aiin,medium
f106v,T,chey,unmapped
f106v,T,dychy,unmapped
f106v,T,pchodaiin,medium
f106v,T,kcheeor,reflux
f106v,T,al,outlet
f106v,T,ky,unmapped
f106v,T,shcthy,unmapped
f106v,T,otos,unmapped
f106v,T,ar,reflux
f106v,T,odal,outlet
f106v,T,pcheody,unmapped
f106v,T,qotaiin,heat
f106v,T,otor,reflux
f106v,T,alodam,drain
f106v,T,shody,unmapped
f106v,T,shockhy,unmapped
f106v,T,qokeey,heat
f106v,T,qokcho,heat
f106v,T,l,unmapped
f106v,T,kchedy,unmapped
f106v,T,shdy,unmapped
f106v,T,kchedy,unmapped
f106v,T,chedy,unmapped
f106v,T,qockhey,heat
f106v,T,okaiin,heat
f106v,T,al,outlet
f106v,T,sol,outlet
f106v,T,sheedy,unmapped
f106v,T,qokaiin,heat
f106v,T,cholkaiin,medium
f106v,T,pyoaly,unmapped
f106v,T,cheo,unmapped
f106v,T,aiir,unmapped
f106v,T,al,outlet
f106v,T,kcheodar,reflux
f106v,T,qodaiin,heat
f106v,T,shcphoor,reflux
f106v,T,shedy,retain
f106v,T,otedar,reflux
f106v,T,opol,outlet
f106v,T,fchedy,unmapped
f106v,T,odr,unmapped
f106v,T,okcheody,heat
f106v,T,qokeey,heat
f106v,T,otchey,unmapped
f106v,T,qokeey,heat
f106v,T,qokeedal,heat
f106v,T,qotchkeey,heat
f106v,T,qol,heat
f106v,T,rody,unmapped
f106v,T,raiin,medium
f106v,T,oty,unmapped
f106v,T,qokaiin,heat
f106v,T,chey,unmapped
f106v,T,kar,reflux
f106v,T,oteol,outlet
f106v,T,ko,unmapped
f106v,T,sheody,unmapped
f106v,T,qody,heat
f106v,T,ches,unmapped
f106v,T,aiin,medium
f106v,T,dair,unmapped
f106v,T,air,unmapped
f106v,T,opchedy,unmapped
f106v,T,pchdy,unmapped
f106v,T,kolchedy,unmapped
f106v,T,tcheodar,reflux
f106v,T,podkor,reflux
f106v,T,otedy,unmapped
f106v,T,qoar,heat
f106v,T,cheey,unmapped
f106v,T,kaiin,medium
f106v,T,qokeeody,heat
f106v,T,okaiin,heat
f106v,T,oteey,unmapped
f106v,T,qoteedy,heat
f106v,T,choty,unmapped
f106v,T,py,unmapped
f106v,T,chal,outlet
f106v,T,shedy,retain
f106v,T,qoteedy,heat
f106v,T,cheyky,unmapped
f106v,T,okedaiin,heat
f106v,T,otedy,unmapped
f106v,T,odaiin,medium
f106v,T,chdy,unmapped
f106v,T,chy,unmapped
f106v,T,keedy,unmapped
f106v,T,lkey,unmapped
f106v,T,chedy,unmapped
f106v,T,okeey,heat
f106v,T,qokeedy,heat
f106v,T,okeey,heat
f106v,T,sheey,unmapped
f106v,T,qokaiin,heat
f106v,T,al,outlet
f106v,T,al,outlet
f106v,T,kalos,unmapped
f106v,T,chedy,unmapped
f106v,T,dkaiin,medium
f106v,T,chcthy,unmapped
f106v,T,cthey,unmapped
f106v,T,chey,unmapped
f106v,T,okal,heat
f106v,T,chey,unmapped
f106v,T,keeyrain,unmapped
f106v,T,okeeo,heat
f106v,T,otaiin,medium
f106v,T,chedar,reflux
f106v,T,oteedy,unmapped
f106v,T,otol,outlet
f106v,T,oty,unmapped
f106v,T,ysair,unmapped
f106v,T,okeey,heat
f106v,T,cheodain,unmapped
f106v,T,chey,unmapped
f106v,T,tchar,reflux
f106v,T,oqotaiin,medium
f106v,T,oty,unmapped
f106v,T,rasal,outlet
f106v,T,oteey,unmapped
f106v,T,sar,reflux
f106v,T,aildy,unmapped
f106v,T,ytar,reflux
f106v,T,okain,heat
f106v,T,cheokaiin,medium
f106v,T,chedy,unmapped
f106v,T,okeeey,heat
f106v,T,chkaiin,medium
f106v,T,ol,outlet
f106v,T,oky,heat
f106v,T,raiin,medium
f106v,T,cheoar,reflux
f106v,T,chos,unmapped
f106v,T,dcheoaiin,medium
f106v,T,shky,unmapped
f107r,T,pchdlar,reflux
f107r,T,sheolor,reflux
f107r,T,ykeeol,outlet
f107r,T,qokchy,heat
f107r,T,otor,reflux
f107r,T,okeesodar,heat
f107r,T,tarair,unmapped
f107r,T,oteey,unmapped
f107r,T,otaiin,medium
f107r,T,ytar,reflux
f107r,T,dchey,unmapped
f107r,T,qoteos,heat
f107r,T,aiin,medium
f107r,T,shedy,retain
f107r,T,oteed,unmapped
f107r,T,qor,heat
f107r,T,aiin,medium
f107r,T,cheockhy,unmapped
f107r,T,olkeey,unmapped
f107r,T,qotain,heat
f107r,T,chey,unmapped
f107r,T,qeeey,unmapped
f107r,T,lor,reflux
f107r,T,olcheey,unmapped
f107r,T,cheos,unmapped
f107r,T,qokeeey,heat
f107r,T,ycheedy,unmapped
f107r,T,qotain,heat
f107r,T,ykain,unmapped
f107r,T,okeey,heat
f107r,T,raiin,medium
f107r,T,teeody,unmapped
f107r,T,chedain,unmapped
f107r,T,qoteey,heat
f107r,T,qokar,heat
f107r,T,deeoltedy,unmapped
f107r,T,otar,reflux
f107r,T,ain,unmapped
f107r,T,chady,unmapped
f107r,T,otokcho,unmapped
f107r,T,qoked,heat
f107r,T,okchedy,heat
f107r,T,olkchedy,unmapped
f107r,T,tedy,unmapped
f107r,T,oteeey,unmapped
f107r,T,okchedy,heat
f107r,T,qokeed,heat
f107r,T,qokear,heat
f107r,T,chedy,unmapped
f107r,T,chokchedy,unmapped
f107r,T,qokain,heat
f107r,T,ar,reflux
f107r,T,okcheey,heat
f107r,T,qokeedy,heat
f107r,T,chotchedy,unmapped
f107r,T,daiinar,reflux
f107r,T,oteey,unmapped
f107r,T,lteey,unmapped
f107r,T,chedaiin,medium
f107r,T,okchey,heat
f107r,T,otaiin,medium
f107r,T,am,drain
f107r,T,ytaiin,medium
f107r,T,cheotchey,unmapped
f107r,T,okaiin,heat
f107r,T,chckhy,unmapped
f107r,T,okeedy,heat
f107r,T,otcheey,unmapped
f107r,T,torshor,reflux
f107r,T,sheeey,unmapped
f107r,T,oteeol,outlet
f107r,T,qokeey,heat
f107r,T,qokedy,heat
f107r,T,lkaiin,medium
f107r,T,qokaiin,heat
f107r,T,qokar,heat
f107r,T,al,outlet
f107r,T,okiroley,heat
f107r,T,okaiin,heat
f107r,T,sheey,unmapped
f107r,T,tcheol,outlet
f107r,T,kain,unmapped
f107r,T,okeey,heat
f107r,T,chedy,unmapped
f107r,T,okeedy,heat
f107r,T,chdykchedy,unmapped
f107r,T,chey,unmapped
f107r,T,kain,unmapped
f107r,T,an,unmapped
f107r,T,yteedy,unmapped
f107r,T,qokeedy,heat
f107r,T,okeol,heat
f107r,T,lchedy,unmapped
f107r,T,qokal,heat
f107r,T,lor,reflux
f107r,T,sheal,outlet
f107r,T,cheedaiin,medium
f107r,T,chey,unmapped
f107r,T,sair,unmapped
f107r,T,alo,unmapped
f107r,T,m,unmapped
f107r,T,cheeo,unmapped
f107r,T,cheeol,outlet
f107r,T,qokaiin,heat
f107r,T,ytain,unmapped
f107r,T,y,unmapped
f107r,T,keeol,outlet
f107r,T,l,unmapped
f107r,T,oraiin,medium
f107r,T,okaiin,heat
f107r,T,okar,heat
f107r,T,okaiin,heat
f107r,T,otaram,drain
f107r,T,y,unmapped
f107r,T,chol,outlet
f107r,T,chol,outlet
f107r,T,loraiir,unmapped
f107r,T,aiinal,outlet
f107r,T,polchls,unmapped
f107r,T,aiin,medium
f107r,T,sheky,unmapped
f107r,T,qokaiin,heat
f107r,T,opchal,outlet
f107r,T,shedy,retain
f107r,T,pshedaiin,medium
f107r,T,otodal,outlet
f107r,T,shedy,retain
f107r,T,otaral,outlet
f107r,T,cthedy,unmapped
f107r,T,lshedy,unmapped
f107r,T,cheolchear,reflux
f107r,T,or,reflux
f107r,T,alam,drain
f107r,T,chtaiin,medium
f107r,T,otarain,unmapped
f107r,T,chey,unmapped
f107r,T,qokaiin,heat
f107r,T,otain,unmapped
f107r,T,ychol,outlet
f107r,T,oiin,unmapped
f107r,T,chey,unmapped
f107r,T,qockhal,heat
f107r,T,al,outlet
f107r,T,otaraiin,medium
f107r,T,sheky,unmapped
f107r,T,okeeey,heat
f107r,T,raiin,medium
f107r,T,airal,outlet
f107r,T,tolshoror,reflux
f107r,T,olkeedy,unmapped
f107r,T,qotaiin,heat
f107r,T,otalar,reflux
f107r,T,opcheol,outlet
f107r,T,qeeoy,unmapped
f107r,T,shey,unmapped
f107r,T,kair,unmapped
f107r,T,otaiinam,drain
f107r,T,sair,unmapped
f107r,T,chey,unmapped
f107r,T,losaiin,medium
f107r,T,chey,unmapped
f107r,T,poalosy,unmapped
f107r,T,shey,unmapped
f107r,T,tar,reflux
f107r,T,ay,unmapped
f107r,T,f,unmapped
f107r,T,arsheey,unmapped
f107r,T,fol,outlet
f107r,T,rolchy,unmapped
f107r,T,sheey,unmapped
f107r,T,opolkaiin,medium
f107r,T,ypaiinal,outlet
f107r,T,oaiin,medium
f107r,T,ol,outlet
f107r,T,rar,reflux
f107r,T,sheey,unmapped
f107r,T,ylar,reflux
f107r,T,aiin,medium
f107r,T,cholal,outlet
f107r,T,dy,unmapped
f107r,T,cheeody,unmapped
f107r,T,okeeey,heat
f107r,T,cheodaiin,medium
f107r,T,aldy,unmapped
f107r,T,tcheol,outlet
f107r,T,kcheedy,unmapped
f107r,T,taror,reflux
f107r,T,olal,outlet
f107r,T,okain,heat
f107r,T,okaiin,heat
f107r,T,qotal,heat
f107r,T,shaiin,medium
f107r,T,qokeol,heat
f107r,T,lkaiin,medium
f107r,T,okeeo,heat
f107r,T,lkaiin,medium
f107r,T,aiin,medium
f107r,T,yksheol,outlet
f107r,T,okaiiin,heat
f107r,T,shoy,unmapped
f107r,T,daiin,medium
f107r,T,qotalal,heat
f107r,T,lshedy,unmapped
f107r,T,qokal,heat
f107r,T,r,unmapped
f107r,T,aiiin,unmapped
f107r,T,okair,heat
f107r,T,lldy,unmapped
f107r,T,chodaiin,medium
f107r,T,shar,reflux
f107r,T,chodaiin,medium
f107r,T,pal,outlet
f107r,T,alchky,unmapped
f107r,T,okil,heat
f107r,T,cheol,outlet
f107r,T,kair,unmapped
f107r,T,lkain,unmapped
f107r,T,qokeeo,heat
f107r,T,kair,unmapped
f107r,T,dar,reflux
f107r,T,aiinpchod,unmapped
f107r,T,lkaiiin,unmapped
f107r,T,olfy,unmapped
f107r,T,ycheain,unmapped
f107r,T,chal,outlet
f107r,T,kal,outlet
f107r,T,chedy,unmapped
f107r,T,qokaiin,heat
f107r,T,chody,unmapped
f107r,T,qokchdy,heat
f107r,T,qokal,heat
f107r,T,char,reflux
f107r,T,chdalal,outlet
f107r,T,om,unmapped
f107r,T,ol,outlet
f107r,T,cheor,reflux
f107r,T,shey,unmapped
f107r,T,cheey,unmapped
f107r,T,olcheol,outlet
f107r,T,kaiin,medium
f107r,T,otair,unmapped
f107r,T,okal,heat
f107r,T,cheody,unmapped
f107r,T,pydar,reflux
f107r,T,aiirod,unmapped
f107r,T,qokiir,heat
f107r,T,otiir,unmapped
f107r,T,ofchedy,unmapped
f107r,T,qofchedy,heat
f107r,T,qofchol,heat
f107r,T,chkaiin,medium
f107r,T,chpaiin,medium
f107r,T,orol,outlet
f107r,T,kar,reflux
f107r,T,aiin,medium
f107r,T,chl,unmapped
f107r,T,cholor,reflux
f107r,T,sheees,unmapped
f107r,T,aiin,medium
f107r,T,cheey,unmapped
f107r,T,otchy,unmapped
f107r,T,lkaiin,medium
f107r,T,ykaiin,medium
f107r,T,ykalkal,outlet
f107r,T,olkeeolkeeo,unmapped
f107r,T,ar,reflux
f107r,T,shol,outlet
f107r,T,pair,unmapped
f107r,T,aiieedy,unmapped
f107r,T,shalkaiin,medium
f107r,T,kairy,unmapped
f107r,T,okaral,heat
f107r,T,qokaiin,heat
f107r,T,opaichy,unmapped
f107r,T,opal,outlet
f107r,T,rary,unmapped
f107r,T,ky,unmapped
f107r,T,daiin,medium
f107r,T,sheol,outlet
f107r,T,chdy,unmapped
f107r,T,okaiin,heat
f107r,T,sheykal,outlet
f107r,T,shy,unmapped
f107r,T,kl,unmapped
f107r,T,al,outlet
f107r,T,kal,outlet
f107r,T,chdy,unmapped
f107r,T,r,unmapped
f107r,T,aiin,medium
f107r,T,chain,unmapped
f107r,T,yols,unmapped
f107r,T,salxar,reflux
f107r,T,shy,unmapped
f107r,T,qokaiin,heat
f107r,T,okal,heat
f107r,T,qockhedy,heat
f107r,T,okr,heat
f107r,T,aiin,medium
f107r,T,otar,reflux
f107r,T,qocthy,heat
f107r,T,rolky,unmapped
f107r,T,yaiin,medium
f107r,T,chekain,unmapped
f107r,T,cheo,unmapped
f107r,T,kaiin,medium
f107r,T,chey,unmapped
f107r,T,qol,heat
f107r,T,kaiiin,unmapped
f107r,T,chky,unmapped
f107r,T,lcheel,unmapped
f107r,T,lkar,reflux
f107r,T,okal,heat
f107r,T,pairar,reflux
f107r,T,al,outlet
f107r,T,oro,unmapped
f107r,T,lkeey,unmapped
f107r,T,qotal,heat
f107r,T,cheotain,unmapped
f107r,T,dar,reflux
f107r,T,okaiin,heat
f107r,T,otaiin,medium
f107r,T,otar,reflux
f107r,T,opaim,unmapped
f107r,T,daiin,medium
f107r,T,shl,unmapped
f107r,T,lkeeol,outlet
f107r,T,lchedy,unmapped
f107r,T,qokor,heat
f107r,T,lkaiin,medium
f107r,T,chedy,unmapped
f107r,T,qotaiin,heat
f107r,T,al,outlet
f107r,T,ol,outlet
f107r,T,kaldaim,unmapped
f107r,T,dar,reflux
f107r,T,alchor,reflux
f107r,T,kcheo,unmapped
f107r,T,rkeey,unmapped
f107r,T,chaiin,medium
f107r,T,al,outlet
f107r,T,dal,outlet
f107r,T,qokchey,heat
f107r,T,qokl,heat
f107r,T,chey,unmapped
f107r,T,lkaiin,medium
f107r,T,lkar,reflux
f107r,T,ychklkaiin,medium
f107r,T,chckhy,unmapped
f107r,T,cho,unmapped
f107r,T,l,unmapped
f107r,T,olkain,unmapped
f107r,T,poaral,outlet
f107r,T,orar,reflux
f107r,T,ofchey,unmapped
f107r,T,qoteedy,heat
f107r,T,qotaiin,heat
f107r,T,opchedy,unmapped
f107r,T,qokchey,heat
f107r,T,otlchdain,unmapped
f107r,T,aly,unmapped
f107r,T,tair,unmapped
f107r,T,cheol,outlet
f107r,T,cheol,outlet
f107r,T,kchekain,unmapped
f107r,T,cheear,reflux
f107r,T,ol,outlet
f107r,T,oiin,unmapped
f107r,T,cho,unmapped
f107r,T,lkain,unmapped
f107r,T,al,outlet
f107r,T,oeedy,unmapped
f107r,T,chey,unmapped
f107r,T,lolkaiin,medium
f107r,T,chey,unmapped
f107r,T,qokaiin,heat
f107r,T,chal,outlet
f107r,T,aiin,medium
f107r,T,okaiin,heat
f107r,T,olkar,reflux
f107r,T,otair,unmapped
f107r,T,okal,heat
f107r,T,okal,heat
f107r,T,qokaiin,heat
f107r,T,ar,reflux
f107r,T,ockhey,unmapped
f107r,T,qokal,heat
f107r,T,otal,outlet
f107r,T,otam,drain
f107r,T,pcholky,unmapped
f107r,T,sokeey,unmapped
f107r,T,aiin,medium
f107r,T,oteey,unmapped
f107r,T,ykchey,unmapped
f107r,T,paichy,unmapped
f107r,T,okeey,heat
f107r,T,tain,unmapped
f107r,T,ar,reflux
f107r,T,arodl,unmapped
f107r,T,kairam,drain
f107r,T,okeear,heat
f107r,T,ay,unmapped
f107r,T,daiin,medium
f107r,T,sheody,unmapped
f107r,T,ykchedy,unmapped
f107r,T,chykaiin,medium
f107r,T,otal,outlet
f107r,T,taiin,medium
f107r,T,chotaiir,unmapped
f107r,T,aram,drain
f107r,T,ycheodain,unmapped
f107r,T,okeey,heat
f107r,T,qokeeody,heat
f107r,T,qokaiin,heat
f107r,T,podky,unmapped
f107r,T,chedy,unmapped
f107r,T,qockhy,heat
f107r,T,qokeedy,heat
f107r,T,qokokil,heat
f107r,T,y,unmapped
f107r,T,chees,unmapped
f107r,T,opal,outlet
f107r,T,kaiin,medium
f107r,T,otaiin,medium
f107r,T,otaram,drain
f107r,T,sar,reflux
f107r,T,cheey,unmapped
f107r,T,qodaiin,heat
f107r,T,qokaiin,heat
f107r,T,ol,outlet
f107r,T,cheor,reflux
f107r,T,aiin,medium
f107r,T,otal,outlet
f107r,T,taiin,medium
f107r,T,qokaiin,heat
f107r,T,otal,outlet
f107r,T,alkal,outlet
f107r,T,okain,heat
f107r,T,cheey,unmapped
f107r,T,lol,outlet
f107r,T,loeey,unmapped
f107r,T,oiinal,outlet
f107r,T,fairal,outlet
f107r,T,chkal,outlet
f107r,T,lky,unmapped
f107r,T,otain,unmapped
f107r,T,ar,reflux
f107r,T,kalkal,outlet
f107r,T,qotain,heat
f107r,T,oty,unmapped
f107r,T,lky,unmapped
f107r,T,otaiin,medium
f107r,T,ytaiin,medium
f107r,T,om,unmapped
f107r,T,o,unmapped
f107r,T,alain,unmapped
f107r,T,ay,unmapped
f107r,T,chkain,unmapped
f107r,T,okair,heat
f107r,T,chtl,unmapped
f107r,T,lkaiin,medium
f107r,T,okair,heat
f107r,T,chtl,unmapped
f107r,T,raty,unmapped
f107r,T,chain,unmapped
f107r,T,al,outlet
f107r,T,lkeey,unmapped
f107r,T,chol,outlet
f107r,T,taidy,unmapped
f107r,T,qotaiin,heat
f107r,T,y,unmapped
f107r,T,taiin,medium
f107r,T,lkl,unmapped
f107r,T,lfchal,outlet
f107r,T,pchdy,unmapped
f107r,T,pal,outlet
f107r,T,tar,reflux
f107r,T,sar,reflux
f107r,T,ain,unmapped
f107r,T,chol,outlet
f107r,T,ol,outlet
f107r,T,cheey,unmapped
f107r,T,otal,outlet
f107r,T,otal,outlet
f107r,T,ol,outlet
f107r,T,otchy,unmapped
f107r,T,qoky,heat
f107r,T,otaily,unmapped
f107v,T,kaisar,reflux
f107v,T,olkeeey,unmapped
f107v,T,otalkchy,unmapped
f107v,T,lkaiin,medium
f107v,T,otody,unmapped
f107v,T,qokair,heat
f107v,T,lkal,outlet
f107v,T,chey,unmapped
f107v,T,chody,unmapped
f107v,T,otal,outlet
f107v,T,cheey,unmapped
f107v,T,daiin,medium
f107v,T,dckhy,unmapped
f107v,T,ol,outlet
f107v,T,daiin,medium
f107v,T,chkal,outlet
f107v,T,qokedy,heat
f107v,T,otal,outlet
f107v,T,chedy,unmapped
f107v,T,oteos,unmapped
f107v,T,aiin,medium
f107v,T,otar,reflux
f107v,T,alkain,unmapped
f107v,T,ol,outlet
f107v,T,sain,unmapped
f107v,T,ain,unmapped
f107v,T,aiiin,unmapped
f107v,T,qokaiin,heat
f107v,T,shol,outlet
f107v,T,kal,outlet
f107v,T,qokar,heat
f107v,T,al,outlet
f107v,T,ochedy,unmapped
f107v,T,lkaiin,medium
f107v,T,otal,outlet
f107v,T,olkiir,unmapped
f107v,T,alody,unmapped
f107v,T,dain,unmapped
f107v,T,cheky,unmapped
f107v,T,okechy,heat
f107v,T,qokain,heat
f107v,T,shocthy,unmapped
f107v,T,otaiin,medium
f107v,T,alkaiin,medium
f107v,T,tol,outlet
f107v,T,sheockhedy,unmapped
f107v,T,qotol,heat
f107v,T,chdor,reflux
f107v,T,otechdy,unmapped
f107v,T,teol,outlet
f107v,T,tedaiin,medium
f107v,T,opchedy,unmapped
f107v,T,qopchdy,heat
f107v,T,ytar,reflux
f107v,T,aiiil,unmapped
f107v,T,paiin,medium
f107v,T,okaiin,heat
f107v,T,qokaiy,heat
f107v,T,olkeedy,unmapped
f107v,T,qokeey,heat
f107v,T,qotaiin,heat
f107v,T,oky,heat
f107v,T,lkal,outlet
f107v,T,otaiin,medium
f107v,T,aiin,medium
f107v,T,qokaldy,heat
f107v,T,taiin,medium
f107v,T,cheockhy,unmapped
f107v,T,chain,unmapped
f107v,T,qokain,heat
f107v,T,polcheolkain,unmapped
f107v,T,qokair,heat
f107v,T,okeol,heat
f107v,T,qokol,heat
f107v,T,qokaiin,heat
f107v,T,opcheol,outlet
f107v,T,qotedy,heat
f107v,T,ltedy,unmapped
f107v,T,otedam,drain
f107v,T,saiin,medium
f107v,T,shey,unmapped
f107v,T,kedy,unmapped
f107v,T,qokain,heat
f107v,T,qokedy,heat
f107v,T,qokaiin,heat
f107v,T,y,unmapped
f107v,T,lkaiin,medium
f107v,T,qoky,heat
f107v,T,lkal,outlet
f107v,T,tar,reflux
f107v,T,aty,unmapped
f107v,T,shodaiin,medium
f107v,T,shey,unmapped
f107v,T,qokair,heat
f107v,T,qokaiin,heat
f107v,T,chokedy,unmapped
f107v,T,tain,unmapped
f107v,T,shedy,retain
f107v,T,tshedy,unmapped
f107v,T,okal,heat
f107v,T,shedy,retain
f107v,T,qokchey,heat
f107v,T,chky,unmapped
f107v,T,qokeey,heat
f107v,T,qotaiin,heat
f107v,T,otol,outlet
f107v,T,qoteedy,heat
f107v,T,qopchcfhy,heat
f107v,T,qokeey,heat
f107v,T,lcheol,outlet
f107v,T,chol,outlet
f107v,T,kaiin,medium
f107v,T,olkal,outlet
f107v,T,shedy,retain
f107v,T,qokaly,heat
f107v,T,odar,reflux
f107v,T,choty,unmapped
f107v,T,qokaiin,heat
f107v,T,otam,drain
f107v,T,ycheey,unmapped
f107v,T,qokain,heat
f107v,T,ockheody,unmapped
f107v,T,qokair,heat
f107v,T,otal,outlet
f107v,T,qokaiin,heat
f107v,T,otal,outlet
f107v,T,shoy,unmapped
f107v,T,qokaiin,heat
f107v,T,dalam,drain
f107v,T,daiin,medium
f107v,T,shaiin,medium
f107v,T,okaiin,heat
f107v,T,qokar,heat
f107v,T,qokal,heat
f107v,T,qokal,heat
f107v,T,cheody,unmapped
f107v,T,qokain,heat
f107v,T,okchdy,heat
f107v,T,dlkal,outlet
f107v,T,solain,unmapped
f107v,T,qokal,heat
f107v,T,okeey,heat
f107v,T,lkaiin,medium
f107v,T,okain,heat
f107v,T,chkal,outlet
f107v,T,otain,unmapped
f107v,T,chcthy,unmapped
f107v,T,tarairy,unmapped
f107v,T,parair,unmapped
f107v,T,okal,heat
f107v,T,opchol,outlet
f107v,T,okal,heat
f107v,T,opaiin,medium
f107v,T,otedy,unmapped
f107v,T,qokeody,heat
f107v,T,tolkol,outlet
f107v,T,lkar,reflux
f107v,T,aiiraly,unmapped
f107v,T,saiin,medium
f107v,T,or,reflux
f107v,T,ykeear,reflux
f107v,T,chckhy,unmapped
f107v,T,okaiin,heat
f107v,T,okal,heat
f107v,T,qoklaiin,heat
f107v,T,cheol,outlet
f107v,T,qokar,heat
f107v,T,chey,unmapped
f107v,T,lkam,drain
f107v,T,qokain,heat
f107v,T,qokchey,heat
f107v,T,qekchdy,unmapped
f107v,T,okaiin,heat
f107v,T,lkl,unmapped
f107v,T,chol,outlet
f107v,T,raiin,medium
f107v,T,otaiin,medium
f107v,T,alkaiin,medium
f107v,T,dal,outlet
f107v,T,soral,outlet
f107v,T,olaiin,medium
f107v,T,chor,reflux
f107v,T,okaiin,heat
f107v,T,chkain,unmapped
f107v,T,okaiin,heat
f107v,T,palar,reflux
f107v,T,or,reflux
f107v,T,air,unmapped
f107v,T,kalkal,outlet
f107v,T,okaiin,heat
f107v,T,chpal,outlet
f107v,T,cheody,unmapped
f107v,T,qopchedy,heat
f107v,T,pcholkal,outlet
f107v,T,opalkam,drain
f107v,T,taiin,medium
f107v,T,ol,outlet
f107v,T,kaiin,medium
f107v,T,chol,outlet
f107v,T,kchedy,unmapped
f107v,T,qokol,heat
f107v,T,ain,unmapped
f107v,T,air,unmapped
f107v,T,kaiin,medium
f107v,T,okal,heat
f107v,T,otar,reflux
f107v,T,otalal,outlet
f107v,T,dar,reflux
f107v,T,alol,outlet
f107v,T,olaiin,medium
f107v,T,olkal,outlet
f107v,T,chol,outlet
f107v,T,chdar,reflux
f107v,T,palchar,reflux
f107v,T,ar,reflux
f107v,T,akaiiky,unmapped
f107v,T,char,reflux
f107v,T,raikchy,unmapped
f107v,T,opchain,unmapped
f107v,T,opalkar,reflux
f107v,T,otal,outlet
f107v,T,otar,reflux
f107v,T,alky,unmapped
f107v,T,dain,unmapped
f107v,T,olaiin,medium
f107v,T,chol,outlet
f107v,T,olkain,unmapped
f107v,T,lkaiin,medium
f107v,T,kaolkar,reflux
f107v,T,kolkar,reflux
f107v,T,okeol,heat
f107v,T,qokeor,heat
f107v,T,al,outlet
f107v,T,tody,unmapped
f107v,T,opchey,unmapped
f107v,T,oty,unmapped
f107v,T,al,outlet
f107v,T,ky,unmapped
f107v,T,pchey,unmapped
f107v,T,rag,unmapped
f107v,T,oraiin,medium
f107v,T,sheor,reflux
f107v,T,qokain,heat
f107v,T,cheody,unmapped
f107v,T,qokain,heat
f107v,T,otal,outlet
f107v,T,okaiin,heat
f107v,T,olkeeo,unmapped
f107v,T,r,unmapped
f107v,T,ar,reflux
f107v,T,al,outlet
f107v,T,oldy,unmapped
f107v,T,dal,outlet
f107v,T,okain,heat
f107v,T,okchey,heat
f107v,T,qokshy,heat
f107v,T,okol,heat
f107v,T,lkshedy,unmapped
f107v,T,taraiin,medium
f107v,T,sho,unmapped
f107v,T,qokor,heat
f107v,T,cheey,unmapped
f107v,T,qokam,drain
f107v,T,y,unmapped
f107v,T,cheor,reflux
f107v,T,cheol,outlet
f107v,T,lcheedy,unmapped
f107v,T,raraiin,medium
f107v,T,tolkeeedy,unmapped
f107v,T,okeol,heat
f107v,T,cheody,unmapped
f107v,T,qokeey,heat
f107v,T,qokchedy,heat
f107v,T,qotyshey,heat
f107v,T,qy,unmapped
f107v,T,lty,unmapped
f107v,T,ltam,drain
f107v,T,okain,heat
f107v,T,ol,outlet
f107v,T,okaiin,heat
f107v,T,lkeody,unmapped
f107v,T,otaiin,medium
f107v,T,chol,outlet
f107v,T,lkaiin,medium
f107v,T,lkeeey,unmapped
f107v,T,qokaiin,heat
f107v,T,chey,unmapped
f107v,T,qoky,heat
f107v,T,sokod,unmapped
f107v,T,chey,unmapped
f107v,T,lkaiin,medium
f107v,T,chedy,unmapped
f107v,T,qe,unmapped
f107v,T,okeody,heat
f107v,T,qokeedy,heat
f107v,T,rary,unmapped
f107v,T,tay,unmapped
f107v,T,oaiin,medium
f107v,T,okeeody,heat
f107v,T,okaiin,heat
f107v,T,otaiin,medium
f107v,T,otchey,unmapped
f107v,T,qokaiin,heat
f107v,T,otedy,unmapped
f107v,T,qokam,drain
f107v,T,orain,unmapped
f107v,T,chol,outlet
f107v,T,qodaiin,heat
f107v,T,odain,unmapped
f107v,T,aiin,medium
f107v,T,okain,heat
f107v,T,chkaly,unmapped
f107v,T,raiin,medium
f107v,T,y,unmapped
f107v,T,kaiin,medium
f107v,T,aldy,unmapped
f107v,T,dyair,unmapped
f107v,T,chey,unmapped
f107v,T,lkchy,unmapped
f107v,T,lchedy,unmapped
f107v,T,raiin,medium
f107v,T,sheey,unmapped
f107v,T,polchedy,unmapped
f107v,T,olkeey,unmapped
f107v,T,lkey,unmapped
f107v,T,chcthy,unmapped
f107v,T,lkar,reflux
f107v,T,shedy,retain
f107v,T,qokaiin,heat
f107v,T,chedy,unmapped
f107v,T,qokeedy,heat
f107v,T,lol,outlet
f107v,T,tol,outlet
f107v,T,chey,unmapped
f107v,T,lcheor,reflux
f107v,T,sheol,outlet
f107v,T,qokaiin,heat
f107v,T,olkeedy,unmapped
f107v,T,okar,heat
f107v,T,ar,reflux
f107v,T,olkain,unmapped
f107v,T,odain,unmapped
f107v,T,poraiin,medium
f107v,T,o,unmapped
f107v,T,kal,outlet
f107v,T,chedy,unmapped
f107v,T,qolkeey,heat
f107v,T,lpcheedy,unmapped
f107v,T,qokol,heat
f107v,T,rol,outlet
f107v,T,keedy,unmapped
f107v,T,okaiin,heat
f107v,T,otary,unmapped
f107v,T,dain,unmapped
f107v,T,okchey,heat
f107v,T,qokchey,heat
f107v,T,qokaiin,heat
f107v,T,olkeey,unmapped
f107v,T,qokol,heat
f107v,T,oteey,unmapped
f107v,T,oteey,unmapped
f107v,T,lkain,unmapped
f107v,T,okain,heat
f107v,T,cheor,reflux
f107v,T,olkaiin,medium
f107v,T,oain,unmapped
f107v,T,cheary,unmapped
f107v,T,raiin,medium
f107v,T,okoiin,heat
f107v,T,odaiin,medium
f107v,T,okaiin,heat
f107v,T,y,unmapped
f107v,T,chokeey,unmapped
f107v,T,qokey,heat
f107v,T,qokaiii,heat
f107v,T,lor,reflux
f107v,T,aiin,medium
f107v,T,aiily,unmapped
f107v,T,pokar,reflux
f107v,T,ar,reflux
f107v,T,keey,unmapped
f107v,T,okeeo,heat
f107v,T,l,unmapped
f107v,T,cheey,unmapped
f107v,T,qokchey,heat
f107v,T,oteey,unmapped
f107v,T,lkeeo,unmapped
f107v,T,l,unmapped
f107v,T,lkeedy,unmapped
f107v,T,qokeey,heat
f107v,T,lkain,unmapped
f107v,T,or,reflux
f107v,T,ain,unmapped
f107v,T,oloeeey,unmapped
f107v,T,qokain,heat
f107v,T,pol,outlet
f107v,T,keeeo,unmapped
f107v,T,kaiisr,unmapped
f107v,T,qokeey,heat
f107v,T,chckhy,unmapped
f107v,T,lkchaly,unmapped
f107v,T,lkeey,unmapped
f107v,T,opchey,unmapped
f107v,T,rar,reflux
f107v,T,aiin,medium
f107v,T,cheokaly,unmapped
f107v,T,kaich,unmapped
f107v,T,o,unmapped
f107v,T,l,unmapped
f107v,T,air,unmapped
f107v,T,arody,unmapped
f107v,T,qokeey,heat
f107v,T,qokeey,heat
f107v,T,porain,unmapped
f107v,T,okain,heat
f107v,T,okechdy,heat
f107v,T,dal,outlet
f107v,T,keeedal,outlet
f107v,T,shedy,retain
f107v,T,okeeolkcheey,heat
f107v,T,lkar,reflux
f107v,T,aiin,medium
f107v,T,al,outlet
f107v,T,soain,unmapped
f107v,T,aiin,medium
f107v,T,chey,unmapped
f107v,T,qolaiin,heat
f107v,T,al,outlet
f107v,T,chedy,unmapped
f107v,T,kedy,unmapped
f107v,T,qoteey,heat
f107v,T,oteey,unmapped
f107v,T,qokeeylkain,heat
f107v,T,y,unmapped
f107v,T,cheey,unmapped
f107v,T,qokeey,heat
f107v,T,okeoteey,heat
f107v,T,qokey,heat
f107v,T,qokey,heat
f107v,T,qokeey,heat
f107v,T,daiin,medium
f107v,T,y,unmapped
f107v,T,okeey,heat
f107v,T,odain,unmapped
f107v,T,oteedy,unmapped
f107v,T,qokey,heat
f107v,T,qokeedy,heat
f107v,T,chody,unmapped
f107v,T,chey,unmapped
f107v,T,qoky,heat
f107v,T,oteey,unmapped
f107v,T,otain,unmapped
f107v,T,chey,unmapped
f107v,T,aiinal,outlet
f107v,T,ycheosaiin,medium
f107v,T,oekey,unmapped
f107v,T,chey,unmapped
f107v,T,qokeey,heat
f107v,T,y,unmapped
f107v,T,cheey,unmapped
f107v,T,dy,unmapped
f107v,T,qoy,heat
f108r,T,teodeeor,reflux
f108r,T,qopchety,heat
f108r,T,okeeoly,heat
f108r,T,okchdpchy,heat
f108r,T,todax,unmapped
f108r,T,opar,reflux
f108r,T,yo,unmapped
f108r,T,lpair,unmapped
f108r,T,ody,unmapped
f108r,T,otedy,unmapped
f108r,T,kedydy,unmapped
f108r,T,qokeedy,heat
f108r,T,chokedy,unmapped
f108r,T,chockhed,unmapped
f108r,T,qokeor,heat
f108r,T,shedy,retain
f108r,T,otal,outlet
f108r,T,otaiin,medium
f108r,T,otedy,unmapped
f108r,T,qokechy,heat
f108r,T,ofchdy,unmapped
f108r,T,qody,heat
f108r,T,cheodchy,unmapped
f108r,T,qote:ar,heat
f108r,T,okedy,heat
f108r,T,oteal,outlet
f108r,T,lkedal,outlet
f108r,T,okedy,heat
f108r,T,otedy,unmapped
f108r,T,okedal,heat
f108r,T,chckhedy,unmapped
f108r,T,chokedal,outlet
f108r,T,ychedaiin,medium
f108r,T,shky,unmapped
f108r,T,chdy,unmapped
f108r,T,oteeody,unmapped
f108r,T,chedor,reflux
f108r,T,sheeky,unmapped
f108r,T,tchokedy,unmapped
f108r,T,chey,unmapped
f108r,T,oteey,unmapped
f108r,T,okeey,heat
f108r,T,lkededy,unmapped
f108r,T,okche,heat
f108r,T,y,unmapped
f108r,T,pchofar,reflux
f108r,T,cheo,unmapped
f108r,T,pchedy,unmapped
f108r,T,qotedy,heat
f108r,T,otol,outlet
f108r,T,ol,outlet
f108r,T,cheol,outlet
f108r,T,qo,heat
f108r,T,qokeey,heat
f108r,T,qokeey,heat
f108r,T,qokeedy,heat
f108r,T,sheoky,unmapped
f108r,T,otedy,unmapped
f108r,T,qotey,heat
f108r,T,qokchey,heat
f108r,T,chdar,reflux
f108r,T,aiin,medium
f108r,T,y,unmapped
f108r,T,okchey,heat
f108r,T,okedy,heat
f108r,T,qokchedy,heat
f108r,T,chedy,unmapped
f108r,T,qokedy,heat
f108r,T,okar,heat
f108r,T,chdy,unmapped
f108r,T,okar,heat
f108r,T,char,reflux
f108r,T,chkaiin,medium
f108r,T,chsy,unmapped
f108r,T,pochedy,unmapped
f108r,T,shy,unmapped
f108r,T,shokeedar,reflux
f108r,T,al,outlet
f108r,T,kedal,outlet
f108r,T,chokchy,unmapped
f108r,T,qokar,heat
f108r,T,ch,unmapped
f108r,T,okeey,heat
f108r,T,qaiin,medium
f108r,T,okeedy,heat
f108r,T,qetam,drain
f108r,T,cthey,unmapped
f108r,T,chedain,unmapped
f108r,T,chedy,unmapped
f108r,T,okedy,heat
f108r,T,lkedy,unmapped
f108r,T,raraiin,medium
f108r,T,qokar,heat
f108r,T,otal,outlet
f108r,T,kedy,unmapped
f108r,T,ar,reflux
f108r,T,air,unmapped
f108r,T,ockhedy,unmapped
f108r,T,taiin,medium
f108r,T,shkeedy,unmapped
f108r,T,qoteey,heat
f108r,T,oteey,unmapped
f108r,T,ykeol,outlet
f108r,T,ykeedy,unmapped
f108r,T,chekar,reflux
f108r,T,qokeeodaiin,heat
f108r,T,okeyty,heat
f108r,T,ody,unmapped
f108r,T,teodeey,unmapped
f108r,T,ar,reflux
f108r,T,aiin,medium
f108r,T,okeey,heat
f108r,T,qetchdy,unmapped
f108r,T,oteeody,unmapped
f108r,T,okaiin,heat
f108r,T,ykeeo,unmapped
f108r,T,dain,unmapped
f108r,T,otalaiin,medium
f108r,T,oly,unmapped
f108r,T,tshey,unmapped
f108r,T,okchey,heat
f108r,T,dain,unmapped
f108r,T,aloiin,unmapped
f108r,T,ocheey,unmapped
f108r,T,qokaiin,heat
f108r,T,chlam,drain
f108r,T,okaiin,heat
f108r,T,okal,heat
f108r,T,kain,unmapped
f108r,T,alam,drain
f108r,T,ykeey,unmapped
f108r,T,raiin,medium
f108r,T,ar,reflux
f108r,T,ail,unmapped
f108r,T,odaiin,medium
f108r,T,polchal,outlet
f108r,T,shol,outlet
f108r,T,qokar,heat
f108r,T,shedy,retain
f108r,T,pcholy,unmapped
f108r,T,qokal,heat
f108r,T,opchdy,unmapped
f108r,T,ofal,outlet
f108r,T,shor,reflux
f108r,T,qokaiin,heat
f108r,T,otalod,unmapped
f108r,T,orain,unmapped
f108r,T,cheey,unmapped
f108r,T,chey,unmapped
f108r,T,qokeey,heat
f108r,T,chedy,unmapped
f108r,T,okchedy,heat
f108r,T,qoeedy,heat
f108r,T,qockhey,heat
f108r,T,d,unmapped
f108r,T,iirain,unmapped
f108r,T,okain,heat
f108r,T,say,unmapped
f108r,T,olkaiin,medium
f108r,T,chckhy,unmapped
f108r,T,daiin,medium
f108r,T,dal,outlet
f108r,T,daiin,medium
f108r,T,fcheokair,unmapped
f108r,T,okedaiin,heat
f108r,T,chedy,unmapped
f108r,T,qokeed,heat
f108r,T,okain,heat
f108r,T,chdy,unmapped
f108r,T,laiin,medium
f108r,T,ofar,reflux
f108r,T,chedy,unmapped
f108r,T,tedam,drain
f108r,T,okeedy,heat
f108r,T,lkal,outlet
f108r,T,daiin,medium
f108r,T,ykchedy,unmapped
f108r,T,qokol,heat
f108r,T,chedy,unmapped
f108r,T,qokedy,heat
f108r,T,lkedy,unmapped
f108r,T,okalo,heat
f108r,T,l,unmapped
f108r,T,chedl,unmapped
f108r,T,y,unmapped
f108r,T,dchedy,unmapped
f108r,T,okeedar,heat
f108r,T,shchy,unmapped
f108r,T,okol,heat
f108r,T,kedy,unmapped
f108r,T,okeedy,heat
f108r,T,chal,outlet
f108r,T,raiin,medium
f108r,T,otedy,unmapped
f108r,T,chtal,outlet
f108r,T,om,unmapped
f108r,T,dain,unmapped
f108r,T,chey,unmapped
f108r,T,qokeedy,heat
f108r,T,cholcheey,unmapped
f108r,T,dalkar,reflux
f108r,T,okedy,heat
f108r,T,qolshy,heat
f108r,T,qoeedy,heat
f108r,T,lkealshedy,unmapped
f108r,T,shokal,outlet
f108r,T,keedy,unmapped
f108r,T,qotedy,heat
f108r,T,qopchedy,heat
f108r,T,otal,outlet
f108r,T,dkedam,drain
f108r,T,dcheol,outlet
f108r,T,shol,outlet
f108r,T,dal,outlet
f108r,T,qokaiin,heat
f108r,T,otal,outlet
f108r,T,ol,outlet
f108r,T,shedy,retain
f108r,T,qokey,heat
f108r,T,chey,unmapped
f108r,T,lor,reflux
f108r,T,aiin,medium
f108r,T,okeeam,drain
f108r,T,ykeol,outlet
f108r,T,chey,unmapped
f108r,T,okain,heat
f108r,T,charain,unmapped
f108r,T,folaiin,medium
f108r,T,y,unmapped
f108r,T,qokal,heat
f108r,T,lkedy,unmapped
f108r,T,qotedy,heat
f108r,T,qoked,heat
f108r,T,qotedy,heat
f108r,T,okal,heat
f108r,T,chdar,reflux
f108r,T,al,outlet
f108r,T,char,reflux
f108r,T,aiin,medium
f108r,T,y,unmapped
f108r,T,cheeor,reflux
f108r,T,aiin,medium
f108r,T,okeey,heat
f108r,T,cheol,outlet
f108r,T,chedy,unmapped
f108r,T,opchsd,unmapped
f108r,T,opchedy,unmapped
f108r,T,alkedy,unmapped
f108r,T,al,outlet
f108r,T,lkeam,drain
f108r,T,ol,outlet
f108r,T,rain,unmapped
f108r,T,al,outlet
f108r,T,dair,unmapped
f108r,T,okal,heat
f108r,T,chedy,unmapped
f108r,T,qokeedy,heat
f108r,T,oteor,reflux
f108r,T,al,outlet
f108r,T,qokedy,heat
f108r,T,qokedy,heat
f108r,T,otaiin,medium
f108r,T,otedar,reflux
f108r,T,chalkeedy,unmapped
f108r,T,ychedain,unmapped
f108r,T,orcheory,unmapped
f108r,T,qoaiin,heat
f108r,T,okeey,heat
f108r,T,qokeey,heat
f108r,T,chdal,outlet
f108r,T,okedy,heat
f108r,T,qokedy,heat
f108r,T,okedam,drain
f108r,T,chdy,unmapped
f108r,T,sain,unmapped
f108r,T,arolkeey,unmapped
f108r,T,qoal,heat
f108r,T,olkedy,unmapped
f108r,T,okaiin,heat
f108r,T,polchedy,unmapped
f108r,T,okedy,heat
f108r,T,qopchedy,heat
f108r,T,okeolkey,heat
f108r,T,teedy,unmapped
f108r,T,qotaiin,heat
f108r,T,otedy,unmapped
f108r,T,okeedy,heat
f108r,T,otedam,drain
f108r,T,ykeol,outlet
f108r,T,chedal,outlet
f108r,T,chokedy,unmapped
f108r,T,o,unmapped
f108r,T,qokedy,heat
f108r,T,okchedy,heat
f108r,T,saiin,medium
f108r,T,alkan,unmapped
f108r,T,keol,outlet
f108r,T,sheody,unmapped
f108r,T,qokedy,heat
f108r,T,qokeedy,heat
f108r,T,qokoy,heat
f108r,T,qoiiedy,heat
f108r,T,otedy,unmapped
f108r,T,qokedy,heat
f108r,T,qokedy,heat
f108r,T,qokal,heat
f108r,T,ykedar,reflux
f108r,T,chedy,unmapped
f108r,T,qokey,heat
f108r,T,lkeedy,unmapped
f108r,T,otedy,unmapped
f108r,T,okedy,heat
f108r,T,otedy,unmapped
f108r,T,otal,outlet
f108r,T,shol,outlet
f108r,T,alodar,reflux
f108r,T,or,reflux
f108r,T,alold,unmapped
f108r,T,solkedy,unmapped
f108r,T,okchd,heat
f108r,T,qokedy,heat
f108r,T,okedy,heat
f108r,T,okeol,heat
f108r,T,chdy,unmapped
f108r,T,okar,heat
f108r,T,okedy,heat
f108r,T,okedy,heat
f108r,T,chlar,reflux
f108r,T,ycheol,outlet
f108r,T,chckhy,unmapped
f108r,T,qokedy,heat
f108r,T,okain,heat
f108r,T,pychory,unmapped
f108r,T,opchey,unmapped
f108r,T,lkeol,outlet
f108r,T,chdar,reflux
f108r,T,shedy,retain
f108r,T,qofchdy,heat
f108r,T,opalal,outlet
f108r,T,cheedy,unmapped
f108r,T,qokalchdy,heat
f108r,T,opchdy,unmapped
f108r,T,okechy,heat
f108r,T,okeol,heat
f108r,T,okeedy,heat
f108r,T,cheedar,reflux
f108r,T,okedy,heat
f108r,T,qotal,heat
f108r,T,chdy,unmapped
f108r,T,chedal,outlet
f108r,T,chedy,unmapped
f108r,T,tchedy,unmapped
f108r,T,qokey,heat
f108r,T,okeey,heat
f108r,T,lkeey,unmapped
f108r,T,chedy,unmapped
f108r,T,cheokeey,unmapped
f108r,T,qokeey,heat
f108r,T,chedl,unmapped
f108r,T,al,outlet
f108r,T,lkair,unmapped
f108r,T,alkeedy,unmapped
f108r,T,ram,drain
f108r,T,dcheeody,unmapped
f108r,T,cheedy,unmapped
f108r,T,qokeedy,heat
f108r,T,otedy,unmapped
f108r,T,qeeey,unmapped
f108r,T,chey,unmapped
f108r,T,poro,unmapped
f108r,T,l,unmapped
f108r,T,tedo,unmapped
f108r,T,lchdain,unmapped
f108r,T,qokar,heat
f108r,T,otedy,unmapped
f108r,T,otarar,reflux
f108r,T,yty,unmapped
f108r,T,sho,unmapped
f108r,T,qotedy,heat
f108r,T,oteedy,unmapped
f108r,T,okedy,heat
f108r,T,okor,heat
f108r,T,aiin,medium
f108r,T,okeedy,heat
f108r,T,qokeedy,heat
f108r,T,okeeom,heat
f108r,T,cheykeeed,unmapped
f108r,T,chol,outlet
f108r,T,qekeey,unmapped
f108r,T,or,reflux
f108r,T,aiin,medium
f108r,T,chckhom,unmapped
f108r,T,sheedain,unmapped
f108r,T,qokeedy,heat
f108r,T,chokeedy,unmapped
f108r,T,qoteody,heat
f108r,T,keesho,unmapped
f108r,T,daiin,medium
f108r,T,chedy,unmapped
f108r,T,keedal,outlet
f108r,T,as,unmapped
f108r,T,keodky,unmapped
f108r,T,okeey,heat
f108r,T,qokeey,heat
f108r,T,qokeedy,heat
f108r,T,qokeey,heat
f108r,T,chedal,outlet
f108r,T,chedy,unmapped
f108r,T,qokeey,heat
f108r,T,okeedain,heat
f108r,T,otain,unmapped
f108r,T,oolals,unmapped
f108r,T,olkey,unmapped
f108r,T,okey,heat
f108r,T,lokeey,unmapped
f108r,T,qokedy,heat
f108r,T,ol,outlet
f108r,T,kechy,unmapped
f108r,T,chedar,reflux
f108r,T,olal,outlet
f108r,T,oedy,unmapped
f108r,T,qckhy,unmapped
f108r,T,cheam,drain
f108r,T,ychey,unmapped
f108r,T,chey,unmapped
f108r,T,okar,heat
f108r,T,charam,drain
f108r,T,otam,drain
f108r,T,cheody,unmapped
f108r,T,dain,unmapped
f108r,T,sheckhy,unmapped
f108r,T,okeey,heat
f108r,T,keey,unmapped
f108r,T,lchedy,unmapped
f108r,T,okeey,heat
f108r,T,qokedy,heat
f108r,T,chedy,unmapped
f108r,T,dalkedy,unmapped
f108r,T,qokedy,heat
f108r,T,dal,outlet
f108r,T,yteedy,unmapped
f108r,T,qokeed,heat
f108r,T,y,unmapped
f108r,T,qokey,heat
f108r,T,otedy,unmapped
f108r,T,okedy,heat
f108r,T,qokaiin,heat
f108r,T,cheodar,reflux
f108r,T,cheey,unmapped
f108r,T,qokedy,heat
f108r,T,al,outlet
f108r,T,yched,unmapped
f108r,T,chockhey,unmapped
f108r,T,dain,unmapped
f108r,T,sheol,outlet
f108r,T,okedy,heat
f108r,T,lkeedy,unmapped
f108r,T,oteedy,unmapped
f108r,T,qokeedy,heat
f108r,T,ched,unmapped
f108r,T,al,outlet
f108r,T,keam,drain
f108r,T,pcheedy,unmapped
f108r,T,qokeo,heat
f108r,T,l,unmapped
f108r,T,okeol,heat
f108r,T,keol,outlet
f108r,T,dain,unmapped
f108r,T,ar,reflux
f108r,T,otedy,unmapped
f108r,T,qokedy,heat
f108r,T,qokeedy,heat
f108r,T,qokeedy,heat
f108r,T,lchdy,unmapped
f108r,T,oteedy,unmapped
f108r,T,lchedy,unmapped
f108r,T,qokeedy,heat
f108r,T,qokeedy,heat
f108r,T,qokeo,heat
f108r,T,lchedy,unmapped
f108r,T,qokey,heat
f108r,T,qokeey,heat
f108r,T,lkedy,unmapped
f108r,T,lkedy,unmapped
f108r,T,qokeedy,heat
f108r,T,lchedy,unmapped
f108r,T,lkaiin,medium
f108r,T,chdy,unmapped
f108r,T,qokey,heat
f108r,T,okedy,heat
f108r,T,okaram,drain
f108r,T,chdar,reflux
f108r,T,ar,reflux
f108r,T,okam,drain
f108v,T,pchedal,outlet
f108v,T,qokeedar,heat
f108v,T,otedy,unmapped
f108v,T,qokeedy,heat
f108v,T,lky,unmapped
f108v,T,ltal,outlet
f108v,T,aiin,medium
f108v,T,oteo,unmapped
f108v,T,fcheey,unmapped
f108v,T,otedar,reflux
f108v,T,am,drain
f108v,T,ol,outlet
f108v,T,daiin,medium
f108v,T,shal,outlet
f108v,T,qokedy,heat
f108v,T,qoeechy,heat
f108v,T,okain,heat
f108v,T,oteey,unmapped
f108v,T,checkhy,unmapped
f108v,T,lkeedy,unmapped
f108v,T,qokeedar,heat
f108v,T,araiin,medium
f108v,T,okam,drain
f108v,T,ssheedal,outlet
f108v,T,ol,outlet
f108v,T,lkedy,unmapped
f108v,T,lkeedy,unmapped
f108v,T,chedalkedy,unmapped
f108v,T,lkeedy,unmapped
f108v,T,qokechedy,heat
f108v,T,otedain,unmapped
f108v,T,oteey,unmapped
f108v,T,lol,outlet
f108v,T,dchedy,unmapped
f108v,T,shedy,retain
f108v,T,qokeed,heat
f108v,T,qoteedy,heat
f108v,T,qoteedy,heat
f108v,T,arain,unmapped
f108v,T,al,outlet
f108v,T,keedy,unmapped
f108v,T,polaiin,medium
f108v,T,okedain,heat
f108v,T,okal,heat
f108v,T,otchedy,unmapped
f108v,T,qokeedy,heat
f108v,T,raraiin,medium
f108v,T,o,unmapped
f108v,T,keedy,unmapped
f108v,T,qokar,heat
f108v,T,qokal,heat
f108v,T,dam,drain
f108v,T,oeeedain,unmapped
f108v,T,chey,unmapped
f108v,T,lokeey,unmapped
f108v,T,lchedy,unmapped
f108v,T,loety,unmapped
f108v,T,qokeedy,heat
f108v,T,qokeey,heat
f108v,T,qokar,heat
f108v,T,okeedy,heat
f108v,T,kedarxy,unmapped
f108v,T,pchedaiin,medium
f108v,T,okedy,heat
f108v,T,otedal,outlet
f108v,T,lkedeed,unmapped
f108v,T,okedar,heat
f108v,T,okeey,heat
f108v,T,qoteol,heat
f108v,T,lkedy,unmapped
f108v,T,otey,unmapped
f108v,T,raiin,medium
f108v,T,am,drain
f108v,T,ysheedy,unmapped
f108v,T,okeedy,heat
f108v,T,oteedy,unmapped
f108v,T,qokeedy,heat
f108v,T,okeedy,heat
f108v,T,okeedy,heat
f108v,T,chedal,outlet
f108v,T,okar,heat
f108v,T,qoteedar,heat
f108v,T,oty,unmapped
f108v,T,qokeeo,heat
f108v,T,dar,reflux
f108v,T,chedam,drain
f108v,T,chlal,outlet
f108v,T,okaldain,heat
f108v,T,sheed,unmapped
f108v,T,lchedy,unmapped
f108v,T,l,unmapped
f108v,T,keedy,unmapped
f108v,T,ched,unmapped
f108v,T,kel,unmapped
f108v,T,cthdy,unmapped
f108v,T,ol,outlet
f108v,T,cheey,unmapped
f108v,T,leedaiin,medium
f108v,T,shckhaiin,medium
f108v,T,okeal,heat
f108v,T,okar,heat
f108v,T,aralor,reflux
f108v,T,om,unmapped
f108v,T,shee,unmapped
f108v,T,kay,unmapped
f108v,T,chectham,drain
f108v,T,sain,unmapped
f108v,T,al,outlet
f108v,T,keed,unmapped
f108v,T,ain,unmapped
f108v,T,olkeeed,unmapped
f108v,T,qokedy,heat
f108v,T,lkeedy,unmapped
f108v,T,cho,unmapped
f108v,T,lkain,unmapped
f108v,T,oteshy,unmapped
f108v,T,shedy,retain
f108v,T,deedy,unmapped
f108v,T,tshedky,unmapped
f108v,T,sheckhy,unmapped
f108v,T,akey,unmapped
f108v,T,sheey,unmapped
f108v,T,teeody,unmapped
f108v,T,qokedy,heat
f108v,T,qokeedy,heat
f108v,T,shok,unmapped
f108v,T,ar,reflux
f108v,T,aiin,medium
f108v,T,okeey,heat
f108v,T,tedam,drain
f108v,T,daiin,medium
f108v,T,cheol,outlet
f108v,T,qokeey,heat
f108v,T,qokeedy,heat
f108v,T,qokeey,heat
f108v,T,raiin,medium
f108v,T,chckhy,unmapped
f108v,T,okeey,heat
f108v,T,qokeedy,heat
f108v,T,okedain,heat
f108v,T,aldor,reflux
f108v,T,qokeey,heat
f108v,T,lo,unmapped
f108v,T,r,unmapped
f108v,T,aiin,medium
f108v,T,chey,unmapped
f108v,T,keear,reflux
f108v,T,a,unmapped
f108v,T,ral,outlet
f108v,T,olaiin,medium
f108v,T,chedy,unmapped
f108v,T,pcheor,reflux
f108v,T,okear,heat
f108v,T,sheey,unmapped
f108v,T,qokeey,heat
f108v,T,ykeealkey,unmapped
f108v,T,rar,reflux
f108v,T,aiin,medium
f108v,T,opsholal,outlet
f108v,T,shedy,retain
f108v,T,ofaramoty,unmapped
f108v,T,okeey,heat
f108v,T,lshey,unmapped
f108v,T,qokeeal,heat
f108v,T,lkeey,unmapped
f108v,T,okeol,heat
f108v,T,okedy,heat
f108v,T,qotal,heat
f108v,T,sholkeedy,unmapped
f108v,T,chedy,unmapped
f108v,T,qokain,heat
f108v,T,teedu,unmapped
f108v,T,qokeey,heat
f108v,T,lkeed,unmapped
f108v,T,chedy,unmapped
f108v,T,qokeeos,heat
f108v,T,sheol,outlet
f108v,T,tedy,unmapped
f108v,T,qopchdy,heat
f108v,T,qokeshdy,heat
f108v,T,kedar,reflux
f108v,T,otal,outlet
f108v,T,raram,drain
f108v,T,okeey,heat
f108v,T,l,unmapped
f108v,T,keedy,unmapped
f108v,T,okeal,heat
f108v,T,okey,heat
f108v,T,cheykedy,unmapped
f108v,T,qoeedy,heat
f108v,T,lo,unmapped
f108v,T,rair,unmapped
f108v,T,cheey,unmapped
f108v,T,ol,outlet
f108v,T,l,unmapped
f108v,T,s,unmapped
f108v,T,aiin,medium
f108v,T,am,drain
f108v,T,qokeeol,heat
f108v,T,olcheeey,unmapped
f108v,T,lcheam,drain
f108v,T,polkeedal,outlet
f108v,T,sheo,unmapped
f108v,T,kchey,unmapped
f108v,T,lotedaiin,medium
f108v,T,otedy,unmapped
f108v,T,opchedaiin,medium
f108v,T,otshedy,unmapped
f108v,T,qotey,heat
f108v,T,r,unmapped
f108v,T,aiin,medium
f108v,T,ol,outlet
f108v,T,daiin,medium
f108v,T,shol,outlet
f108v,T,olkeeey,unmapped
f108v,T,lky,unmapped
f108v,T,chedar,reflux
f108v,T,chey,unmapped
f108v,T,kechey,unmapped
f108v,T,qotedy,heat
f108v,T,otedy,unmapped
f108v,T,oteedain,unmapped
f108v,T,cheody,unmapped
f108v,T,llod,unmapped
f108v,T,daiin,medium
f108v,T,shey,unmapped
f108v,T,sheey,unmapped
f108v,T,dain,unmapped
f108v,T,alsar,reflux
f108v,T,sheeo,unmapped
f108v,T,lkain,unmapped
f108v,T,shey,unmapped
f108v,T,cheeegaiin,medium
f108v,T,oloeeedy,unmapped
f108v,T,otaiin,medium
f108v,T,al,outlet
f108v,T,qokeeor,heat
f108v,T,okeey,heat
f108v,T,qoeey,heat
f108v,T,chodaal,outlet
f108v,T,daiin,medium
f108v,T,checthal,outlet
f108v,T,cheeky,unmapped
f108v,T,otar,reflux
f108v,T,aiin,medium
f108v,T,chckhy,unmapped
f108v,T,lteedy,unmapped
f108v,T,daiin,medium
f108v,T,chekeek,unmapped
f108v,T,checkhy,unmapped
f108v,T,ol,outlet
f108v,T,r,unmapped
f108v,T,ain,unmapped
f108v,T,odar,reflux
f108v,T,sheey,unmapped
f108v,T,daiin,medium
f108v,T,tchar,reflux
f108v,T,okeedaiin,heat
f108v,T,oram,drain
f108v,T,sheeol,outlet
f108v,T,okeey,heat
f108v,T,kaiin,medium
f108v,T,okaiin,heat
f108v,T,ol,outlet
f108v,T,lchey,unmapped
f108v,T,ctheo,unmapped
f108v,T,r,unmapped
f108v,T,aiin,medium
f108v,T,cheey,unmapped
f108v,T,qokeey,heat
f108v,T,qokeeaiin,heat
f108v,T,al,outlet
f108v,T,sair,unmapped
f108v,T,okeaiin,heat
f108v,T,cheol,outlet
f108v,T,shedy,retain
f108v,T,qokeeey,heat
f108v,T,dlaiin,medium
f108v,T,ar,reflux
f108v,T,or,reflux
f108v,T,lkar,reflux
f108v,T,char,reflux
f108v,T,aiin,medium
f108v,T,okal,heat
f108v,T,ldyr,unmapped
f108v,T,ls,unmapped
f108v,T,sal,outlet
f108v,T,lcheal,outlet
f108v,T,lkeeey,unmapped
f108v,T,okar,heat
f108v,T,ar,reflux
f108v,T,ain,unmapped
f108v,T,olcheees,unmapped
f108v,T,ol,outlet
f108v,T,cheal,outlet
f108v,T,okaiin,heat
f108v,T,ykar,reflux
f108v,T,al,outlet
f108v,T,okalam,drain
f108v,T,paror,reflux
f108v,T,aiin,medium
f108v,T,shedy,retain
f108v,T,qokey,heat
f108v,T,qol,heat
f108v,T,eees,unmapped
f108v,T,aiin,medium
f108v,T,lal,outlet
f108v,T,lkeeedy,unmapped
f108v,T,otain,unmapped
f108v,T,sheey,unmapped
f108v,T,chol,outlet
f108v,T,tan,unmapped
f108v,T,al,outlet
f108v,T,dar,reflux
f108v,T,chey,unmapped
f108v,T,o,unmapped
f108v,T,cheol,outlet
f108v,T,chedeey,unmapped
f108v,T,qokeedy,heat
f108v,T,chea,unmapped
f108v,T,polshedaiin,medium
f108v,T,qokeoy,heat
f108v,T,keol,outlet
f108v,T,chokeol,outlet
f108v,T,qotedy,heat
f108v,T,qoteedy,heat
f108v,T,dar,reflux
f108v,T,raiin,medium
f108v,T,shedy,retain
f108v,T,qotain,heat
f108v,T,oteedy,unmapped
f108v,T,ol,outlet
f108v,T,cheol,outlet
f108v,T,shed,retain
f108v,T,qokedy,heat
f108v,T,qokedain,heat
f108v,T,checkhed,unmapped
f108v,T,qoteedy,heat
f108v,T,otedy,unmapped
f108v,T,qokedy,heat
f108v,T,okeea,heat
f108v,T,r,unmapped
f108v,T,l,unmapped
f108v,T,kam,drain
f108v,T,dain,unmapped
f108v,T,shedain,retain
f108v,T,qokedar,heat
f108v,T,olkeedy,unmapped
f108v,T,qokeedy,heat
f108v,T,shedy,retain
f108v,T,chedar,reflux
f108v,T,chedy,unmapped
f108v,T,oteedy,unmapped
f108v,T,qokam,drain
f108v,T,sain,unmapped
f108v,T,ain,unmapped
f108v,T,chey,unmapped
f108v,T,lchs,unmapped
f108v,T,shed,retain
f108v,T,qokeedy,heat
f108v,T,oteey,unmapped
f108v,T,qokedy,heat
f108v,T,qokeedy,heat
f108v,T,cheedy,unmapped
f108v,T,qokeedar,heat
f108v,T,oldy,unmapped
f108v,T,tolshey,unmapped
f108v,T,ochey,unmapped
f108v,T,qokeey,heat
f108v,T,qotedy,heat
f108v,T,choteey,unmapped
f108v,T,qokey,heat
f108v,T,cholkeedy,unmapped
f108v,T,lkedy,unmapped
f108v,T,lchedy,unmapped
f108v,T,qokeey,heat
f108v,T,daiin,medium
f108v,T,chedy,unmapped
f108v,T,lchedy,unmapped
f108v,T,sholkeedy,unmapped
f108v,T,qokeedy,heat
f108v,T,chey,unmapped
f108v,T,qokeey,heat
f108v,T,qokeedy,heat
f108v,T,oteedy,unmapped
f108v,T,lchedam,drain
f108v,T,daiin,medium
f108v,T,shechy,unmapped
f108v,T,qokedy,heat
f108v,T,qokain,heat
f108v,T,chor,reflux
f108v,T,chal,outlet
f108v,T,chal,outlet
f108v,T,chedy,unmapped
f108v,T,dain,unmapped
f108v,T,alal,outlet
f108v,T,keedy,unmapped
f108v,T,otalys,unmapped
f108v,T,sain,unmapped
f108v,T,sheor,reflux
f108v,T,sheey,unmapped
f108v,T,sheckhey,unmapped
f108v,T,qokey,heat
f108v,T,okey,heat
f108v,T,shey,unmapped
f108v,T,lkain,unmapped
f108v,T,shedy,retain
f108v,T,qokain,heat
f108v,T,dalam,drain
f108v,T,dsheol,outlet
f108v,T,qokeedy,heat
f108v,T,qokeedy,heat
f108v,T,chey,unmapped
f108v,T,qokeedy,heat
f108v,T,qokedy,heat
f108v,T,sheckhy,unmapped
f108v,T,lkedy,unmapped
f108v,T,qoteedy,heat
f108v,T,otam,drain
f108v,T,sain,unmapped
f108v,T,chey,unmapped
f108v,T,lkedain,unmapped
f108v,T,chey,unmapped
f108v,T,rar,reflux
f108v,T,ain,unmapped
f108v,T,al,outlet
f108v,T,chear,reflux
f108v,T,olor,reflux
f108v,T,chedaiin,medium
f108v,T,oteey,unmapped
f108v,T,chedy,unmapped
f108v,T,rl,unmapped
f108v,T,daiin,medium
f108v,T,sheeal,outlet
f108v,T,qokeedy,heat
f108v,T,qokeedy,heat
f108v,T,qokeedy,heat
f108v,T,qotey,heat
f108v,T,qokeey,heat
f108v,T,qokeey,heat
f108v,T,otedy,unmapped
f108v,T,qotaiin,heat
f108v,T,dshedy,unmapped
f108v,T,tedy,unmapped
f108v,T,checkhey,unmapped
f108v,T,sheeky,unmapped
f108v,T,lsheedain,unmapped
f108v,T,shear,reflux
f108v,T,olkedy,unmapped
f108v,T,chy,unmapped
f108v,T,kar,reflux
f108v,T,tar,reflux
f108v,T,otaiin,medium
f108v,T,ycheain,unmapped
f108v,T,chey,unmapped
f108v,T,lcheal,outlet
f108v,T,ykeey,unmapped
f108v,T,qolcheedy,heat
f108v,T,qokeedy,heat
f108v,T,okeedy,heat
f108v,T,qokey,heat
f108v,T,qokeedy,heat
f108v,T,qoteedy,heat
f108v,T,shodain,unmapped
f108v,T,cheal,outlet
f108v,T,shedy,retain
f108v,T,rcheetey,unmapped
f108v,T,qokeey,heat
f108v,T,cheolkeedy,unmapped
f108v,T,cheol,outlet
f108v,T,chedytey,unmapped
f108v,T,okeearam,drain
f108v,T,y,unmapped
f108v,T,shey,unmapped
f108v,T,qol,heat
f108v,T,lchey,unmapped
f108v,T,shey,unmapped
f108v,T,qokear,heat
f108v,T,shey,unmapped
f108v,T,qokeey,heat
f108v,T,lsheey,unmapped
f108v,T,oteey,unmapped
f108v,T,sheey,unmapped
f108v,T,qol,heat
f108v,T,cheekeey,unmapped
f108v,T,lchg,unmapped
f108v,T,sheol,outlet
f108v,T,shedy,retain
f108v,T,qokeey,heat
f108v,T,chedar,reflux
f108v,T,sheal,outlet
f108v,T,qokeedy,heat
f108v,T,qokeedy,heat
f108v,T,qokey,heat
f108v,T,sheey,unmapped
f108v,T,qokeal,heat
f108v,T,aral,outlet
f108v,T,saiin,medium
f108v,T,sheeain,unmapped
f108v,T,qkain,unmapped
f108v,T,okeey,heat
f108v,T,qokalor,heat
f108v,T,cheol,outlet
f108v,T,keol,outlet
f108v,T,chedy,unmapped
f108v,T,qokeey,heat
f108v,T,qokeey,heat
f108v,T,ral,outlet
f108v,T,ycheey,unmapped
f108v,T,qokeeey,heat
f108v,T,shedain,retain
f108v,T,qokeedy,heat
f108v,T,qokeey,heat
f108v,T,okeedal,heat
f108v,T,okeol,heat
f108v,T,lkeey,unmapped
f108v,T,lchedy,unmapped
f108v,T,lchedy,unmapped
f108v,T,dair,unmapped
f108v,T,al,outlet
f108v,T,checthy,unmapped
f108v,T,qol,heat
f108v,T,eeedy,unmapped
f108v,T,chckhey,unmapped
f108v,T,olchey,unmapped
f108v,T,sheey,unmapped
f108v,T,qokeeey,heat
f108v,T,qokeedar,heat
f108v,T,al,outlet
f108v,T,keedy,unmapped
f108v,T,saiin,medium
f108v,T,okain,heat
f108v,T,cheey,unmapped
f108v,T,lkaiin,medium
f108v,T,cheal,outlet
f108v,T,cheol,outlet
f108v,T,keear,reflux
f108v,T,qokeedy,heat
f108v,T,qokeey,heat
f108v,T,checkhedy,unmapped
f108v,T,qokal,heat
f108v,T,oam,drain
f108v,T,dsheey,unmapped
f108v,T,oteey,unmapped
f108v,T,cheol,outlet
f108v,T,teedar,reflux
f108v,T,okeedy,heat
f108v,T,qokeedy,heat
f108v,T,checkhy,unmapped
f108v,T,oteey,unmapped
f108v,T,aiin,medium
f108v,T,okeey,heat
f108v,T,chey,unmapped
f108v,T,qokey,heat
f108v,T,ssheodain,unmapped
f108v,T,qokeeo,heat
f108v,T,okeey,heat
f108v,T,qoksheedy,heat
f108v,T,char,reflux
f108v,T,air,unmapped
f108v,T,okeey,heat
f108v,T,qokeeolchey,heat
f108v,T,olkeey,unmapped
f108v,T,okeey,heat
f108v,T,lar,reflux
f108v,T,saiin,medium
f108v,T,cheol,outlet
f108v,T,qokeedy,heat
f108v,T,qokeedy,heat
f108v,T,chedy,unmapped
f108v,T,qokeey,heat
f108v,T,cheal,outlet
f108v,T,llchey,unmapped
f108v,T,daiin,medium
f108v,T,okeey,heat
f108v,T,qokeey,heat
f108v,T,olchar,reflux
f108v,T,ol,outlet
f108v,T,chedy,unmapped
f108v,T,lshy,unmapped
f108v,T,otedy,unmapped
f111r,T,kcholchdar,reflux
f111r,T,shar,reflux
f111r,T,aiip,unmapped
f111r,T,chepchedy,unmapped
f111r,T,chetalshy,unmapped
f111r,T,sheek,unmapped
f111r,T,shear,reflux
f111r,T,shey,unmapped
f111r,T,ror,reflux
f111r,T,am,drain
f111r,T,shey,unmapped
f111r,T,daiin,medium
f111r,T,sheeky,unmapped
f111r,T,okeey,heat
f111r,T,okeey,heat
f111r,T,qaal,outlet
f111r,T,shedy,retain
f111r,T,okeey,heat
f111r,T,oteey,unmapped
f111r,T,shedy,retain
f111r,T,chcthy,unmapped
f111r,T,lcheol,outlet
f111r,T,oteeam,drain
f111r,T,dsheedy,unmapped
f111r,T,lkeedy,unmapped
f111r,T,chckhy,unmapped
f111r,T,lchedy,unmapped
f111r,T,qokeey,heat
f111r,T,qokear,heat
f111r,T,chal,outlet
f111r,T,qokeear,heat
f111r,T,cheokedy,unmapped
f111r,T,sal,outlet
f111r,T,lokam,drain
f111r,T,saiin,medium
f111r,T,oteedy,unmapped
f111r,T,qokeey,heat
f111r,T,daiin,medium
f111r,T,okedal,heat
f111r,T,chedy,unmapped
f111r,T,qokedy,heat
f111r,T,l,unmapped
f111r,T,shedy,retain
f111r,T,chchy,unmapped
f111r,T,okeey,heat
f111r,T,lor,reflux
f111r,T,ar,reflux
f111r,T,am,drain
f111r,T,saiin,medium
f111r,T,sheekshy,unmapped
f111r,T,ol,outlet
f111r,T,shedy,retain
f111r,T,chokchey,unmapped
f111r,T,lkey,unmapped
f111r,T,otain,unmapped
f111r,T,dain,unmapped
f111r,T,shedy,retain
f111r,T,qoky,heat
f111r,T,chedy,unmapped
f111r,T,qok,heat
f111r,T,shed,retain
f111r,T,olchedy,unmapped
f111r,T,qokeedy,heat
f111r,T,teedy,unmapped
f111r,T,chdy,unmapped
f111r,T,keedy,unmapped
f111r,T,qotchedy,heat
f111r,T,dary,unmapped
f111r,T,sshedy,unmapped
f111r,T,qokeey,heat
f111r,T,checthey,unmapped
f111r,T,oteedy,unmapped
f111r,T,lchedy,unmapped
f111r,T,chol,outlet
f111r,T,sheeol,outlet
f111r,T,qokeody,heat
f111r,T,raiin,medium
f111r,T,otedy,unmapped
f111r,T,otar,reflux
f111r,T,aiin,medium
f111r,T,om,unmapped
f111r,T,daiin,medium
f111r,T,o,unmapped
f111r,T,chedain,unmapped
f111r,T,daiin,medium
f111r,T,cheedy,unmapped
f111r,T,qokeey,heat
f111r,T,qokedy,heat
f111r,T,chy,unmapped
f111r,T,otshedy,unmapped
f111r,T,lkeeol,outlet
f111r,T,lkeey,unmapped
f111r,T,qotchdy,heat
f111r,T,ycheeodain,unmapped
f111r,T,okeeo,heat
f111r,T,olchedy,unmapped
f111r,T,lchedy,unmapped
f111r,T,qokeey,heat
f111r,T,okeeedy,heat
f111r,T,okain,heat
f111r,T,chedy,unmapped
f111r,T,chedyteey,unmapped
f111r,T,dal,outlet
f111r,T,lam,drain
f111r,T,ykeedaiin,medium
f111r,T,shekain,unmapped
f111r,T,shedy,retain
f111r,T,qokear,heat
f111r,T,ochey,unmapped
f111r,T,reeey,unmapped
f111r,T,qokeey,heat
f111r,T,olaiiin,unmapped
f111r,T,chedy,unmapped
f111r,T,lkeeody,unmapped
f111r,T,oraiin,medium
f111r,T,oty,unmapped
f111r,T,dshey,unmapped
f111r,T,lkeedy,unmapped
f111r,T,lkeedy,unmapped
f111r,T,cheedy,unmapped
f111r,T,oteedaiin,medium
f111r,T,sheedy,unmapped
f111r,T,ar,reflux
f111r,T,ay,unmapped
f111r,T,shkaiin,medium
f111r,T,chey,unmapped
f111r,T,daiin,medium
f111r,T,daram,drain
f111r,T,dsheeo,unmapped
f111r,T,qokeedy,heat
f111r,T,otchedey,unmapped
f111r,T,lshey,unmapped
f111r,T,lkeedy,unmapped
f111r,T,oteey,unmapped
f111r,T,qokeedy,heat
f111r,T,oteolair,unmapped
f111r,T,ar,reflux
f111r,T,shedam,drain
f111r,T,cheam,drain
f111r,T,qosheo,heat
f111r,T,lchdy,unmapped
f111r,T,lshedy,unmapped
f111r,T,olkeeedy,unmapped
f111r,T,lr,unmapped
f111r,T,al,outlet
f111r,T,chr,unmapped
f111r,T,or,reflux
f111r,T,dain,unmapped
f111r,T,shey,unmapped
f111r,T,arain,unmapped
f111r,T,chey,unmapped
f111r,T,teey,unmapped
f111r,T,cheodaiin,medium
f111r,T,dchedar,reflux
f111r,T,oteey,unmapped
f111r,T,lchey,unmapped
f111r,T,ykeeeos,unmapped
f111r,T,aiin,medium
f111r,T,shear,reflux
f111r,T,oteedy,unmapped
f111r,T,tedam,drain
f111r,T,oteey,unmapped
f111r,T,pchedey,unmapped
f111r,T,chedy,unmapped
f111r,T,lchedy,unmapped
f111r,T,sheeodar,reflux
f111r,T,aiin,medium
f111r,T,sheey,unmapped
f111r,T,shey,unmapped
f111r,T,oteody,unmapped
f111r,T,oteedy,unmapped
f111r,T,chey,unmapped
f111r,T,daiin,medium
f111r,T,oteol,outlet
f111r,T,otedar,reflux
f111r,T,tar,reflux
f111r,T,pchdam,drain
f111r,T,dchedshey,unmapped
f111r,T,qokeedy,heat
f111r,T,okeodain,heat
f111r,T,shet,unmapped
f111r,T,sheota,unmapped
f111r,T,oteal,outlet
f111r,T,tey,unmapped
f111r,T,lkeey,unmapped
f111r,T,sheedy,unmapped
f111r,T,shtar,reflux
f111r,T,keedy,unmapped
f111r,T,otes,unmapped
f111r,T,lchey,unmapped
f111r,T,lshedy,unmapped
f111r,T,qoteedy,heat
f111r,T,olcheody,unmapped
f111r,T,qokeey,heat
f111r,T,chey,unmapped
f111r,T,kal,outlet
f111r,T,chekeedy,unmapped
f111r,T,oteed,unmapped
f111r,T,keedy,unmapped
f111r,T,otam,drain
f111r,T,daiin,medium
f111r,T,shecthey,unmapped
f111r,T,oteody,unmapped
f111r,T,qochey,heat
f111r,T,qokeey,heat
f111r,T,chey,unmapped
f111r,T,teey,unmapped
f111r,T,qokeedy,heat
f111r,T,qokeedy,heat
f111r,T,cheol,outlet
f111r,T,lokeedy,unmapped
f111r,T,lched,unmapped
f111r,T,saiin,medium
f111r,T,okeeol,heat
f111r,T,qokeedy,heat
f111r,T,lchey,unmapped
f111r,T,lcheoekam,drain
f111r,T,oaiin,medium
f111r,T,cheky,unmapped
f111r,T,qokeeodar,heat
f111r,T,checthdy,unmapped
f111r,T,qoted,heat
f111r,T,l,unmapped
f111r,T,loty,unmapped
f111r,T,qokeey,heat
f111r,T,qokeey,heat
f111r,T,lchedy,unmapped
f111r,T,checthy,unmapped
f111r,T,chedey,unmapped
f111r,T,cheol,outlet
f111r,T,teedy,unmapped
f111r,T,okeedy,heat
f111r,T,qokeedy,heat
f111r,T,okeey,heat
f111r,T,cho,unmapped
f111r,T,ol,outlet
f111r,T,l,unmapped
f111r,T,kai,unmapped
f111r,T,daiin,medium
f111r,T,okar,heat
f111r,T,ain,unmapped
f111r,T,teey,unmapped
f111r,T,oteey,unmapped
f111r,T,ox,unmapped
f111r,T,o,unmapped
f111r,T,r,unmapped
f111r,T,shey,unmapped
f111r,T,chey,unmapped
f111r,T,ky,unmapped
f111r,T,deedy,unmapped
f111r,T,cheo,unmapped
f111r,T,dain,unmapped
f111r,T,sheet,unmapped
f111r,T,ar,reflux
f111r,T,al,outlet
f111r,T,l,unmapped
f111r,T,cheotydy,unmapped
f111r,T,ssheo,unmapped
f111r,T,l,unmapped
f111r,T,keedy,unmapped
f111r,T,dal,outlet
f111r,T,tched,unmapped
f111r,T,checkhey,unmapped
f111r,T,okey,heat
f111r,T,qo,heat
f111r,T,ain,unmapped
f111r,T,qo,heat
f111r,T,chedy,unmapped
f111r,T,qokeor,heat
f111r,T,okeey,heat
f111r,T,keo,unmapped
f111r,T,cthedy,unmapped
f111r,T,qokey,heat
f111r,T,dshey,unmapped
f111r,T,sheeckhy,unmapped
f111r,T,qokeshey,heat
f111r,T,keeshody,unmapped
f111r,T,qokeey,heat
f111r,T,qokedy,heat
f111r,T,okain,heat
f111r,T,shekal,outlet
f111r,T,okechedy,heat
f111r,T,qokechedy,heat
f111r,T,sain,unmapped
f111r,T,chckhey,unmapped
f111r,T,cheos,unmapped
f111r,T,lchal,outlet
f111r,T,lkechey,unmapped
f111r,T,okeey,heat
f111r,T,lkechedy,unmapped
f111r,T,oteodain,unmapped
f111r,T,char,reflux
f111r,T,lky,unmapped
f111r,T,lchr,unmapped
f111r,T,ainai,unmapped
f111r,T,so,unmapped
f111r,T,sheor,reflux
f111r,T,okeedy,heat
f111r,T,oteeey,unmapped
f111r,T,qokeey,heat
f111r,T,qokeeo,heat
f111r,T,s,unmapped
f111r,T,chedar,reflux
f111r,T,alal,outlet
f111r,T,oy,unmapped
f111r,T,oxar,reflux
f111r,T,aiin,medium
f111r,T,odaiin,medium
f111r,T,chody,unmapped
f111r,T,soaiin,medium
f111r,T,shecthy,unmapped
f111r,T,oteodaiin,medium
f111r,T,chedy,unmapped
f111r,T,otedar,reflux
f111r,T,air,unmapped
f111r,T,ykeey,unmapped
f111r,T,shedain,retain
f111r,T,l,unmapped
f111r,T,chedy,unmapped
f111r,T,qokeedy,heat
f111r,T,qoteedaiin,heat
f111r,T,dar,reflux
f111r,T,sheod,unmapped
f111r,T,qokeey,heat
f111r,T,qokeody,heat
f111r,T,otey,unmapped
f111r,T,lkeedy,unmapped
f111r,T,chl,unmapped
f111r,T,lkeey,unmapped
f111r,T,daiin,medium
f111r,T,chedar,reflux
f111r,T,chedyteedain,unmapped
f111r,T,olkal,outlet
f111r,T,qokeeol,heat
f111r,T,shedy,retain
f111r,T,qokeod,heat
f111r,T,cheokeey,unmapped
f111r,T,sheokar,reflux
f111r,T,shekeey,unmapped
f111r,T,qotees,heat
f111r,T,al,outlet
f111r,T,dain,unmapped
f111r,T,chedy,unmapped
f111r,T,qotain,heat
f111r,T,alam,drain
f111r,T,salkeedy,unmapped
f111r,T,lkeedy,unmapped
f111r,T,chckhy,unmapped
f111r,T,rky,unmapped
f111r,T,chey,unmapped
f111r,T,okeeo,heat
f111r,T,chr,unmapped
f111r,T,al,outlet
f111r,T,ar,reflux
f111r,T,qokeedy,heat
f111r,T,qokedy,heat
f111r,T,qoteedy,heat
f111r,T,qod,heat
f111r,T,qockhedy,heat
f111r,T,qokeechy,heat
f111r,T,qotchey,heat
f111r,T,chtar,reflux
f111r,T,ar,reflux
f111r,T,chkeey,unmapped
f111r,T,lkar,reflux
f111r,T,aiin,medium
f111r,T,chedy,unmapped
f111r,T,qokeey,heat
f111r,T,qoirain,heat
f111r,T,sheotchedy,unmapped
f111r,T,shedain,retain
f111r,T,shkeyqokeaiin,medium
f111r,T,shkeody,unmapped
f111r,T,qokeey,heat
f111r,T,qokeedy,heat
f111r,T,chkal,outlet
f111r,T,checthy,unmapped
f111r,T,dsheeoteey,unmapped
f111r,T,qokeeo,heat
f111r,T,l,unmapped
f111r,T,keey,unmapped
f111r,T,tear,reflux
f111r,T,qoteey,heat
f111r,T,qotain,heat
f111r,T,cho,unmapped
f111r,T,lkeeedy,unmapped
f111r,T,lchechdy,unmapped
f111r,T,qokechy,heat
f111r,T,qoeeeo,heat
f111r,T,s,unmapped
f111r,T,ain,unmapped
f111r,T,ar,reflux
f111r,T,ol,outlet
f111r,T,keey,unmapped
f111r,T,lkair,unmapped
f111r,T,cheda,unmapped
f111r,T,chkal,outlet
f111r,T,keeodal,outlet
f111r,T,eees,unmapped
f111r,T,chody,unmapped
f111r,T,qokeedy,heat
f111r,T,dl,unmapped
f111r,T,teo,unmapped
f111r,T,olkeeo,unmapped
f111r,T,al,outlet
f111r,T,lkeeey,unmapped
f111r,T,olain,unmapped
f111r,T,ar,reflux
f111r,T,akeom,unmapped
f111r,T,qokain,heat
f111r,T,al,outlet
f111r,T,qokeeod,heat
f111r,T,lkedlkey,unmapped
f111r,T,teedar,reflux
f111r,T,y,unmapped
f111r,T,chedl,unmapped
f111r,T,ar,reflux
f111r,T,aiin,medium
f111r,T,aiy,unmapped
f111r,T,dam,drain
f111r,T,polal,outlet
f111r,T,shedal,retain
f111r,T,pchedy,unmapped
f111r,T,qofchedy,heat
f111r,T,pykeor,reflux
f111r,T,cheefy,unmapped
f111r,T,qopchey,heat
f111r,T,opchedal,outlet
f111r,T,lfchedy,unmapped
f111r,T,pchal,outlet
f111r,T,dain,unmapped
f111r,T,chol,outlet
f111r,T,l,unmapped
f111r,T,cheeol,outlet
f111r,T,keeol,outlet
f111r,T,lkeeedy,unmapped
f111r,T,qokeey,heat
f111r,T,l,unmapped
f111r,T,keedy,unmapped
f111r,T,l,unmapped
f111r,T,kedy,unmapped
f111r,T,okeal,heat
f111r,T,kain,unmapped
f111r,T,chckhy,unmapped
f111r,T,ltedy,unmapped
f111r,T,dched,unmapped
f111r,T,daiin,medium
f111r,T,al,outlet
f111r,T,okeey,heat
f111r,T,kechedy,unmapped
f111r,T,chcthedy,unmapped
f111r,T,chedain,unmapped
f111r,T,otedy,unmapped
f111r,T,qokeedy,heat
f111r,T,key,unmapped
f111r,T,l,unmapped
f111r,T,ltain,unmapped
f111r,T,saiin,medium
f111r,T,chckhedy,unmapped
f111r,T,okain,heat
f111r,T,oteain,unmapped
f111r,T,shok,unmapped
f111r,T,qokechdy,heat
f111r,T,okechedy,heat
f111r,T,chedy,unmapped
f111r,T,qokeey,heat
f111r,T,cheamar,reflux
f111r,T,saiin,medium
f111r,T,al,outlet
f111r,T,keey,unmapped
f111r,T,okedain,heat
f111r,T,otedy,unmapped
f111r,T,qokeokedy,heat
f111r,T,qokeedy,heat
f111r,T,oteeolkeey,unmapped
f111r,T,okeeo,heat
f111r,T,l,unmapped
f111r,T,lainal,outlet
f111r,T,ycheey,unmapped
f111r,T,raiin,medium
f111r,T,cheody,unmapped
f111r,T,qokechy,heat
f111r,T,qokeey,heat
f111r,T,okedy,heat
f111r,T,lchedy,unmapped
f111r,T,qokeeal,heat
f111r,T,daiin,medium
f111r,T,otaral,outlet
f111r,T,qokeol,heat
f111r,T,qokal,heat
f111r,T,qokeeol,heat
f111r,T,cho,unmapped
f111r,T,lkedy,unmapped
f111r,T,l,unmapped
f111r,T,chedy,unmapped
f111r,T,chedy,unmapped
f111r,T,chedyteokain,unmapped
f111r,T,chedy,unmapped
f111r,T,l,unmapped
f111r,T,kag,unmapped
f111r,T,am,drain
f111r,T,okeedy,heat
f111r,T,lkeedy,unmapped
f111r,T,lkedar,reflux
f111r,T,okeedy,heat
f111r,T,chedy,unmapped
f111r,T,pchedar,reflux
f111r,T,oteeol,outlet
f111r,T,lkeedain,unmapped
f111r,T,okeam,drain
f111r,T,sheo,unmapped
f111r,T,teolkedain,unmapped
f111r,T,shal,outlet
f111r,T,keey,unmapped
f111r,T,lteeal,outlet
f111r,T,cheal,outlet
f111r,T,oty,unmapped
f111r,T,oain,unmapped
f111r,T,ain,unmapped
f111r,T,keeey,unmapped
f111r,T,teed,unmapped
f111r,T,checkhed,unmapped
f111r,T,iir,unmapped
f111r,T,okeey,heat
f111r,T,lkeeey,unmapped
f111r,T,okeeo,heat
f111r,T,lkeey,unmapped
f111r,T,lkeey,unmapped
f111r,T,lkeedy,unmapped
f111r,T,qoky,heat
f111r,T,y,unmapped
f111r,T,cheeo,unmapped
f111r,T,lkeey,unmapped
f111r,T,oteed,unmapped
f111r,T,lkeedy,unmapped
f111r,T,okeeshey,heat
f111r,T,chey,unmapped
f111r,T,lkar,reflux
f111r,T,al,outlet
f111r,T,olchal,outlet
f111r,T,or,reflux
f111r,T,aiin,medium
f111r,T,cheom,unmapped
f111r,T,sheedy,unmapped
f111r,T,qokeey,heat
f111r,T,sheey,unmapped
f111r,T,qoteedy,heat
f111r,T,qeear,reflux
f111r,T,al,outlet
f111r,T,chedy,unmapped
f111r,T,okeey,heat
f111r,T,chedy,unmapped
f111r,T,poeokeey,unmapped
f111r,T,lkeedy,unmapped
f111r,T,tedain,unmapped
f111r,T,shecthy,unmapped
f111r,T,qokeedy,heat
f111r,T,chckhy,unmapped
f111r,T,lfchy,unmapped
f111r,T,cheal,outlet
f111r,T,chepcham,drain
f111r,T,daim,unmapped
f111r,T,dcheey,unmapped
f111r,T,keeey,unmapped
f111r,T,qockhey,heat
f111r,T,qokeey,heat
f111r,T,lchedy,unmapped
f111r,T,keeor,reflux
f111r,T,okeey,heat
f111r,T,lkeedy,unmapped
f111r,T,lkeey,unmapped
f111r,T,qokaiin,heat
f111r,T,ol,outlet
f111r,T,okeey,heat
f111r,T,l,unmapped
f111r,T,chedy,unmapped
f111r,T,cheekain,unmapped
f111r,T,qokeeokain,heat
f111r,T,chckhy,unmapped
f111r,T,cheal,outlet
f111r,T,keel,unmapped
f111r,T,qokain,heat
f111r,T,chckhal,outlet
f111r,T,lkal,outlet
f111r,T,polkeeo,unmapped
f111r,T,shey,unmapped
f111r,T,cheokeain,unmapped
f111r,T,chl,unmapped
f111r,T,kar,reflux
f111r,T,r,unmapped
f111r,T,aiin,medium
f111r,T,char,reflux
f111r,T,ain,unmapped
f111r,T,al,outlet
f111r,T,lkeedy,unmapped
f111r,T,qokal,heat
f111r,T,okchy,heat
f111r,T,dair,unmapped
f111r,T,al,outlet
f111r,T,qokeey,heat
f111r,T,qokaiin,heat
f111r,T,sheal,outlet
f111r,T,qokeain,heat
f111r,T,shckhy,unmapped
f111r,T,sain,unmapped
f111r,T,chckhy,unmapped
f111r,T,char,reflux
f111r,T,aiin,medium
f111r,T,alom,unmapped
f111r,T,yshe,unmapped
f111r,T,aiin,medium
f111r,T,okshdy,heat
f111r,T,shkeey,unmapped
f111r,T,kain,unmapped
f111r,T,chaiin,medium
f111r,T,alolshey,unmapped
f111r,T,qokaiin,heat
f111r,T,chcthydain,unmapped
f111r,T,tair,unmapped
f111r,T,chckhaiin,medium
f111r,T,dair,unmapped
f111r,T,qokal,heat
f111r,T,otain,unmapped
f111r,T,okal,heat
f111v,T,koshey,unmapped
f111v,T,qokal,heat
f111v,T,chckheal,outlet
f111v,T,opcheodair,unmapped
f111v,T,alkain,unmapped
f111v,T,sheokain,unmapped
f111v,T,cheok,unmapped
f111v,T,okeal,heat
f111v,T,shedy,retain
f111v,T,ralchy,unmapped
f111v,T,sheekeey,unmapped
f111v,T,cheol,outlet
f111v,T,keedy,unmapped
f111v,T,qokair,heat
f111v,T,shecthy,unmapped
f111v,T,qokeol,heat
f111v,T,okechedy,heat
f111v,T,qokedy,heat
f111v,T,qopchedy,heat
f111v,T,qokedam,drain
f111v,T,chy,unmapped
f111v,T,dain,unmapped
f111v,T,chedy,unmapped
f111v,T,shedal,retain
f111v,T,otedy,unmapped
f111v,T,oteey,unmapped
f111v,T,chedy,unmapped
f111v,T,qokeey,heat
f111v,T,dain,unmapped
f111v,T,chcthar,reflux
f111v,T,otar,reflux
f111v,T,qotain,heat
f111v,T,otaim,unmapped
f111v,T,daiin,medium
f111v,T,chey,unmapped
f111v,T,chokedair,unmapped
f111v,T,air,unmapped
f111v,T,alo,unmapped
f111v,T,lshedy,unmapped
f111v,T,qotedy,heat
f111v,T,qokedar,heat
f111v,T,oteedy,unmapped
f111v,T,okedy,heat
f111v,T,chedy,unmapped
f111v,T,lkam,drain
f111v,T,qokeed,heat
f111v,T,o,unmapped
f111v,T,aiin,medium
f111v,T,otedy,unmapped
f111v,T,qokedy,heat
f111v,T,chedy,unmapped
f111v,T,qokeey,heat
f111v,T,qokeedy,heat
f111v,T,qokeol,heat
f111v,T,shedy,retain
f111v,T,qotedal,heat
f111v,T,lol,outlet
f111v,T,okeeo,heat
f111v,T,okchor,heat
f111v,T,oteedy,unmapped
f111v,T,cheal,outlet
f111v,T,qokeey,heat
f111v,T,lkeey,unmapped
f111v,T,chol,outlet
f111v,T,l,unmapped
f111v,T,kaiin,medium
f111v,T,oteedaiin,medium
f111v,T,as,unmapped
f111v,T,alkeedym,drain
f111v,T,qokeechey,heat
f111v,T,qokaiin,heat
f111v,T,oteaiin,medium
f111v,T,fcheeo,unmapped
f111v,T,l,unmapped
f111v,T,kain,unmapped
f111v,T,okeey,heat
f111v,T,l,unmapped
f111v,T,lcheedy,unmapped
f111v,T,otal,outlet
f111v,T,kain,unmapped
f111v,T,chedain,unmapped
f111v,T,al,outlet
f111v,T,sho,unmapped
f111v,T,otchey,unmapped
f111v,T,cheol,outlet
f111v,T,kechy,unmapped
f111v,T,chcthey,unmapped
f111v,T,okain,heat
f111v,T,ol,outlet
f111v,T,l,unmapped
f111v,T,keey,unmapped
f111v,T,qokain,heat
f111v,T,checkhy,unmapped
f111v,T,chedar,reflux
f111v,T,am,drain
f111v,T,lshey,unmapped
f111v,T,shedal,retain
f111v,T,okear,heat
f111v,T,l,unmapped
f111v,T,kedy,unmapped
f111v,T,cheolkeey,unmapped
f111v,T,lkey,unmapped
f111v,T,okeey,heat
f111v,T,qokeey,heat
f111v,T,qokey,heat
f111v,T,qokain,heat
f111v,T,am,drain
f111v,T,soiin,unmapped
f111v,T,shed,retain
f111v,T,qoksheo,heat
f111v,T,lor,reflux
f111v,T,cheo,unmapped
f111v,T,lol,outlet
f111v,T,aiin,medium
f111v,T,shey,unmapped
f111v,T,qokain,heat
f111v,T,chear,reflux
f111v,T,qoteol,heat
f111v,T,shcthy,unmapped
f111v,T,ldy,unmapped
f111v,T,y,unmapped
f111v,T,lcheey,unmapped
f111v,T,shear,reflux
f111v,T,aiin,medium
f111v,T,sheear,reflux
f111v,T,otain,unmapped
f111v,T,otedy,unmapped
f111v,T,qokain,heat
f111v,T,chedkain,unmapped
f111v,T,shedaitain,retain
f111v,T,shalg,unmapped
f111v,T,qear,reflux
f111v,T,ain,unmapped
f111v,T,shey,unmapped
f111v,T,okeeey,heat
f111v,T,qokaiin,heat
f111v,T,checkhy,unmapped
f111v,T,sho,unmapped
f111v,T,lchal,outlet
f111v,T,sheey,unmapped
f111v,T,shckhey,unmapped
f111v,T,kshartar,reflux
f111v,T,sheaiin,medium
f111v,T,okaiin,heat
f111v,T,shckhy,unmapped
f111v,T,cheol,outlet
f111v,T,kedy,unmapped
f111v,T,chetar,reflux
f111v,T,okaiin,heat
f111v,T,shal,outlet
f111v,T,lchdal,outlet
f111v,T,tedy,unmapped
f111v,T,tar,reflux
f111v,T,amd,unmapped
f111v,T,qocheol,heat
f111v,T,qokain,heat
f111v,T,chear,reflux
f111v,T,ol,outlet
f111v,T,oin,unmapped
f111v,T,shedy,retain
f111v,T,qotaiin,heat
f111v,T,qokeechy,heat
f111v,T,olkeey,unmapped
f111v,T,lkain,unmapped
f111v,T,lal,outlet
f111v,T,gm,drain
f111v,T,sar,reflux
f111v,T,shey,unmapped
f111v,T,l,unmapped
f111v,T,otain,unmapped
f111v,T,qokaiin,heat
f111v,T,al,outlet
f111v,T,kain,unmapped
f111v,T,chedy,unmapped
f111v,T,otal,outlet
f111v,T,lchedy,unmapped
f111v,T,qokain,heat
f111v,T,chtal,outlet
f111v,T,otain,unmapped
f111v,T,l,unmapped
f111v,T,s,unmapped
f111v,T,qokain,heat
f111v,T,sheol,outlet
f111v,T,qokain,heat
f111v,T,shckhey,unmapped
f111v,T,lchedy,unmapped
f111v,T,okar,heat
f111v,T,al,outlet
f111v,T,qotal,heat
f111v,T,shedy,retain
f111v,T,otain,unmapped
f111v,T,far,reflux
f111v,T,aiin,medium
f111v,T,am,drain
f111v,T,solkain,unmapped
f111v,T,shey,unmapped
f111v,T,okaiin,heat
f111v,T,sheey,unmapped
f111v,T,qokain,heat
f111v,T,chkal,outlet
f111v,T,chckhy,unmapped
f111v,T,saiin,medium
f111v,T,ar,reflux
f111v,T,lchal,outlet
f111v,T,she,unmapped
f111v,T,otain,unmapped
f111v,T,tais,unmapped
f111v,T,shedy,retain
f111v,T,qoeedaiin,heat
f111v,T,okain,heat
f111v,T,ey,unmapped
f111v,T,kaiin,medium
f111v,T,shey,unmapped
f111v,T,otain,unmapped
f111v,T,alkain,unmapped
f111v,T,o,unmapped
f111v,T,l,unmapped
f111v,T,r,unmapped
f111v,T,ol,outlet
f111v,T,dain,unmapped
f111v,T,qokaiin,heat
f111v,T,cheal,outlet
f111v,T,tain,unmapped
f111v,T,qokain,heat
f111v,T,shey,unmapped
f111v,T,qokain,heat
f111v,T,char,reflux
f111v,T,shcthey,unmapped
f111v,T,qoky,heat
f111v,T,chy,unmapped
f111v,T,qokaiin,heat
f111v,T,shain,unmapped
f111v,T,qokal,heat
f111v,T,shar,reflux
f111v,T,qoteal,heat
f111v,T,qotain,heat
f111v,T,chedy,unmapped
f111v,T,qotain,heat
f111v,T,shcthy,unmapped
f111v,T,qokshedy,heat
f111v,T,qotain,heat
f111v,T,ar,reflux
f111v,T,sair,unmapped
f111v,T,air,unmapped
f111v,T,ain,unmapped
f111v,T,qol,heat
f111v,T,rar,reflux
f111v,T,ain,unmapped
f111v,T,cheey,unmapped
f111v,T,lkeey,unmapped
f111v,T,lkain,unmapped
f111v,T,cheokain,unmapped
f111v,T,sheo,unmapped
f111v,T,qo,heat
f111v,T,qokain,heat
f111v,T,chear,reflux
f111v,T,alam,drain
f111v,T,saiin,medium
f111v,T,ychear,reflux
f111v,T,olsheey,unmapped
f111v,T,chetain,unmapped
f111v,T,chedy,unmapped
f111v,T,qokain,heat
f111v,T,okain,heat
f111v,T,al,outlet
f111v,T,chan,unmapped
f111v,T,okalchey,heat
f111v,T,lkeeey,unmapped
f111v,T,qokaiin,heat
f111v,T,sheckhy,unmapped
f111v,T,qokar,heat
f111v,T,chalkain,unmapped
f111v,T,chckhedy,unmapped
f111v,T,lcheol,outlet
f111v,T,okaiin,heat
f111v,T,qokain,heat
f111v,T,cheol,outlet
f111v,T,daiin,medium
f111v,T,lam,drain
f111v,T,cheodain,unmapped
f111v,T,qokar,heat
f111v,T,otain,unmapped
f111v,T,chedy,unmapped
f111v,T,lkain,unmapped
f111v,T,chey,unmapped
f111v,T,shckhy,unmapped
f111v,T,qokl,heat
f111v,T,chedy,unmapped
f111v,T,qokar,heat
f111v,T,chctham,drain
f111v,T,tair,unmapped
f111v,T,alchedar,reflux
f111v,T,shykaiin,medium
f111v,T,chd,unmapped
f111v,T,polar,reflux
f111v,T,ar,reflux
f111v,T,okshey,heat
f111v,T,qokain,heat
f111v,T,chey,unmapped
f111v,T,kal,outlet
f111v,T,keedy,unmapped
f111v,T,qopchedy,heat
f111v,T,qopchey,heat
f111v,T,ltchs,unmapped
f111v,T,alpchdar,reflux
f111v,T,ol,outlet
f111v,T,sheey,unmapped
f111v,T,tsheey,unmapped
f111v,T,alkar,reflux
f111v,T,sheey,unmapped
f111v,T,otain,unmapped
f111v,T,ches,unmapped
f111v,T,shy,unmapped
f111v,T,qokl,heat
f111v,T,chey,unmapped
f111v,T,qoklcheor,heat
f111v,T,ldar,reflux
f111v,T,llo,unmapped
f111v,T,qorchain,heat
f111v,T,okain,heat
f111v,T,chear,reflux
f111v,T,lkain,unmapped
f111v,T,polkiin,unmapped
f111v,T,cheopaiin,medium
f111v,T,otain,unmapped
f111v,T,shedy,retain
f111v,T,pchedy,unmapped
f111v,T,opcheedy,unmapped
f111v,T,qokain,heat
f111v,T,chcfhey,unmapped
f111v,T,otchey,unmapped
f111v,T,lldy,unmapped
f111v,T,shokar,reflux
f111v,T,okeokain,heat
f111v,T,sheekain,unmapped
f111v,T,qokain,heat
f111v,T,chechey,unmapped
f111v,T,qokeey,heat
f111v,T,qetain,unmapped
f111v,T,otain,unmapped
f111v,T,ar,reflux
f111v,T,lkain,unmapped
f111v,T,lky,unmapped
f111v,T,pochey,unmapped
f111v,T,oteain,unmapped
f111v,T,chekain,unmapped
f111v,T,cheal,outlet
f111v,T,lain,unmapped
f111v,T,chey,unmapped
f111v,T,qokain,heat
f111v,T,chey,unmapped
f111v,T,lkain,unmapped
f111v,T,chal,outlet
f111v,T,ldy,unmapped
f111v,T,llm,drain
f111v,T,tar,reflux
f111v,T,chey,unmapped
f111v,T,tain,unmapped
f111v,T,chkar,reflux
f111v,T,alkar,reflux
f111v,T,chey,unmapped
f111v,T,qol,heat
f111v,T,chedy,unmapped
f111v,T,okain,heat
f111v,T,chey,unmapped
f111v,T,l,unmapped
f111v,T,cheey,unmapped
f111v,T,charan,unmapped
f111v,T,y,unmapped
f111v,T,sheeil,unmapped
f111v,T,oair,unmapped
f111v,T,ain,unmapped
f111v,T,okan,heat
f111v,T,sheain,unmapped
f111v,T,y,unmapped
f111v,T,qokan,heat
f111v,T,chan,unmapped
f111v,T,aman,unmapped
f111v,T,cheal,outlet
f111v,T,char,reflux
f111v,T,polar,reflux
f111v,T,okar,heat
f111v,T,teody,unmapped
f111v,T,qokain,heat
f111v,T,talol,outlet
f111v,T,tarol,outlet
f111v,T,opchedy,unmapped
f111v,T,qotar,heat
f111v,T,otar,reflux
f111v,T,chtal,outlet
f111v,T,sam,drain
f111v,T,oain,unmapped
f111v,T,okaiin,heat
f111v,T,chcthy,unmapped
f111v,T,lkain,unmapped
f111v,T,lchey,unmapped
f111v,T,lshekain,unmapped
f111v,T,qotal,heat
f111v,T,shedy,retain
f111v,T,chkeey,unmapped
f111v,T,lkeeed,unmapped
f111v,T,lkain,unmapped
f111v,T,y,unmapped
f111v,T,shain,unmapped
f111v,T,okaiin,heat
f111v,T,chey,unmapped
f111v,T,qokar,heat
f111v,T,ar,reflux
f111v,T,ar,reflux
f111v,T,ain,unmapped
f111v,T,olr,unmapped
f111v,T,ar,reflux
f111v,T,olor,reflux
f111v,T,polchey,unmapped
f111v,T,lkarshar,reflux
f111v,T,ykain,unmapped
f111v,T,qokain,heat
f111v,T,shalky,unmapped
f111v,T,dy,unmapped
f111v,T,tor,reflux
f111v,T,chey,unmapped
f111v,T,keedy,unmapped
f111v,T,lteedy,unmapped
f111v,T,r,unmapped
f111v,T,aldl,unmapped
f111v,T,ycheey,unmapped
f111v,T,o,unmapped
f111v,T,aiin,medium
f111v,T,checkhey,unmapped
f111v,T,otain,unmapped
f111v,T,qotl,heat
f111v,T,chear,reflux
f111v,T,chedy,unmapped
f111v,T,qokeey,heat
f111v,T,okeedy,heat
f111v,T,lkeey,unmapped
f111v,T,dsheey,unmapped
f111v,T,qokal,heat
f111v,T,chedy,unmapped
f111v,T,chcthy,unmapped
f111v,T,qokain,heat
f111v,T,chedy,unmapped
f111v,T,lkeey,unmapped
f111v,T,shey,unmapped
f111v,T,qokain,heat
f111v,T,chedy,unmapped
f111v,T,lchdy,unmapped
f111v,T,ykeeey,unmapped
f111v,T,lkain,unmapped
f111v,T,chckhy,unmapped
f111v,T,chokain,unmapped
f111v,T,chckhal,outlet
f111v,T,sheckhedy,unmapped
f111v,T,qokeey,heat
f111v,T,qokeedy,heat
f111v,T,lchsl,unmapped
f111v,T,oteey,unmapped
f111v,T,l,unmapped
f111v,T,chedy,unmapped
f111v,T,teeedy,unmapped
f111v,T,lkeey,unmapped
f111v,T,oteedy,unmapped
f111v,T,okedy,heat
f111v,T,chedy,unmapped
f111v,T,qokeey,heat
f111v,T,checthy,unmapped
f111v,T,qotal,heat
f111v,T,cheeo,unmapped
f111v,T,l,unmapped
f111v,T,keey,unmapped
f111v,T,chear,reflux
f111v,T,qokeain,heat
f111v,T,okeeor,heat
f111v,T,cheedy,unmapped
f111v,T,okain,heat
f111v,T,chedy,unmapped
f111v,T,chedy,unmapped
f111v,T,teedy,unmapped
f111v,T,lcheam,drain
f111v,T,ycheo,unmapped
f111v,T,daiin,medium
f111v,T,sheeky,unmapped
f111v,T,chokeal,outlet
f111v,T,sheekar,reflux
f111v,T,okaiin,heat
f111v,T,otain,unmapped
f111v,T,chear,reflux
f111v,T,alo,unmapped
f111v,T,laiin,medium
f111v,T,chotag,unmapped
f111v,T,dain,unmapped
f111v,T,teeodain,unmapped
f111v,T,cheeal,outlet
f111v,T,olaiin,medium
f111v,T,or,reflux
f111v,T,pollaiin,medium
f111v,T,okain,heat
f111v,T,sheal,outlet
f111v,T,pchedain,unmapped
f111v,T,opchey,unmapped
f111v,T,polshy,unmapped
f111v,T,okshey,heat
f111v,T,opchedy,unmapped
f111v,T,qopchair,heat
f111v,T,alky,unmapped
f111v,T,sol,outlet
f111v,T,chey,unmapped
f111v,T,lkeey,unmapped
f111v,T,rolkeey,unmapped
f111v,T,chckhy,unmapped
f111v,T,okeeey,heat
f111v,T,lchedy,unmapped
f111v,T,lkeain,unmapped
f111v,T,checthy,unmapped
f111v,T,qotainaly,heat
f111v,T,sain,unmapped
f111v,T,cheey,unmapped
f111v,T,qokeey,heat
f111v,T,cheytain,unmapped
f111v,T,olain,unmapped
f111v,T,ykeeedy,unmapped
f111v,T,chekain,unmapped
f111v,T,chckhey,unmapped
f111v,T,lchar,reflux
f111v,T,psalar,reflux
f111v,T,cheey,unmapped
f111v,T,qekal,outlet
f111v,T,cheykaiin,medium
f111v,T,tain,unmapped
f111v,T,chal,outlet
f111v,T,al,outlet
f111v,T,skaiin,medium
f111v,T,okchedy,heat
f111v,T,opchdal,outlet
f111v,T,opchy,unmapped
f111v,T,soiry,unmapped
f111v,T,cheey,unmapped
f111v,T,chkain,unmapped
f111v,T,chal,outlet
f111v,T,lor,reflux
f111v,T,sheey,unmapped
f111v,T,qokain,heat
f111v,T,okain,heat
f111v,T,chey,unmapped
f111v,T,qokain,heat
f111v,T,o,unmapped
f111v,T,keey,unmapped
f111v,T,shaiin,medium
f111v,T,qoiiin,heat
f111v,T,okain,heat
f111v,T,chey,unmapped
f111v,T,qokeeey,heat
f111v,T,okain,heat
f111v,T,chees,unmapped
f111v,T,ar,reflux
f111v,T,ol,outlet
f111v,T,loeees,unmapped
f111v,T,otain,unmapped
f111v,T,or,reflux
f111v,T,sain,unmapped
f111v,T,cheal,outlet
f111v,T,chckhy,unmapped
f111v,T,okain,heat
f111v,T,okal,heat
f111v,T,aiin,medium
f111v,T,choty,unmapped
f111v,T,chckhy,unmapped
f112r,T,folchey,unmapped
f112r,T,qokeey,heat
f112r,T,ykair,unmapped
f112r,T,arally,unmapped
f112r,T,oteedal,outlet
f112r,T,or,reflux
f112r,T,aiin,medium
f112r,T,chcphy,unmapped
f112r,T,saiin,medium
f112r,T,oar,reflux
f112r,T,qolkaiin,heat
f112r,T,otail,unmapped
f112r,T,ol,outlet
f112r,T,olaiin,medium
f112r,T,chol,outlet
f112r,T,otar,reflux
f112r,T,or,reflux
f112r,T,chedar,reflux
f112r,T,cheey,unmapped
f112r,T,oteedy,unmapped
f112r,T,oteedy,unmapped
f112r,T,otaiin,medium
f112r,T,oty,unmapped
f112r,T,odys,unmapped
f112r,T,qokeedy,heat
f112r,T,chokain,unmapped
f112r,T,otain,unmapped
f112r,T,otar,reflux
f112r,T,chedy,unmapped
f112r,T,taim,unmapped
f112r,T,oram,drain
f112r,T,otair,unmapped
f112r,T,o,unmapped
f112r,T,kody,unmapped
f112r,T,otody,unmapped
f112r,T,otal,outlet
f112r,T,okeeey,heat
f112r,T,otar,reflux
f112r,T,am,drain
f112r,T,oain,unmapped
f112r,T,oy,unmapped
f112r,T,chedal,outlet
f112r,T,oteedy,unmapped
f112r,T,okeey,heat
f112r,T,qokeedy,heat
f112r,T,olkeedy,unmapped
f112r,T,oteeyoram,drain
f112r,T,taiin,medium
f112r,T,olkeedy,unmapped
f112r,T,qoteo,heat
f112r,T,l,unmapped
f112r,T,oeey,unmapped
f112r,T,keey,unmapped
f112r,T,qokeey,heat
f112r,T,oteedyram,drain
f112r,T,sairo,unmapped
f112r,T,r,unmapped
f112r,T,eedy,unmapped
f112r,T,chol,outlet
f112r,T,qotchedy,heat
f112r,T,dody,unmapped
f112r,T,qokeeey,heat
f112r,T,dairam,drain
f112r,T,saiin,medium
f112r,T,ol,outlet
f112r,T,okeey,heat
f112r,T,qokeey,heat
f112r,T,y,unmapped
f112r,T,chedy,unmapped
f112r,T,teedy,unmapped
f112r,T,qokchy,heat
f112r,T,qokar,heat
f112r,T,y,unmapped
f112r,T,dair,unmapped
f112r,T,al,outlet
f112r,T,chedy,unmapped
f112r,T,qodain,heat
f112r,T,dam,drain
f112r,T,tchedy,unmapped
f112r,T,qoteey,heat
f112r,T,qeol,outlet
f112r,T,qokeey,heat
f112r,T,otey,unmapped
f112r,T,qokeey,heat
f112r,T,qokedy,heat
f112r,T,chotyr,unmapped
f112r,T,dchedy,unmapped
f112r,T,qo,heat
f112r,T,otchedy,unmapped
f112r,T,chdy,unmapped
f112r,T,qokeey,heat
f112r,T,qotain,heat
f112r,T,oteedy,unmapped
f112r,T,oteey,unmapped
f112r,T,ror,reflux
f112r,T,sor,reflux
f112r,T,aiin,medium
f112r,T,chdy,unmapped
f112r,T,ches,unmapped
f112r,T,qokeey,heat
f112r,T,okeey,heat
f112r,T,otaiin,medium
f112r,T,chcthy,unmapped
f112r,T,oteey,unmapped
f112r,T,dy,unmapped
f112r,T,soarar,reflux
f112r,T,al,outlet
f112r,T,chey,unmapped
f112r,T,otaiin,medium
f112r,T,okeedy,heat
f112r,T,qokeey,heat
f112r,T,poar,reflux
f112r,T,alchar,reflux
f112r,T,octhy,unmapped
f112r,T,otedy,unmapped
f112r,T,qokeedy,heat
f112r,T,okedy,heat
f112r,T,pchedy,unmapped
f112r,T,opamdy,unmapped
f112r,T,solol,outlet
f112r,T,shedy,retain
f112r,T,shol,outlet
f112r,T,qokeey,heat
f112r,T,qokeeey,heat
f112r,T,qokedain,heat
f112r,T,otain,unmapped
f112r,T,ar,reflux
f112r,T,amchg,unmapped
f112r,T,qoeeear,heat
f112r,T,she,unmapped
f112r,T,olkeear,reflux
f112r,T,cheey,unmapped
f112r,T,qor,heat
f112r,T,cheo,unmapped
f112r,T,ral,outlet
f112r,T,cheey,unmapped
f112r,T,qokey,heat
f112r,T,teey,unmapped
f112r,T,am,drain
f112r,T,saiin,medium
f112r,T,al,outlet
f112r,T,key,unmapped
f112r,T,chey,unmapped
f112r,T,dalchd,unmapped
f112r,T,aiin,medium
f112r,T,okal,heat
f112r,T,chody,unmapped
f112r,T,chedy,unmapped
f112r,T,cham,drain
f112r,T,polchdy,unmapped
f112r,T,o,unmapped
f112r,T,l,unmapped
f112r,T,otal,outlet
f112r,T,y,unmapped
f112r,T,raiin,medium
f112r,T,sheky,unmapped
f112r,T,qeey,unmapped
f112r,T,qokey,heat
f112r,T,qokeey,heat
f112r,T,qoky,heat
f112r,T,am,drain
f112r,T,qoaiin,heat
f112r,T,or,reflux
f112r,T,aiin,medium
f112r,T,cheol,outlet
f112r,T,keody,unmapped
f112r,T,qol,heat
f112r,T,keol,outlet
f112r,T,okeeey,heat
f112r,T,dal,outlet
f112r,T,aiin,medium
f112r,T,ody,unmapped
f112r,T,sol,outlet
f112r,T,keedy,unmapped
f112r,T,raiin,medium
f112r,T,chcthey,unmapped
f112r,T,okeedy,heat
f112r,T,qoteedy,heat
f112r,T,qeey,unmapped
f112r,T,rair,unmapped
f112r,T,al,outlet
f112r,T,sy,unmapped
f112r,T,daichy,unmapped
f112r,T,lchedy,unmapped
f112r,T,qoinal,heat
f112r,T,qoain,heat
f112r,T,qoiin,heat
f112r,T,olcheedy,unmapped
f112r,T,dairiy,unmapped
f112r,T,teedy,unmapped
f112r,T,qopol,heat
f112r,T,chdy,unmapped
f112r,T,oteor,reflux
f112r,T,octhdy,unmapped
f112r,T,otychey,unmapped
f112r,T,cheeteey,unmapped
f112r,T,qokeeey,heat
f112r,T,lkeey,unmapped
f112r,T,okeedykey,heat
f112r,T,lkedy,unmapped
f112r,T,qokedy,heat
f112r,T,otedy,unmapped
f112r,T,otedy,unmapped
f112r,T,lo,unmapped
f112r,T,tedain,unmapped
f112r,T,shedy,retain
f112r,T,ochor,reflux
f112r,T,okchd,heat
f112r,T,ykedy,unmapped
f112r,T,kedy,unmapped
f112r,T,chor,reflux
f112r,T,aiin,medium
f112r,T,cheety,unmapped
f112r,T,chcthy,unmapped
f112r,T,okey,heat
f112r,T,tockhy,unmapped
f112r,T,chedy,unmapped
f112r,T,chedam,drain
f112r,T,pcholkeedy,unmapped
f112r,T,okchoiiin,heat
f112r,T,aky,unmapped
f112r,T,opchedy,unmapped
f112r,T,kolfchdy,unmapped
f112r,T,opchedy,unmapped
f112r,T,lky,unmapped
f112r,T,shty,unmapped
f112r,T,ysheedy,unmapped
f112r,T,sheokeedy,unmapped
f112r,T,qokeedy,heat
f112r,T,qokain,heat
f112r,T,oteedy,unmapped
f112r,T,chckhy,unmapped
f112r,T,ytchedy,unmapped
f112r,T,sharam,drain
f112r,T,sar,reflux
f112r,T,aiin,medium
f112r,T,olshedy,unmapped
f112r,T,chokeey,unmapped
f112r,T,sal,outlet
f112r,T,okaiin,heat
f112r,T,oteey,unmapped
f112r,T,qokeey,heat
f112r,T,olor,reflux
f112r,T,al,outlet
f112r,T,chealy,unmapped
f112r,T,tar,reflux
f112r,T,ar,reflux
f112r,T,cheokey,unmapped
f112r,T,okeody,heat
f112r,T,chol,outlet
f112r,T,ol,outlet
f112r,T,chedy,unmapped
f112r,T,qokedy,heat
f112r,T,cheom,unmapped
f112r,T,pair,unmapped
f112r,T,al,outlet
f112r,T,keolor,reflux
f112r,T,okaiin,heat
f112r,T,otain,unmapped
f112r,T,oteey,unmapped
f112r,T,lchedy,unmapped
f112r,T,okeeor,heat
f112r,T,oteor,reflux
f112r,T,karainy,unmapped
f112r,T,sor,reflux
f112r,T,ar,reflux
f112r,T,al,outlet
f112r,T,ar,reflux
f112r,T,s,unmapped
f112r,T,alkeeor,reflux
f112r,T,ol,outlet
f112r,T,shedy,retain
f112r,T,okeechy,heat
f112r,T,qoiiin,heat
f112r,T,oteey,unmapped
f112r,T,ched,unmapped
f112r,T,alam,drain
f112r,T,sarol,outlet
f112r,T,okcheey,heat
f112r,T,cphedy,unmapped
f112r,T,shckhey,unmapped
f112r,T,okeeor,heat
f112r,T,chedy,unmapped
f112r,T,shdal,outlet
f112r,T,pair,unmapped
f112r,T,ar,reflux
f112r,T,l,unmapped
f112r,T,shdar,reflux
f112r,T,okechedy,heat
f112r,T,qokar,heat
f112r,T,aram,drain
f112r,T,qotedy,heat
f112r,T,araiin,medium
f112r,T,qokchdy,heat
f112r,T,opary,unmapped
f112r,T,sain,unmapped
f112r,T,olaiin,medium
f112r,T,qopchdy,heat
f112r,T,qoky,heat
f112r,T,okeal,heat
f112r,T,chedy,unmapped
f112r,T,okeey,heat
f112r,T,otedy,unmapped
f112r,T,ar,reflux
f112r,T,ar,reflux
f112r,T,okeedy,heat
f112r,T,sain,unmapped
f112r,T,ol,outlet
f112r,T,checkhy,unmapped
f112r,T,olchain,unmapped
f112r,T,okeey,heat
f112r,T,olam,drain
f112r,T,pam,drain
f112r,T,okaiin,heat
f112r,T,olkedy,unmapped
f112r,T,okedy,heat
f112r,T,okeey,heat
f112r,T,okeedy,heat
f112r,T,keedar,reflux
f112r,T,otear,reflux
f112r,T,shkear,reflux
f112r,T,qoky,heat
f112r,T,sar,reflux
f112r,T,ain,unmapped
f112r,T,olkeear,reflux
f112r,T,okeody,heat
f112r,T,qokiin,heat
f112r,T,oteedy,unmapped
f112r,T,qokey,heat
f112r,T,okal,heat
f112r,T,okedy,heat
f112r,T,polkeedy,unmapped
f112r,T,qopal,heat
f112r,T,otedy,unmapped
f112r,T,opal,outlet
f112r,T,aiin,medium
f112r,T,okaiiin,heat
f112r,T,sheody,unmapped
f112r,T,yteokar,reflux
f112r,T,ogom,unmapped
f112r,T,sain,unmapped
f112r,T,okal,heat
f112r,T,lkeedy,unmapped
f112r,T,okar,heat
f112r,T,okchedy,heat
f112r,T,qokal,heat
f112r,T,keedy,unmapped
f112r,T,chkey,unmapped
f112r,T,oty,unmapped
f112r,T,oral,outlet
f112r,T,yshesy,unmapped
f112r,T,alain,unmapped
f112r,T,cheey,unmapped
f112r,T,okchey,heat
f112r,T,qokchy,heat
f112r,T,okchaiin,heat
f112r,T,ykeeor,reflux
f112r,T,okeey,heat
f112r,T,ory,unmapped
f112r,T,pol,outlet
f112r,T,ar,reflux
f112r,T,shedy,retain
f112r,T,qokaiin,heat
f112r,T,y,unmapped
f112r,T,okeedy,heat
f112r,T,qotal,heat
f112r,T,chody,unmapped
f112r,T,oteody,unmapped
f112r,T,araryteop,unmapped
f112r,T,yteeo,unmapped
f112r,T,r,unmapped
f112r,T,aiin,medium
f112r,T,okar,heat
f112r,T,opor,reflux
f112r,T,aiin,medium
f112r,T,ycheedy,unmapped
f112r,T,qeedar,reflux
f112r,T,yteeey,unmapped
f112r,T,sheor,reflux
f112r,T,oteeg,unmapped
f112r,T,sar,reflux
f112r,T,ain,unmapped
f112r,T,qokoekeeey,heat
f112r,T,yk,unmapped
f112r,T,koeechey,unmapped
f112r,T,okeeedy,heat
f112r,T,alair,unmapped
f112r,T,akcheey,unmapped
f112r,T,ar,reflux
f112r,T,arody,unmapped
f112r,T,yor,reflux
f112r,T,aiin,medium
f112r,T,o,unmapped
f112r,T,keeey,unmapped
f112r,T,teey,unmapped
f112r,T,shkar,reflux
f112r,T,oteeedyqokeey,unmapped
f112r,T,okeey,heat
f112r,T,okary,heat
f112r,T,oin,unmapped
f112r,T,yky,unmapped
f112v,T,keeoal,outlet
f112v,T,chool,outlet
f112v,T,opal,outlet
f112v,T,otalair,unmapped
f112v,T,y,unmapped
f112v,T,fcheol,outlet
f112v,T,oteey,unmapped
f112v,T,qor,heat
f112v,T,eees,unmapped
f112v,T,am,drain
f112v,T,oar,reflux
f112v,T,oral,outlet
f112v,T,okeeshy,heat
f112v,T,qokeey,heat
f112v,T,okain,heat
f112v,T,qokal,heat
f112v,T,okeol,heat
f112v,T,oty,unmapped
f112v,T,oraiin,medium
f112v,T,qokeeor,heat
f112v,T,ar,reflux
f112v,T,sheey,unmapped
f112v,T,or,reflux
f112v,T,ar,reflux
f112v,T,aiiin,unmapped
f112v,T,okeey,heat
f112v,T,l,unmapped
f112v,T,keeody,unmapped
f112v,T,sheedy,unmapped
f112v,T,qotam,drain
f112v,T,shody,unmapped
f112v,T,qo,heat
f112v,T,oeeeody,unmapped
f112v,T,oteey,unmapped
f112v,T,qokeedy,heat
f112v,T,okeey,heat
f112v,T,qokeedy,heat
f112v,T,qoky,heat
f112v,T,am,drain
f112v,T,sain,unmapped
f112v,T,aiiin,unmapped
f112v,T,okey,heat
f112v,T,daiin,medium
f112v,T,otal,outlet
f112v,T,chear,reflux
f112v,T,okedy,heat
f112v,T,okaiin,heat
f112v,T,cheeoldy,unmapped
f112v,T,saiin,medium
f112v,T,ol,outlet
f112v,T,oaiin,medium
f112v,T,okeeedy,heat
f112v,T,cheay,unmapped
f112v,T,pcheokeey,unmapped
f112v,T,oeeeky,unmapped
f112v,T,qoteedy,heat
f112v,T,oees,unmapped
f112v,T,aiin,medium
f112v,T,oteor,reflux
f112v,T,opchdar,reflux
f112v,T,opary,unmapped
f112v,T,ocheor,reflux
f112v,T,okar,heat
f112v,T,aiiin,unmapped
f112v,T,otaiin,medium
f112v,T,okal,heat
f112v,T,okar,heat
f112v,T,otal,outlet
f112v,T,kedy,unmapped
f112v,T,chekaiiin,unmapped
f112v,T,soaiin,medium
f112v,T,ar,reflux
f112v,T,aiin,medium
f112v,T,okaiin,heat
f112v,T,otaiin,medium
f112v,T,cheekain,unmapped
f112v,T,okchedy,heat
f112v,T,qokchdy,heat
f112v,T,dain,unmapped
f112v,T,sheey,unmapped
f112v,T,okchedy,heat
f112v,T,oror,reflux
f112v,T,tchor,reflux
f112v,T,aiin,medium
f112v,T,odeedy,unmapped
f112v,T,oteeey,unmapped
f112v,T,qokey,heat
f112v,T,lody,unmapped
f112v,T,chcfhy,unmapped
f112v,T,ochos,unmapped
f112v,T,aiin,medium
f112v,T,olky,unmapped
f112v,T,daiin,medium
f112v,T,al,outlet
f112v,T,olkeedain,unmapped
f112v,T,oteey,unmapped
f112v,T,sheeol,outlet
f112v,T,qokeedy,heat
f112v,T,qochaiin,heat
f112v,T,oteey,unmapped
f112v,T,qoty,heat
f112v,T,dcheoty,unmapped
f112v,T,oy,unmapped
f112v,T,otchedy,unmapped
f112v,T,chedy,unmapped
f112v,T,daiin,medium
f112v,T,chedal,outlet
f112v,T,chedy,unmapped
f112v,T,qokaiin,heat
f112v,T,otam,drain
f112v,T,sain,unmapped
f112v,T,air,unmapped
f112v,T,a,unmapped
f112v,T,ykeedain,unmapped
f112v,T,qokeedy,heat
f112v,T,chedaiin,medium
f112v,T,aloin,unmapped
f112v,T,pchodain,unmapped
f112v,T,okeedy,heat
f112v,T,qokeedy,heat
f112v,T,olkeedy,unmapped
f112v,T,qokain,heat
f112v,T,sheey,unmapped
f112v,T,qokedar,heat
f112v,T,aiin,medium
f112v,T,am,drain
f112v,T,saiin,medium
f112v,T,okeey,heat
f112v,T,sheey,unmapped
f112v,T,qoteedy,heat
f112v,T,qokey,heat
f112v,T,chedy,unmapped
f112v,T,qokeey,heat
f112v,T,qokeey,heat
f112v,T,chdaly,unmapped
f112v,T,daiin,medium
f112v,T,chear,reflux
f112v,T,chedy,unmapped
f112v,T,chy,unmapped
f112v,T,keedy,unmapped
f112v,T,chdaiin,medium
f112v,T,cheedy,unmapped
f112v,T,qokain,heat
f112v,T,otaldal,outlet
f112v,T,saiin,medium
f112v,T,or,reflux
f112v,T,aiin,medium
f112v,T,chey,unmapped
f112v,T,qokeedy,heat
f112v,T,qokeeey,heat
f112v,T,qokeeody,heat
f112v,T,qotam,drain
f112v,T,olaiin,medium
f112v,T,am,drain
f112v,T,s,unmapped
f112v,T,arain,unmapped
f112v,T,ain,unmapped
f112v,T,al,outlet
f112v,T,qoeeey,heat
f112v,T,qoteo,heat
f112v,T,ar,reflux
f112v,T,aiiinol,outlet
f112v,T,chalor,reflux
f112v,T,pchoraiin,medium
f112v,T,ar,reflux
f112v,T,alchedy,unmapped
f112v,T,olkeedy,unmapped
f112v,T,qokedy,heat
f112v,T,qotaiin,heat
f112v,T,chocthedy,unmapped
f112v,T,saisal,outlet
f112v,T,saiin,medium
f112v,T,chekain,unmapped
f112v,T,cheol,outlet
f112v,T,qoeedy,heat
f112v,T,chol,outlet
f112v,T,keedy,unmapped
f112v,T,qokaiin,heat
f112v,T,shedy,retain
f112v,T,qokeol,heat
f112v,T,kain,unmapped
f112v,T,soiin,unmapped
f112v,T,ol,outlet
f112v,T,cheol,outlet
f112v,T,chedy,unmapped
f112v,T,qokeey,heat
f112v,T,chetain,unmapped
f112v,T,ycheol,outlet
f112v,T,keeor,reflux
f112v,T,olkeeey,unmapped
f112v,T,chedain,unmapped
f112v,T,ol,outlet
f112v,T,cheedaiin,medium
f112v,T,sheedy,unmapped
f112v,T,qokeedy,heat
f112v,T,qotain,heat
f112v,T,soiin,unmapped
f112v,T,or,reflux
f112v,T,okain,heat
f112v,T,otchedy,unmapped
f112v,T,qokeedy,heat
f112v,T,eeedeeg,unmapped
f112v,T,ckhedy,unmapped
f112v,T,cheedaiin,medium
f112v,T,cheedy,unmapped
f112v,T,pchdaiin,medium
f112v,T,shedy,retain
f112v,T,otaiin,medium
f112v,T,cheedy,unmapped
f112v,T,qokeeey,heat
f112v,T,l,unmapped
f112v,T,keeedy,unmapped
f112v,T,cheey,unmapped
f112v,T,lor,reflux
f112v,T,eeedy,unmapped
f112v,T,qokeey,heat
f112v,T,ychedal,outlet
f112v,T,checkhey,unmapped
f112v,T,checkhy,unmapped
f112v,T,cheeol,outlet
f112v,T,qokeedy,heat
f112v,T,qoteosam,drain
f112v,T,chos,unmapped
f112v,T,pchodain,unmapped
f112v,T,aiin,medium
f112v,T,teeedy,unmapped
f112v,T,qoeey,heat
f112v,T,okeedy,heat
f112v,T,qokeear,heat
f112v,T,al,outlet
f112v,T,okedal,heat
f112v,T,olkeedy,unmapped
f112v,T,qotedy,heat
f112v,T,shey,unmapped
f112v,T,keedal,outlet
f112v,T,aiin,medium
f112v,T,cheol,outlet
f112v,T,keeeody,unmapped
f112v,T,qoiin,heat
f112v,T,ykeey,unmapped
f112v,T,qokeeey,heat
f112v,T,ykeey,unmapped
f112v,T,qoeey,heat
f112v,T,qokaim,heat
f112v,T,sheey,unmapped
f112v,T,qoeekain,heat
f112v,T,ol,outlet
f112v,T,kain,unmapped
f112v,T,alor,reflux
f112v,T,chedal,outlet
f112v,T,sheody,unmapped
f112v,T,polor,reflux
f112v,T,sheedy,unmapped
f112v,T,okeedey,heat
f112v,T,sal,outlet
f112v,T,aiin,medium
f112v,T,sheedar,reflux
f112v,T,okedy,heat
f112v,T,qopchedy,heat
f112v,T,dalkedy,unmapped
f112v,T,opchdy,unmapped
f112v,T,tar,reflux
f112v,T,aiin,medium
f112v,T,okeear,heat
f112v,T,oteody,unmapped
f112v,T,arar,reflux
f112v,T,tchedor,reflux
f112v,T,shee,unmapped
f112v,T,keedy,unmapped
f112v,T,otedar,reflux
f112v,T,checphey,unmapped
f112v,T,qopchedy,heat
f112v,T,qopcheey,heat
f112v,T,kar,reflux
f112v,T,opcheeo,unmapped
f112v,T,r,unmapped
f112v,T,a,unmapped
f112v,T,or,reflux
f112v,T,cheeor,reflux
f112v,T,okeedy,heat
f112v,T,qokedy,heat
f112v,T,qokeedy,heat
f112v,T,chedaiin,medium
f112v,T,okeeedy,heat
f112v,T,otaiin,medium
f112v,T,cheekey,unmapped
f112v,T,chol,outlet
f112v,T,saiin,medium
f112v,T,chedaiin,medium
f112v,T,checkhy,unmapped
f112v,T,lkeedy,unmapped
f112v,T,qokeedy,heat
f112v,T,chkaiin,medium
f112v,T,checkhol,outlet
f112v,T,chdam,drain
f112v,T,pched,unmapped
f112v,T,shedain,retain
f112v,T,qokaiin,heat
f112v,T,okees,heat
f112v,T,chedy,unmapped
f112v,T,checkhy,unmapped
f112v,T,tchede,unmapped
f112v,T,okeey,heat
f112v,T,lky,unmapped
f112v,T,shedaiiin,retain
f112v,T,chdy,unmapped
f112v,T,qokeedy,heat
f112v,T,cheky,unmapped
f112v,T,lkedy,unmapped
f112v,T,qotedy,heat
f112v,T,raram,drain
f112v,T,teedal,outlet
f112v,T,sain,unmapped
f112v,T,ar,reflux
f112v,T,otaiin,medium
f112v,T,shedy,retain
f112v,T,qokedaiin,heat
f112v,T,ar,reflux
f112v,T,qokaiin,heat
f112v,T,chol,outlet
f112v,T,kedy,unmapped
f112v,T,qokam,drain
f112v,T,sa,unmapped
f112v,T,ar,reflux
f112v,T,oiin,unmapped
f112v,T,okchey,heat
f112v,T,al,outlet
f112v,T,chedy,unmapped
f112v,T,chol,outlet
f112v,T,otaiin,medium
f112v,T,chedar,reflux
f112v,T,lkain,unmapped
f112v,T,cheo,unmapped
f112v,T,dain,unmapped
f112v,T,teodarody,unmapped
f112v,T,opcheed,unmapped
f112v,T,okaiin,heat
f112v,T,chaiin,medium
f112v,T,otam,drain
f112v,T,oteedy,unmapped
f112v,T,qoteey,heat
f112v,T,qotain,heat
f112v,T,chcthd,unmapped
f112v,T,y,unmapped
f112v,T,cheol,outlet
f112v,T,lchedy,unmapped
f112v,T,chckhy,unmapped
f112v,T,cheolchal,outlet
f112v,T,shchy,unmapped
f112v,T,daiin,medium
f112v,T,cheolor,reflux
f112v,T,okain,heat
f112v,T,chedy,unmapped
f112v,T,daiin,medium
f112v,T,ykeedan,unmapped
f112v,T,checkhey,unmapped
f112v,T,oain,unmapped
f112v,T,chol,outlet
f112v,T,poly,unmapped
f112v,T,keedain,unmapped
f112v,T,she,unmapped
f112v,T,kchdy,unmapped
f112v,T,chotshe,unmapped
f112v,T,otechy,unmapped
f112v,T,qokchdy,heat
f112v,T,otaray,unmapped
f112v,T,shain,unmapped
f112v,T,qokedy,heat
f112v,T,ooeeor,reflux
f112v,T,oeeal,outlet
f112v,T,olkeol,outlet
f112v,T,al,outlet
f112v,T,chol,outlet
f112v,T,chl,unmapped
f112v,T,olchedy,unmapped
f112v,T,ykeedy,unmapped
f112v,T,chtal,outlet
f112v,T,kar,reflux
f112v,T,opchy,unmapped
f112v,T,famam,drain
f112v,T,qokchal,heat
f112v,T,qokey,heat
f112v,T,qaiin,medium
f112v,T,otol,outlet
f112v,T,teol,outlet
f112v,T,okal,heat
f112v,T,otedar,reflux
f112v,T,epalchdy,unmapped
f112v,T,alpchdy,unmapped
f112v,T,ycheey,unmapped
f112v,T,chokeey,unmapped
f112v,T,okasal,heat
f112v,T,tchdy,unmapped
f112v,T,oteol,outlet
f112v,T,chcthy,unmapped
f112v,T,alaiin,medium
f112v,T,char,reflux
f112v,T,al,outlet
f112v,T,kamdam,drain
f112v,T,ykeey,unmapped
f112v,T,lor,reflux
f112v,T,chaiin,medium
f112v,T,cheky,unmapped
f112v,T,chokain,unmapped
f112v,T,char,reflux
f112v,T,am,drain
f112v,T,chey,unmapped
f112v,T,kain,unmapped
f112v,T,chdal,outlet
f112v,T,okaiin,heat
f112v,T,daldy,unmapped
f112v,T,otar,reflux
f112v,T,aig,unmapped
f112v,T,oaral,outlet
f112v,T,alor,reflux
f112v,T,aiiin,unmapped
f112v,T,olkaiin,medium
f112v,T,oty,unmapped
f112v,T,ary,unmapped
f113r,T,pcheschy,unmapped
f113r,T,ypcheedy,unmapped
f113r,T,fchdy,unmapped
f113r,T,chetar,reflux
f113r,T,qopchedaiin,heat
f113r,T,oteey,unmapped
f113r,T,oty,unmapped
f113r,T,lkchy,unmapped
f113r,T,chodain,unmapped
f113r,T,alar,reflux
f113r,T,chedy,unmapped
f113r,T,dar,reflux
f113r,T,okeedy,heat
f113r,T,oteeody,unmapped
f113r,T,qokedy,heat
f113r,T,otchechy,unmapped
f113r,T,okeorl,heat
f113r,T,al,outlet
f113r,T,keeos,unmapped
f113r,T,ched,unmapped
f113r,T,al,outlet
f113r,T,ar,reflux
f113r,T,chy,unmapped
f113r,T,ykolairol,outlet
f113r,T,shchs,unmapped
f113r,T,oal,outlet
f113r,T,chs,unmapped
f113r,T,aiin,medium
f113r,T,oteeosy,unmapped
f113r,T,kcheeos,unmapped
f113r,T,olkeedy,unmapped
f113r,T,shoaiin,medium
f113r,T,cheeody,unmapped
f113r,T,qokchedy,heat
f113r,T,chckhody,unmapped
f113r,T,qokedy,heat
f113r,T,qotaly,heat
f113r,T,lkar,reflux
f113r,T,ar,reflux
f113r,T,al,outlet
f113r,T,om,unmapped
f113r,T,ycheeckhy,unmapped
f113r,T,osaiin,medium
f113r,T,cheoar,reflux
f113r,T,qokaiin,heat
f113r,T,chekal,outlet
f113r,T,otar,reflux
f113r,T,shos,unmapped
f113r,T,aiin,medium
f113r,T,chckhy,unmapped
f113r,T,chdo,unmapped
f113r,T,okol,heat
f113r,T,chedy,unmapped
f113r,T,chedy,unmapped
f113r,T,sor,reflux
f113r,T,cheo,unmapped
f113r,T,cheey,unmapped
f113r,T,oteeos,unmapped
f113r,T,aiin,medium
f113r,T,otain,unmapped
f113r,T,otal,outlet
f113r,T,ches,unmapped
f113r,T,aiin,medium
f113r,T,alchl,unmapped
f113r,T,sheey,unmapped
f113r,T,kchol,outlet
f113r,T,okeeo,heat
f113r,T,l,unmapped
f113r,T,kaiin,medium
f113r,T,ol,outlet
f113r,T,chos,unmapped
f113r,T,sheey,unmapped
f113r,T,qokchey,heat
f113r,T,sokal,outlet
f113r,T,okeey,heat
f113r,T,char,reflux
f113r,T,laiin,medium
f113r,T,olkain,unmapped
f113r,T,pchosos,unmapped
f113r,T,cheoarkeeol,outlet
f113r,T,qokeey,heat
f113r,T,lkchey,unmapped
f113r,T,qokar,heat
f113r,T,chos,unmapped
f113r,T,shey,unmapped
f113r,T,qopchy,heat
f113r,T,rchsy,unmapped
f113r,T,chykeor,reflux
f113r,T,otal,outlet
f113r,T,dchos,unmapped
f113r,T,aiin,medium
f113r,T,oteey,unmapped
f113r,T,qokaiin,heat
f113r,T,cho,unmapped
f113r,T,okaiin,heat
f113r,T,cheodaiin,medium
f113r,T,aky,unmapped
f113r,T,le,unmapped
f113r,T,chody,unmapped
f113r,T,chotaiin,medium
f113r,T,pcheody,unmapped
f113r,T,qokeody,heat
f113r,T,cheoar,reflux
f113r,T,chy,unmapped
f113r,T,kcheeor,reflux
f113r,T,ety,unmapped
f113r,T,sheody,unmapped
f113r,T,sheodaiin,medium
f113r,T,qoteoar,heat
f113r,T,otam,drain
f113r,T,otchedy,unmapped
f113r,T,qoty,heat
f113r,T,daiin,medium
f113r,T,cholchey,unmapped
f113r,T,okecheey,heat
f113r,T,chokeo,unmapped
f113r,T,l,unmapped
f113r,T,sheo,unmapped
f113r,T,qoaiin,heat
f113r,T,shoo,unmapped
f113r,T,keeeol,outlet
f113r,T,keody,unmapped
f113r,T,chor,reflux
f113r,T,chor,reflux
f113r,T,kal,outlet
f113r,T,laram,drain
f113r,T,y,unmapped
f113r,T,shoain,unmapped
f113r,T,qoeey,heat
f113r,T,qoaiin,heat
f113r,T,shol,outlet
f113r,T,lkeeoar,reflux
f113r,T,chodaiin,medium
f113r,T,otam,drain
f113r,T,chos,unmapped
f113r,T,aiin,medium
f113r,T,polchor,reflux
f113r,T,cheody,unmapped
f113r,T,qotedy,heat
f113r,T,lkeches,unmapped
f113r,T,l,unmapped
f113r,T,keeol,outlet
f113r,T,lkcheol,outlet
f113r,T,lkchedy,unmapped
f113r,T,kotchy,unmapped
f113r,T,lpchedy,unmapped
f113r,T,qopchedy,heat
f113r,T,ro,unmapped
f113r,T,ycheo,unmapped
f113r,T,lkchey,unmapped
f113r,T,l,unmapped
f113r,T,chol,outlet
f113r,T,oiiin,unmapped
f113r,T,qoksheoy,heat
f113r,T,qokcheody,heat
f113r,T,lcheo,unmapped
f113r,T,l,unmapped
f113r,T,kchedy,unmapped
f113r,T,chokchy,unmapped
f113r,T,okchdar,heat
f113r,T,al,outlet
f113r,T,chol,outlet
f113r,T,chs,unmapped
f113r,T,s,unmapped
f113r,T,aiin,medium
f113r,T,chaiiin,unmapped
f113r,T,pcheoor,reflux
f113r,T,olkeedy,unmapped
f113r,T,qokeedy,heat
f113r,T,shdy,unmapped
f113r,T,qofchedy,heat
f113r,T,chcfhor,reflux
f113r,T,chedy,unmapped
f113r,T,qokeeol,heat
f113r,T,por,reflux
f113r,T,aiin,medium
f113r,T,chepchar,reflux
f113r,T,dor,reflux
f113r,T,shar,reflux
f113r,T,shol,outlet
f113r,T,qokeey,heat
f113r,T,qok,heat
f113r,T,chol,outlet
f113r,T,chedaiin,medium
f113r,T,qoky,heat
f113r,T,chokain,unmapped
f113r,T,chotar,reflux
f113r,T,chokar,reflux
f113r,T,char,reflux
f113r,T,alom,unmapped
f113r,T,ycheod,unmapped
f113r,T,cheoaiin,medium
f113r,T,chal,outlet
f113r,T,olkaiin,medium
f113r,T,chkaiin,medium
f113r,T,cheeey,unmapped
f113r,T,lkeeo,unmapped
f113r,T,aiiin,unmapped
f113r,T,okeedy,heat
f113r,T,qokcheey,heat
f113r,T,rchedy,unmapped
f113r,T,yhal,outlet
f113r,T,cheeo,unmapped
f113r,T,rlaiin,medium
f113r,T,chckhey,unmapped
f113r,T,cheol,outlet
f113r,T,kshoraiin,medium
f113r,T,qokeeoar,heat
f113r,T,shoteol,outlet
f113r,T,lklcheol,outlet
f113r,T,qokar,heat
f113r,T,chdain,unmapped
f113r,T,cphoy,unmapped
f113r,T,chor,reflux
f113r,T,aiin,medium
f113r,T,ckhydy,unmapped
f113r,T,oiir,unmapped
f113r,T,shol,outlet
f113r,T,shedair,retain
f113r,T,otchdy,unmapped
f113r,T,shokchy,unmapped
f113r,T,shaiiin,unmapped
f113r,T,shckhey,unmapped
f113r,T,lshor,reflux
f113r,T,air,unmapped
f113r,T,okeody,heat
f113r,T,tchoar,reflux
f113r,T,sheeodaiin,medium
f113r,T,chkaiin,medium
f113r,T,otchod,unmapped
f113r,T,okchedy,heat
f113r,T,qokaiin,heat
f113r,T,chokain,unmapped
f113r,T,sheor,reflux
f113r,T,qokchy,heat
f113r,T,qopam,drain
f113r,T,ykeoeshy,unmapped
f113r,T,qokaiin,heat
f113r,T,chal,outlet
f113r,T,kiin,unmapped
f113r,T,chckhey,unmapped
f113r,T,lkchey,unmapped
f113r,T,qokal,heat
f113r,T,chocthy,unmapped
f113r,T,lkchor,reflux
f113r,T,lkchedy,unmapped
f113r,T,lkaiin,medium
f113r,T,dair,unmapped
f113r,T,chor,reflux
f113r,T,chopchey,unmapped
f113r,T,araiin,medium
f113r,T,or,reflux
f113r,T,ral,outlet
f113r,T,arody,unmapped
f113r,T,pchedair,unmapped
f113r,T,shotedy,unmapped
f113r,T,qopchody,heat
f113r,T,chfchol,outlet
f113r,T,kchdaiin,medium
f113r,T,chpchshdy,unmapped
f113r,T,rair,unmapped
f113r,T,shedy,retain
f113r,T,qokchey,heat
f113r,T,sairy,unmapped
f113r,T,tol,outlet
f113r,T,cheshy,unmapped
f113r,T,lkchedy,unmapped
f113r,T,lchod,unmapped
f113r,T,chal,outlet
f113r,T,char,reflux
f113r,T,lkeeody,unmapped
f113r,T,oteeo,unmapped
f113r,T,loaiin,medium
f113r,T,okeedy,heat
f113r,T,tchol,outlet
f113r,T,chol,outlet
f113r,T,lsheol,outlet
f113r,T,shor,reflux
f113r,T,kcheey,unmapped
f113r,T,y,unmapped
f113r,T,raiin,medium
f113r,T,sheol,outlet
f113r,T,tcheody,unmapped
f113r,T,tchey,unmapped
f113r,T,sheoky,unmapped
f113r,T,lpchedy,unmapped
f113r,T,qokam,drain
f113r,T,sar,reflux
f113r,T,al,outlet
f113r,T,chal,outlet
f113r,T,os,unmapped
f113r,T,akchy,unmapped
f113r,T,daiin,medium
f113r,T,cheeeo,unmapped
f113r,T,rain,unmapped
f113r,T,otain,unmapped
f113r,T,chol,outlet
f113r,T,lcholkaiin,medium
f113r,T,cheokedy,unmapped
f113r,T,lodas,unmapped
f113r,T,y,unmapped
f113r,T,sheeoaiin,medium
f113r,T,olkeeol,outlet
f113r,T,chtchol,outlet
f113r,T,kcheody,unmapped
f113r,T,lkchedy,unmapped
f113r,T,okaiin,heat
f113r,T,chal,outlet
f113r,T,taiin,medium
f113r,T,oteedy,unmapped
f113r,T,folchear,reflux
f113r,T,oteol,outlet
f113r,T,lshedy,unmapped
f113r,T,lkshedy,unmapped
f113r,T,sheeeky,unmapped
f113r,T,otar,reflux
f113r,T,qchar,reflux
f113r,T,tar,reflux
f113r,T,shkchedy,unmapped
f113r,T,qokchd,heat
f113r,T,opy,unmapped
f113r,T,ytaiin,medium
f113r,T,okaiin,heat
f113r,T,chear,reflux
f113r,T,ckhar,reflux
f113r,T,shal,outlet
f113r,T,shckhy,unmapped
f113r,T,okain,heat
f113r,T,o,unmapped
f113r,T,ar,reflux
f113r,T,chor,reflux
f113r,T,cky,unmapped
f113r,T,chokain,unmapped
f113r,T,qoky,heat
f113r,T,shodaiin,medium
f113r,T,shkaiin,medium
f113r,T,chcthal,outlet
f113r,T,okshedy,heat
f113r,T,otal,outlet
f113r,T,okaiin,heat
f113r,T,cphoal,outlet
f113r,T,otain,unmapped
f113r,T,okaiin,heat
f113r,T,chedy,unmapped
f113r,T,qotal,heat
f113r,T,ykeeor,reflux
f113r,T,chear,reflux
f113r,T,okain,heat
f113r,T,chear,reflux
f113r,T,chockhy,unmapped
f113r,T,palshsar,reflux
f113r,T,lshdaiin,medium
f113r,T,otshsaiin,medium
f113r,T,shocfhy,unmapped
f113r,T,qopchear,heat
f113r,T,shkair,unmapped
f113r,T,qopchdy,heat
f113r,T,qoteedy,heat
f113r,T,rchedy,unmapped
f113r,T,ldy,unmapped
f113r,T,y,unmapped
f113r,T,sh,unmapped
f113r,T,s,unmapped
f113r,T,sheeo,unmapped
f113r,T,lkeeos,unmapped
f113r,T,aiin,medium
f113r,T,qokeees,heat
f113r,T,okchedy,heat
f113r,T,qotaiin,heat
f113r,T,otar,reflux
f113r,T,okar,heat
f113r,T,ockhy,unmapped
f113r,T,rchdy,unmapped
f113r,T,qosain,heat
f113r,T,dcheey,unmapped
f113r,T,sheody,unmapped
f113r,T,shedain,retain
f113r,T,tshedy,unmapped
f113r,T,qokaiin,heat
f113r,T,shedar,retain
f113r,T,sheocphy,unmapped
f113r,T,okchdy,heat
f113r,T,pcheody,unmapped
f113r,T,opchear,reflux
f113r,T,opchedy,unmapped
f113r,T,lfchedy,unmapped
f113r,T,otal,outlet
f113r,T,daiin,medium
f113r,T,sheor,reflux
f113r,T,qoteey,heat
f113r,T,daiin,medium
f113r,T,okchedy,heat
f113r,T,sheos,unmapped
f113r,T,aiin,medium
f113r,T,pcheockhy,unmapped
f113r,T,l,unmapped
f113r,T,kchey,unmapped
f113r,T,qofsheeey,heat
f113r,T,lkeody,unmapped
f113r,T,kcheodaiin,medium
f113r,T,por,reflux
f113r,T,shed,retain
f113r,T,qopoeey,heat
f113r,T,pokeey,unmapped
f113r,T,rair,unmapped
f113r,T,aly,unmapped
f113r,T,tarar,reflux
f113r,T,cheey,unmapped
f113r,T,cheokeol,outlet
f113r,T,chcheey,unmapped
f113r,T,cthes,unmapped
f113r,T,aiin,medium
f113r,T,ctheey,unmapped
f113r,T,ctharad,unmapped
f113r,T,shee,unmapped
f113r,T,qo,heat
f113r,T,tchey,unmapped
f113r,T,taram,drain
f113r,T,dsheo,unmapped
f113r,T,oin,unmapped
f113r,T,okaiin,heat
f113r,T,cheey,unmapped
f113r,T,taiin,medium
f113r,T,lkeechey,unmapped
f113r,T,okain,heat
f113r,T,sheey,unmapped
f113r,T,qoees,heat
f113r,T,okeeody,heat
f113r,T,pcheodaiin,medium
f113r,T,sholkeechy,unmapped
f113r,T,ar,reflux
f113r,T,alkar,reflux
f113r,T,otchedy,unmapped
f113r,T,cheol,outlet
f113r,T,tcheor,reflux
f113r,T,qokchedy,heat
f113r,T,pchor,reflux
f113r,T,aral,outlet
f113r,T,ykcheor,reflux
f113r,T,sheeod,unmapped
f113r,T,lkar,reflux
f113r,T,ar,reflux
f113r,T,al,outlet
f113r,T,s,unmapped
f113r,T,aiin,medium
f113r,T,cheeey,unmapped
f113r,T,ol,outlet
f113r,T,chedy,unmapped
f113r,T,lchey,unmapped
f113r,T,lkar,reflux
f113r,T,am,drain
f113r,T,chedam,drain
f113r,T,cheeky,unmapped
f113r,T,lkedy,unmapped
f113r,T,chedy,unmapped
f113r,T,lkaiin,medium
f113r,T,tchodairos,unmapped
f113r,T,or,reflux
f113r,T,chey,unmapped
f113r,T,qotaiin,heat
f113r,T,opchey,unmapped
f113r,T,chtaiir,unmapped
f113r,T,shedy,retain
f113r,T,qotor,heat
f113r,T,sheol,outlet
f113r,T,qotody,heat
f113r,T,tedy,unmapped
f113r,T,oaiin,medium
f113r,T,cheokeeas,unmapped
f113r,T,lkaiin,medium
f113r,T,chkal,outlet
f113r,T,kar,reflux
f113r,T,cheeody,unmapped
f113r,T,qokeeody,heat
f113r,T,qokeey,heat
f113r,T,chos,unmapped
f113r,T,araiinol,outlet
f113r,T,y,unmapped
f113r,T,sheol,outlet
f113r,T,keechey,unmapped
f113r,T,cholkeedy,unmapped
f113r,T,qokaiin,heat
f113r,T,chedal,outlet
f113r,T,l,unmapped
f113r,T,kches,unmapped
f113r,T,ar,reflux
f113r,T,okain,heat
f113r,T,qokaiin,heat
f113r,T,oram,drain
f113r,T,tcho,unmapped
f113r,T,arorshy,unmapped
f113r,T,qokaiin,heat
f113r,T,shey,unmapped
f113r,T,chy,unmapped
f113r,T,sheolkchy,unmapped
f113r,T,qokeol,heat
f113r,T,kaiin,medium
f113r,T,checkhy,unmapped
f113r,T,ralchs,unmapped
f113r,T,sain,unmapped
f113r,T,cheeey,unmapped
f113r,T,cheo,unmapped
f113r,T,kcheey,unmapped
f113r,T,qokeey,heat
f113r,T,lkeeey,unmapped
f113r,T,okeeey,heat
f113r,T,lkchey,unmapped
f113r,T,lcho,unmapped
f113r,T,r,unmapped
f113r,T,aiin,medium
f113r,T,otain,unmapped
f113r,T,al,outlet
f113r,T,tchedy,unmapped
f113r,T,okeey,heat
f113r,T,cheeos,unmapped
f113r,T,lkaiin,medium
f113r,T,chey,unmapped
f113r,T,otain,unmapped
f113r,T,cheeody,unmapped
f113r,T,qokeeody,heat
f113r,T,okaiin,heat
f113r,T,oteedy,unmapped
f113r,T,ykeeol,outlet
f113r,T,qokaiin,heat
f113r,T,olkal,outlet
f113r,T,airody,unmapped
f113r,T,okaiin,heat
f113r,T,okalal,heat
f113r,T,loary,unmapped
f113v,T,folorarom,unmapped
f113v,T,otchey,unmapped
f113v,T,qotar,heat
f113v,T,air,unmapped
f113v,T,otair,unmapped
f113v,T,opchedy,unmapped
f113v,T,qokeedody,heat
f113v,T,chey,unmapped
f113v,T,keeoy,unmapped
f113v,T,rol,outlet
f113v,T,lkar,reflux
f113v,T,chsom,unmapped
f113v,T,oky,heat
f113v,T,teoar,reflux
f113v,T,ain,unmapped
f113v,T,qotar,heat
f113v,T,ycheey,unmapped
f113v,T,otaiir,unmapped
f113v,T,otaiin,medium
f113v,T,okchy,heat
f113v,T,lkchdy,unmapped
f113v,T,oteol,outlet
f113v,T,ar,reflux
f113v,T,al,outlet
f113v,T,ar,reflux
f113v,T,aiin,medium
f113v,T,okal,heat
f113v,T,cheyor,reflux
f113v,T,sar,reflux
f113v,T,aiin,medium
f113v,T,chotar,reflux
f113v,T,okeeodar,heat
f113v,T,qokain,heat
f113v,T,olol,outlet
f113v,T,olam,drain
f113v,T,fchoctheody,unmapped
f113v,T,keeodar,reflux
f113v,T,oteedy,unmapped
f113v,T,rchedy,unmapped
f113v,T,qokechy,heat
f113v,T,otcher,unmapped
f113v,T,oparaiin,medium
f113v,T,oteody,unmapped
f113v,T,otaiin,medium
f113v,T,otl,unmapped
f113v,T,aroshy,unmapped
f113v,T,dcheos,unmapped
f113v,T,otaiin,medium
f113v,T,otedy,unmapped
f113v,T,otodaiin,medium
f113v,T,qokeey,heat
f113v,T,rcheey,unmapped
f113v,T,qoeear,heat
f113v,T,oteedy,unmapped
f113v,T,qokeedy,heat
f113v,T,otedar,reflux
f113v,T,ar,reflux
f113v,T,ot,unmapped
f113v,T,otees,unmapped
f113v,T,al,outlet
f113v,T,tcheolchy,unmapped
f113v,T,lcheol,outlet
f113v,T,chockhy,unmapped
f113v,T,cheodadaiin,medium
f113v,T,fcheshd,unmapped
f113v,T,teody,unmapped
f113v,T,lkeeody,unmapped
f113v,T,oteedy,unmapped
f113v,T,lchealaim,unmapped
f113v,T,shockhol,outlet
f113v,T,opchedy,unmapped
f113v,T,qotaiin,heat
f113v,T,otar,reflux
f113v,T,ar,reflux
f113v,T,al,outlet
f113v,T,oteal,outlet
f113v,T,ycheody,unmapped
f113v,T,qokeeor,heat
f113v,T,choltar,reflux
f113v,T,olkam,drain
f113v,T,chokam,drain
f113v,T,odal,outlet
f113v,T,sheckhy,unmapped
f113v,T,qokchedy,heat
f113v,T,otor,reflux
f113v,T,otar,reflux
f113v,T,toky,unmapped
f113v,T,dair,unmapped
f113v,T,ar,reflux
f113v,T,okaiin,heat
f113v,T,chokaiin,medium
f113v,T,checkhol,outlet
f113v,T,cholkaiin,medium
f113v,T,olchy,unmapped
f113v,T,polaiin,medium
f113v,T,oteol,outlet
f113v,T,otedyar,reflux
f113v,T,aral,outlet
f113v,T,kedy,unmapped
f113v,T,qokeedy,heat
f113v,T,olar,reflux
f113v,T,aiin,medium
f113v,T,kchey,unmapped
f113v,T,dal,outlet
f113v,T,otor,reflux
f113v,T,ar,reflux
f113v,T,opchey,unmapped
f113v,T,ro,unmapped
f113v,T,orsheor,reflux
f113v,T,oteeo,unmapped
f113v,T,cheey,unmapped
f113v,T,olkeey,unmapped
f113v,T,otal,outlet
f113v,T,chotair,unmapped
f113v,T,otar,reflux
f113v,T,qotar,heat
f113v,T,okar,heat
f113v,T,oko,heat
f113v,T,lkedal,outlet
f113v,T,ram,drain
f113v,T,solchedy,unmapped
f113v,T,otsheody,unmapped
f113v,T,arl,unmapped
f113v,T,olchey,unmapped
f113v,T,oror,reflux
f113v,T,poraiin,medium
f113v,T,otar,reflux
f113v,T,ar,reflux
f113v,T,okol,heat
f113v,T,shedy,retain
f113v,T,qokchedy,heat
f113v,T,otchdy,unmapped
f113v,T,qotor,heat
f113v,T,qoteedar,heat
f113v,T,roral,outlet
f113v,T,fchee,unmapped
f113v,T,llor,reflux
f113v,T,dar,reflux
f113v,T,al,outlet
f113v,T,sheey,unmapped
f113v,T,qotaiin,heat
f113v,T,chor,reflux
f113v,T,cthol,outlet
f113v,T,okeshos,heat
f113v,T,olchedy,unmapped
f113v,T,qokaiin,heat
f113v,T,okal,heat
f113v,T,o,unmapped
f113v,T,kaiin,medium
f113v,T,olo,unmapped
f113v,T,ar,reflux
f113v,T,ar,reflux
f113v,T,okeey,heat
f113v,T,oeky,unmapped
f113v,T,otcheedaiin,medium
f113v,T,ol,outlet
f113v,T,tchdy,unmapped
f113v,T,pcheol,outlet
f113v,T,kcheor,reflux
f113v,T,aiin,medium
f113v,T,cheey,unmapped
f113v,T,qokaram,drain
f113v,T,daiin,medium
f113v,T,chl,unmapped
f113v,T,l,unmapped
f113v,T,keey,unmapped
f113v,T,lkaiin,medium
f113v,T,chdain,unmapped
f113v,T,qokain,heat
f113v,T,eor,reflux
f113v,T,okalchedy,heat
f113v,T,qokar,heat
f113v,T,olkam,drain
f113v,T,ar,reflux
f113v,T,saraiin,medium
f113v,T,shedy,retain
f113v,T,lcheey,unmapped
f113v,T,olkar,reflux
f113v,T,okaiin,heat
f113v,T,cthororaiin,medium
f113v,T,yteeeor,reflux
f113v,T,pychdar,reflux
f113v,T,chckhedy,unmapped
f113v,T,otshedy,unmapped
f113v,T,tcheepchey,unmapped
f113v,T,lky,unmapped
f113v,T,lkches,unmapped
f113v,T,qokody,heat
f113v,T,lkeshdy,unmapped
f113v,T,fchocthor,reflux
f113v,T,opam,drain
f113v,T,daiin,medium
f113v,T,qokeeody,heat
f113v,T,qokar,heat
f113v,T,okaiin,heat
f113v,T,qokaiin,heat
f113v,T,okar,heat
f113v,T,checthy,unmapped
f113v,T,okal,heat
f113v,T,ched,unmapped
f113v,T,lchal,outlet
f113v,T,qckham,drain
f113v,T,lkaiin,medium
f113v,T,chy,unmapped
f113v,T,chody,unmapped
f113v,T,otchar,reflux
f113v,T,ar,reflux
f113v,T,otary,unmapped
f113v,T,ol,outlet
f113v,T,aiin,medium
f113v,T,polaiin,medium
f113v,T,otar,reflux
f113v,T,qotain,heat
f113v,T,chtol,outlet
f113v,T,tarol,outlet
f113v,T,cheol,outlet
f113v,T,kaiin,medium
f113v,T,chp,unmapped
f113v,T,kcheos,unmapped
f113v,T,okar,heat
f113v,T,aar,reflux
f113v,T,lo,unmapped
f113v,T,okaiin,heat
f113v,T,okaiin,heat
f113v,T,cheeky,unmapped
f113v,T,raiin,medium
f113v,T,olal,outlet
f113v,T,okaiin,heat
f113v,T,cheody,unmapped
f113v,T,okaiin,heat
f113v,T,okaiin,heat
f113v,T,otar,reflux
f113v,T,aly,unmapped
f113v,T,ykaiin,medium
f113v,T,al,outlet
f113v,T,kar,reflux
f113v,T,okain,heat
f113v,T,qokaiin,heat
f113v,T,chakair,unmapped
f113v,T,okar,heat
f113v,T,al,outlet
f113v,T,cheody,unmapped
f113v,T,qokor,heat
f113v,T,otal,outlet
f113v,T,lkl,unmapped
f113v,T,lol,outlet
f113v,T,olkeey,unmapped
f113v,T,lcheey,unmapped
f113v,T,loar,reflux
f113v,T,cheos,unmapped
f113v,T,tokary,unmapped
f113v,T,lkchey,unmapped
f113v,T,lkeedy,unmapped
f113v,T,otey,unmapped
f113v,T,pcheol,outlet
f113v,T,qopchey,heat
f113v,T,cthol,outlet
f113v,T,opaiin,medium
f113v,T,ol,outlet
f113v,T,keeor,reflux
f113v,T,opshedy,unmapped
f113v,T,qotam,drain
f113v,T,okiin,heat
f113v,T,al,outlet
f113v,T,keechy,unmapped
f113v,T,qoteeol,heat
f113v,T,otar,reflux
f113v,T,ar,reflux
f113v,T,otchey,unmapped
f113v,T,otaiin,medium
f113v,T,al,outlet
f113v,T,otaiin,medium
f113v,T,otol,outlet
f113v,T,qotody,heat
f113v,T,loty,unmapped
f113v,T,y,unmapped
f113v,T,cheeo,unmapped
f113v,T,l,unmapped
f113v,T,cheeo,unmapped
f113v,T,alkeedy,unmapped
f113v,T,paiir,unmapped
f113v,T,oteey,unmapped
f113v,T,l,unmapped
f113v,T,kaiin,medium
f113v,T,oox,unmapped
f113v,T,arash,unmapped
f113v,T,eey,unmapped
f113v,T,cphedy,unmapped
f113v,T,opcheody,unmapped
f113v,T,okalchdy,heat
f113v,T,qotol,heat
f113v,T,oky,heat
f113v,T,ykeeol,outlet
f113v,T,chedy,unmapped
f113v,T,qokeey,heat
f113v,T,olkeeey,unmapped
f113v,T,okaiin,heat
f113v,T,a,unmapped
f113v,T,r,unmapped
f113v,T,cthey,unmapped
f113v,T,okaiin,heat
f113v,T,al,outlet
f113v,T,lor,reflux
f113v,T,air,unmapped
f113v,T,aralg,unmapped
f113v,T,ysheey,unmapped
f113v,T,qoeey,heat
f113v,T,or,reflux
f113v,T,aiiin,unmapped
f113v,T,okeeo,heat
f113v,T,l,unmapped
f113v,T,otain,unmapped
f113v,T,ar,reflux
f113v,T,ol,outlet
f113v,T,okaiiin,heat
f113v,T,aiin,medium
f113v,T,shody,unmapped
f113v,T,otcham,drain
f113v,T,daiiin,unmapped
f113v,T,cheol,outlet
f113v,T,teeoar,reflux
f113v,T,shek,unmapped
f113v,T,lchedy,unmapped
f113v,T,okaiin,heat
f113v,T,chckhaiin,medium
f113v,T,otaiin,medium
f113v,T,otaiin,medium
f113v,T,araral,outlet
f113v,T,sheo,unmapped
f113v,T,l,unmapped
f113v,T,keey,unmapped
f113v,T,qokain,heat
f113v,T,char,reflux
f113v,T,ar,reflux
f113v,T,olar,reflux
f113v,T,aiiin,unmapped
f113v,T,okar,heat
f113v,T,polsairy,unmapped
f113v,T,oteo,unmapped
f113v,T,qokeedy,heat
f113v,T,qokaiin,heat
f113v,T,okal,heat
f113v,T,qofcheol,heat
f113v,T,qokaiin,heat
f113v,T,opalor,reflux
f113v,T,lkch,unmapped
f113v,T,ofchr,unmapped
f113v,T,daiin,medium
f113v,T,cheaiin,medium
f113v,T,okchey,heat
f113v,T,cheky,unmapped
f113v,T,qokain,heat
f113v,T,otecheedy,unmapped
f113v,T,qokaiin,heat
f113v,T,chckhey,unmapped
f113v,T,chearam,drain
f113v,T,qokaiin,heat
f113v,T,air,unmapped
f113v,T,lo,unmapped
f113v,T,r,unmapped
f113v,T,chedy,unmapped
f113v,T,otain,unmapped
f113v,T,ofaral,outlet
f113v,T,olkaiin,medium
f113v,T,okar,heat
f113v,T,okeeedy,heat
f113v,T,tshedy,unmapped
f113v,T,qokeedy,heat
f113v,T,otchey,unmapped
f113v,T,p,unmapped
f113v,T,chedy,unmapped
f113v,T,tsho,unmapped
f113v,T,lteam,drain
f113v,T,qol,heat
f113v,T,aiin,medium
f113v,T,olaiin,medium
f113v,T,oteeey,unmapped
f113v,T,lchedy,unmapped
f113v,T,qokair,heat
f113v,T,y,unmapped
f113v,T,daiin,medium
f113v,T,pcholky,unmapped
f113v,T,otar,reflux
f113v,T,airol,outlet
f113v,T,okeedy,heat
f113v,T,chokor,reflux
f113v,T,sheedy,unmapped
f113v,T,oteey,unmapped
f113v,T,teear,reflux
f113v,T,otorsheey,unmapped
f113v,T,qoteal,heat
f113v,T,osheol,outlet
f113v,T,cheol,outlet
f113v,T,ar,reflux
f113v,T,aloiiin,unmapped
f113v,T,oteeey,unmapped
f113v,T,otain,unmapped
f113v,T,chekey,unmapped
f113v,T,qokain,heat
f113v,T,chcthy,unmapped
f113v,T,qotam,drain
f113v,T,lr,unmapped
f113v,T,oraiin,medium
f113v,T,cheor,reflux
f113v,T,alkain,unmapped
f113v,T,oteey,unmapped
f113v,T,ar,reflux
f113v,T,aiin,medium
f113v,T,otaiin,medium
f113v,T,okeey,heat
f113v,T,lkeeedy,unmapped
f113v,T,qo,heat
f113v,T,oeeey,unmapped
f113v,T,aiin,medium
f113v,T,dair,unmapped
f113v,T,aiin,medium
f113v,T,okain,heat
f113v,T,a,unmapped
f113v,T,r,unmapped
f113v,T,aiin,medium
f113v,T,cheody,unmapped
f113v,T,pol,outlet
f113v,T,keeo,unmapped
f113v,T,dy,unmapped
f113v,T,qoeees,heat
f113v,T,aiin,medium
f113v,T,or,reflux
f113v,T,aiin,medium
f113v,T,oteol,outlet
f113v,T,fchedy,unmapped
f113v,T,otchey,unmapped
f113v,T,dar,reflux
f113v,T,otakeol,outlet
f113v,T,ol,outlet
f113v,T,ycheo,unmapped
f113v,T,l,unmapped
f113v,T,keey,unmapped
f113v,T,lkeees,unmapped
f113v,T,or,reflux
f113v,T,aiin,medium
f113v,T,otaiin,medium
f113v,T,chkain,unmapped
f113v,T,olar,reflux
f113v,T,olchedy,unmapped
f113v,T,qok,heat
f113v,T,aiinos,unmapped
f113v,T,daiin,medium
f113v,T,cheal,outlet
f113v,T,otain,unmapped
f113v,T,okar,heat
f113v,T,otaiin,medium
f113v,T,oloiin,unmapped
f113v,T,polaiin,medium
f113v,T,arol,outlet
f113v,T,shear,reflux
f113v,T,okeeeody,heat
f113v,T,ls,unmapped
f113v,T,ar,reflux
f113v,T,lkeey,unmapped
f113v,T,opchedy,unmapped
f113v,T,qokchdy,heat
f113v,T,ota,unmapped
f113v,T,aram,drain
f113v,T,o,unmapped
f113v,T,lkaiin,medium
f113v,T,cheey,unmapped
f113v,T,lain,unmapped
f113v,T,al,outlet
f113v,T,cheey,unmapped
f113v,T,polaiin,medium
f113v,T,ksheeol,outlet
f113v,T,lkaiin,medium
f113v,T,tair,unmapped
f113v,T,shey,unmapped
f113v,T,qotain,heat
f113v,T,ar,reflux
f113v,T,akal,outlet
f113v,T,shey,unmapped
f113v,T,qopchedy,heat
f113v,T,ldy,unmapped
f113v,T,y,unmapped
f113v,T,cheol,outlet
f113v,T,cheey,unmapped
f113v,T,qol,heat
f113v,T,lsheedy,unmapped
f113v,T,qokaiin,heat
f113v,T,chedy,unmapped
f113v,T,kain,unmapped
f113v,T,qokeeedy,heat
f113v,T,lkaiin,medium
f113v,T,okal,heat
f113v,T,dy,unmapped
f113v,T,yshey,unmapped
f113v,T,teeo,unmapped
f113v,T,oteedy,unmapped
f113v,T,qokeey,heat
f113v,T,otaiin,medium
f113v,T,olaiin,medium
f113v,T,cheokain,unmapped
f113v,T,lkeey,unmapped
f113v,T,ltal,outlet
f113v,T,keedy,unmapped
f114r,T,tchedol,outlet
f114r,T,dairor,reflux
f114r,T,pcheos,unmapped
f114r,T,ytaiin,medium
f114r,T,otody,unmapped
f114r,T,yteeed,unmapped
f114r,T,oteeodl,unmapped
f114r,T,oaiin,medium
f114r,T,okarol,heat
f114r,T,deedar,reflux
f114r,T,qoteeddy,heat
f114r,T,dair,unmapped
f114r,T,o,unmapped
f114r,T,kedy,unmapped
f114r,T,okoeey,heat
f114r,T,r,unmapped
f114r,T,aiin,medium
f114r,T,oor,reflux
f114r,T,cheed,unmapped
f114r,T,ol,outlet
f114r,T,keeed,unmapped
f114r,T,lkeeedam,drain
f114r,T,ycheod,unmapped
f114r,T,fdeechdy,unmapped
f114r,T,opchedaiin,medium
f114r,T,ypchedy,unmapped
f114r,T,odaly,unmapped
f114r,T,chedy,unmapped
f114r,T,qop,heat
f114r,T,cheokaiin,medium
f114r,T,shedy,retain
f114r,T,podair,unmapped
f114r,T,ochedal,outlet
f114r,T,loiin,unmapped
f114r,T,chedy,unmapped
f114r,T,qokaiin,heat
f114r,T,chdy,unmapped
f114r,T,daiin,medium
f114r,T,dchds,unmapped
f114r,T,eedol,outlet
f114r,T,chdol,outlet
f114r,T,kchedy,unmapped
f114r,T,cho,unmapped
f114r,T,kaiin,medium
f114r,T,chdy,unmapped
f114r,T,qoeedy,heat
f114r,T,okchedy,heat
f114r,T,doiiin,unmapped
f114r,T,chedy,unmapped
f114r,T,daiin,medium
f114r,T,ykeedy,unmapped
f114r,T,okeeedy,heat
f114r,T,chedol,outlet
f114r,T,chdaiin,medium
f114r,T,ykar,reflux
f114r,T,dary,unmapped
f114r,T,cheol,outlet
f114r,T,dchedy,unmapped
f114r,T,dkchs,unmapped
f114r,T,aiin,medium
f114r,T,chdedy,unmapped
f114r,T,qodaiin,heat
f114r,T,okchedaiin,heat
f114r,T,chain,unmapped
f114r,T,fchey,unmapped
f114r,T,dam,drain
f114r,T,okchedam,drain
f114r,T,qokeedaiin,heat
f114r,T,otairar,reflux
f114r,T,okchedy,heat
f114r,T,otaiin,medium
f114r,T,opcheol,outlet
f114r,T,ofchedaiir,unmapped
f114r,T,ocphy,unmapped
f114r,T,dcheod,unmapped
f114r,T,qodaiin,heat
f114r,T,daiin,medium
f114r,T,chey,unmapped
f114r,T,kal,outlet
f114r,T,dody,unmapped
f114r,T,chdairod,unmapped
f114r,T,okchdy,heat
f114r,T,chody,unmapped
f114r,T,daiin,medium
f114r,T,dar,reflux
f114r,T,oarorold,unmapped
f114r,T,qokeedy,heat
f114r,T,chdodaiin,medium
f114r,T,qoedeey,heat
f114r,T,chdaiin,medium
f114r,T,chedalos,unmapped
f114r,T,dalchy,unmapped
f114r,T,kolky,unmapped
f114r,T,qoedaiin,heat
f114r,T,dolor,reflux
f114r,T,shedy,retain
f114r,T,qokchdy,heat
f114r,T,ofchedy,unmapped
f114r,T,tolpchy,unmapped
f114r,T,doiiin,unmapped
f114r,T,chocfhdy,unmapped
f114r,T,opailo,unmapped
f114r,T,ykcheshd,unmapped
f114r,T,ol,outlet
f114r,T,air,unmapped
f114r,T,okaiin,heat
f114r,T,otedy,unmapped
f114r,T,ykeeey,unmapped
f114r,T,teos,unmapped
f114r,T,lair,unmapped
f114r,T,sheod,unmapped
f114r,T,chody,unmapped
f114r,T,otchedair,unmapped
f114r,T,okam,drain
f114r,T,qokchedy,heat
f114r,T,daiin,medium
f114r,T,octhdy,unmapped
f114r,T,solpchd,unmapped
f114r,T,oiin,unmapped
f114r,T,chcthdy,unmapped
f114r,T,qodair,heat
f114r,T,ol,outlet
f114r,T,daldy,unmapped
f114r,T,qopdain,heat
f114r,T,opdaiin,medium
f114r,T,opdairody,unmapped
f114r,T,opdaildo,unmapped
f114r,T,ary,unmapped
f114r,T,qoedy,heat
f114r,T,otair,unmapped
f114r,T,otar,reflux
f114r,T,okod,heat
f114r,T,chodar,reflux
f114r,T,y,unmapped
f114r,T,dal,outlet
f114r,T,oeedy,unmapped
f114r,T,qokolkchdy,heat
f114r,T,dalol,outlet
f114r,T,y,unmapped
f114r,T,qokaiin,heat
f114r,T,ched,unmapped
f114r,T,al,outlet
f114r,T,cheoal,outlet
f114r,T,sheedo,unmapped
f114r,T,l,unmapped
f114r,T,kol,outlet
f114r,T,dair,unmapped
f114r,T,dair,unmapped
f114r,T,chdair,unmapped
f114r,T,cheoty,unmapped
f114r,T,otal,outlet
f114r,T,cheo,unmapped
f114r,T,dair,unmapped
f114r,T,chekar,reflux
f114r,T,otol,outlet
f114r,T,chedy,unmapped
f114r,T,qokeedain,heat
f114r,T,cheedy,unmapped
f114r,T,qokey,heat
f114r,T,qokeeodaiin,heat
f114r,T,daiin,medium
f114r,T,oeted,unmapped
f114r,T,akaiin,medium
f114r,T,otchedy,unmapped
f114r,T,qokchedy,heat
f114r,T,chckhd,unmapped
f114r,T,lcheos,unmapped
f114r,T,okar,heat
f114r,T,y,unmapped
f114r,T,cheodeeey,unmapped
f114r,T,qoeeody,heat
f114r,T,qodaiin,heat
f114r,T,daildain,unmapped
f114r,T,pairody,unmapped
f114r,T,shedar,retain
f114r,T,qopchdy,heat
f114r,T,dchedy,unmapped
f114r,T,dol,outlet
f114r,T,qopchedy,heat
f114r,T,daiin,medium
f114r,T,ofchedaiin,medium
f114r,T,chodaiin,medium
f114r,T,opair,unmapped
f114r,T,dar,reflux
f114r,T,oty,unmapped
f114r,T,sair,unmapped
f114r,T,chedaiin,medium
f114r,T,dalchdy,unmapped
f114r,T,daiidy,unmapped
f114r,T,olchedy,unmapped
f114r,T,chedaiin,medium
f114r,T,oteedy,unmapped
f114r,T,qoted,heat
f114r,T,aiin,medium
f114r,T,otar,reflux
f114r,T,otedy,unmapped
f114r,T,do,unmapped
f114r,T,rol,outlet
f114r,T,lcheey,unmapped
f114r,T,lchedo,unmapped
f114r,T,lcheo,unmapped
f114r,T,dkair,unmapped
f114r,T,tchedair,unmapped
f114r,T,shodaiin,medium
f114r,T,dair,unmapped
f114r,T,kchedy,unmapped
f114r,T,qopchdy,heat
f114r,T,chdy,unmapped
f114r,T,pdaiin,medium
f114r,T,qokair,heat
f114r,T,olchdy,unmapped
f114r,T,rodeedy,unmapped
f114r,T,qedy,unmapped
f114r,T,or,reflux
f114r,T,cheo,unmapped
f114r,T,al,outlet
f114r,T,taiin,medium
f114r,T,qokedaiin,heat
f114r,T,oeain,unmapped
f114r,T,al,outlet
f114r,T,s,unmapped
f114r,T,ain,unmapped
f114r,T,ches,unmapped
f114r,T,tchedaiin,medium
f114r,T,oldal,outlet
f114r,T,chor,reflux
f114r,T,chpcheey,unmapped
f114r,T,chcphey,unmapped
f114r,T,cphochy,unmapped
f114r,T,chos,unmapped
f114r,T,aiir,unmapped
f114r,T,chty,unmapped
f114r,T,chopo,unmapped
f114r,T,sair,unmapped
f114r,T,cphy,unmapped
f114r,T,dair,unmapped
f114r,T,oaiil,unmapped
f114r,T,chey,unmapped
f114r,T,qokeedy,heat
f114r,T,chedy,unmapped
f114r,T,qoeey,heat
f114r,T,qokodaiin,heat
f114r,T,cheey,unmapped
f114r,T,kais,unmapped
f114r,T,aiy,unmapped
f114r,T,okol,heat
f114r,T,aiir,unmapped
f114r,T,otair,unmapped
f114r,T,or,reflux
f114r,T,airy,unmapped
f114r,T,ycheeodaiin,medium
f114r,T,olkaiir,unmapped
f114r,T,qokaiin,heat
f114r,T,chodaiin,medium
f114r,T,okar,heat
f114r,T,olkaiin,medium
f114r,T,okaiin,heat
f114r,T,cheody,unmapped
f114r,T,airoy,unmapped
f114r,T,olam,drain
f114r,T,cheeo,unmapped
f114r,T,daiin,medium
f114r,T,sheedy,unmapped
f114r,T,qodaiin,heat
f114r,T,ksam,drain
f114r,T,chodal,outlet
f114r,T,olchedy,unmapped
f114r,T,pchedairs,unmapped
f114r,T,oeail,unmapped
f114r,T,chotar,reflux
f114r,T,qokeedair,heat
f114r,T,olkaiin,medium
f114r,T,opdaiin,medium
f114r,T,otoldair,unmapped
f114r,T,chdy,unmapped
f114r,T,tedair,unmapped
f114r,T,aiir,unmapped
f114r,T,aim,unmapped
f114r,T,chol,outlet
f114r,T,oeedy,unmapped
f114r,T,keedy,unmapped
f114r,T,cheey,unmapped
f114r,T,cheodeey,unmapped
f114r,T,keedeedy,unmapped
f114r,T,daiiin,unmapped
f114r,T,ald,unmapped
f114r,T,air,unmapped
f114r,T,ar,reflux
f114r,T,shol,outlet
f114r,T,chedy,unmapped
f114r,T,otchedy,unmapped
f114r,T,qoty,heat
f114r,T,y,unmapped
f114r,T,chedar,reflux
f114r,T,okeedy,heat
f114r,T,lkeedy,unmapped
f114r,T,aiin,medium
f114r,T,oeedaiin,medium
f114r,T,qoaiin,heat
f114r,T,ykedy,unmapped
f114r,T,okair,heat
f114r,T,olkeedy,unmapped
f114r,T,qoain,heat
f114r,T,ain,unmapped
f114r,T,okeey,heat
f114r,T,ram,drain
f114r,T,sair,unmapped
f114r,T,aiin,medium
f114r,T,cheedain,unmapped
f114r,T,okaiin,heat
f114r,T,otedy,unmapped
f114r,T,qokeedain,heat
f114r,T,orain,unmapped
f114r,T,tcheodaiin,medium
f114r,T,chaiin,medium
f114r,T,qokaiin,heat
f114r,T,otaiin,medium
f114r,T,otalkain,unmapped
f114r,T,otchedain,unmapped
f114r,T,qotcho,heat
f114r,T,chdy,unmapped
f114r,T,dair,unmapped
f114r,T,qotar,heat
f114r,T,daiin,medium
f114r,T,oteed,unmapped
f114r,T,aiin,medium
f114r,T,saiin,medium
f114r,T,yteey,unmapped
f114r,T,aiin,medium
f114r,T,al,outlet
f114r,T,odaiin,medium
f114r,T,chedal,outlet
f114r,T,odaiis,unmapped
f114r,T,aiin,medium
f114r,T,cheo,unmapped
f114r,T,dal,outlet
f114r,T,chedy,unmapped
f114r,T,ytain,unmapped
f114r,T,o,unmapped
f114r,T,l,unmapped
f114r,T,kaiin,medium
f114r,T,y,unmapped
f114r,T,kar,reflux
f114r,T,chdar,reflux
f114r,T,alkam,drain
f114r,T,pcheos,unmapped
f114r,T,air,unmapped
f114r,T,oy,unmapped
f114r,T,sheo,unmapped
f114r,T,qok:chey,heat
f114r,T,sheekas,unmapped
f114r,T,oar,reflux
f114r,T,ytched,unmapped
f114r,T,lked,unmapped
f114r,T,o,unmapped
f114r,T,kchdar,reflux
f114r,T,otal,outlet
f114r,T,kar,reflux
f114r,T,ychedar,reflux
f114r,T,ady,unmapped
f114r,T,otar,reflux
f114r,T,ain,unmapped
f114r,T,ykeodaiin,medium
f114r,T,qoeedaiin,heat
f114r,T,qokal,heat
f114r,T,sain,unmapped
f114r,T,otchedy,unmapped
f114r,T,qokar,heat
f114r,T,odar,reflux
f114r,T,or,reflux
f114r,T,aiin,medium
f114r,T,otshedy,unmapped
f114r,T,okaiin,heat
f114r,T,yky,unmapped
f114r,T,ols,unmapped
f114r,T,ol,outlet
f114r,T,kaiin,medium
f114r,T,chees,unmapped
f114r,T,air,unmapped
f114r,T,qotaiin,heat
f114r,T,chedaiiin,unmapped
f114r,T,qoeedy,heat
f114r,T,qokchedy,heat
f114r,T,cheey,unmapped
f114r,T,raiin,medium
f114r,T,ar,reflux
f114r,T,ain,unmapped
f114r,T,aiin,medium
f114r,T,al,outlet
f114r,T,chol,outlet
f114r,T,todaiin,medium
f114r,T,cheoltchedaiin,medium
f114r,T,daiin,medium
f114r,T,okar,heat
f114r,T,qoeedain,heat
f114r,T,qcho,unmapped
f114r,T,oeda,unmapped
f114r,T,opchedy,unmapped
f114r,T,qetchar,reflux
f114r,T,yteedy,unmapped
f114r,T,qotey,heat
f114r,T,qoedaiin,heat
f114r,T,qokchedy,heat
f114r,T,teedy,unmapped
f114r,T,qoteeedy,heat
f114r,T,qotar,heat
f114r,T,otees,unmapped
f114r,T,chos,unmapped
f114r,T,otchdy,unmapped
f114r,T,oshey,unmapped
f114r,T,daiin,medium
f114r,T,sheody,unmapped
f114r,T,qoty,heat
f114r,T,cheey,unmapped
f114r,T,taiin,medium
f114r,T,qokaiin,heat
f114r,T,qokeeedy,heat
f114r,T,oqotaiiin,unmapped
f114r,T,o,unmapped
f114r,T,qoeeosain,heat
f114r,T,poedair,unmapped
f114r,T,qotol,heat
f114r,T,qodaiin,heat
f114r,T,otaiin,medium
f114r,T,qotar,heat
f114r,T,qotchey,heat
f114r,T,qotaiin,heat
f114r,T,cheopy,unmapped
f114r,T,qopaiin,heat
f114r,T,cheody,unmapped
f114r,T,ycheedy,unmapped
f114r,T,qoodaiin,heat
f114r,T,daiiral,outlet
f114r,T,chedal,outlet
f114r,T,chos,unmapped
f114r,T,oral,outlet
f114r,T,tedy,unmapped
f114r,T,qotchdy,heat
f114r,T,qotar,heat
f114r,T,cheo,unmapped
f114r,T,dain,unmapped
f114r,T,ydaiin,medium
f114r,T,chedy,unmapped
f114r,T,qoal,heat
f114r,T,cheey,unmapped
f114r,T,qokair,heat
f114r,T,okeedy,heat
f114r,T,chotal,outlet
f114r,T,chol,outlet
f114r,T,okain,heat
f114r,T,ar,reflux
f114r,T,da,unmapped
f114r,T,opaiin,medium
f114r,T,dain,unmapped
f114r,T,ched,unmapped
f114r,T,chodaiin,medium
f114r,T,otain,unmapped
f114r,T,chdar,reflux
f114r,T,chedy,unmapped
f114r,T,chocthy,unmapped
f114v,T,pchdol,outlet
f114v,T,dar,reflux
f114v,T,chedain,unmapped
f114v,T,chodalr,unmapped
f114v,T,fcheey,unmapped
f114v,T,dchedy,unmapped
f114v,T,qocphdy,heat
f114v,T,otdady,unmapped
f114v,T,qotedar,heat
f114v,T,daiin,medium
f114v,T,dshedal,outlet
f114v,T,qoteody,heat
f114v,T,choddy,unmapped
f114v,T,otol,outlet
f114v,T,chedal,outlet
f114v,T,otain,unmapped
f114v,T,chedol,outlet
f114v,T,chedain,unmapped
f114v,T,shedy,retain
f114v,T,qotched,heat
f114v,T,dl,unmapped
f114v,T,oeos,unmapped
f114v,T,qotcheo,heat
f114v,T,odain,unmapped
f114v,T,qotain,heat
f114v,T,otar,reflux
f114v,T,qotchd,heat
f114v,T,dol,outlet
f114v,T,qotchedy,heat
f114v,T,choty,unmapped
f114v,T,ol,outlet
f114v,T,lchdaiin,medium
f114v,T,dal,outlet
f114v,T,qokedy,heat
f114v,T,cheocthedy,unmapped
f114v,T,qoted,heat
f114v,T,qotedol,heat
f114v,T,chedar,reflux
f114v,T,qotedy,heat
f114v,T,okeedy,heat
f114v,T,daiin,medium
f114v,T,chedaiin,medium
f114v,T,oky,heat
f114v,T,chedy,unmapped
f114v,T,qokeedy,heat
f114v,T,okaly,heat
f114v,T,cheedain,unmapped
f114v,T,shedy,retain
f114v,T,tedcheo,unmapped
f114v,T,cheo,unmapped
f114v,T,cthedy,unmapped
f114v,T,qotchedy,heat
f114v,T,qotaiin,heat
f114v,T,opchedy,unmapped
f114v,T,shedy,retain
f114v,T,qepoepy,unmapped
f114v,T,chedar,reflux
f114v,T,dairy,unmapped
f114v,T,ytedshedy,unmapped
f114v,T,otaiin,medium
f114v,T,cheedar,reflux
f114v,T,cheey,unmapped
f114v,T,s,unmapped
f114v,T,aiin,medium
f114v,T,chedky,unmapped
f114v,T,chedaiin,medium
f114v,T,shod,unmapped
f114v,T,chokchedy,unmapped
f114v,T,pchedchdy,unmapped
f114v,T,qoteedy,heat
f114v,T,qokedain,heat
f114v,T,chdaiin,medium
f114v,T,qokedy,heat
f114v,T,chedain,unmapped
f114v,T,qoeedy,heat
f114v,T,qotey,heat
f114v,T,qotaiin,heat
f114v,T,soes,unmapped
f114v,T,oeeos,unmapped
f114v,T,aiin,medium
f114v,T,olkeey,unmapped
f114v,T,keol,outlet
f114v,T,qotcheedy,heat
f114v,T,qockhed,heat
f114v,T,skaiin,medium
f114v,T,sheedy,unmapped
f114v,T,qotal,heat
f114v,T,chedy,unmapped
f114v,T,olkees,unmapped
f114v,T,chedaiin,medium
f114v,T,qotaiin,heat
f114v,T,olchedaiin,medium
f114v,T,chedain,unmapped
f114v,T,dain,unmapped
f114v,T,chcthdy,unmapped
f114v,T,tchedy,unmapped
f114v,T,qotaiin,heat
f114v,T,chdy,unmapped
f114v,T,qotedy,heat
f114v,T,tedaiin,medium
f114v,T,chepched,unmapped
f114v,T,otol,outlet
f114v,T,shedain,retain
f114v,T,pol,outlet
f114v,T,otam,drain
f114v,T,ochedy,unmapped
f114v,T,choaiin,medium
f114v,T,ch,unmapped
f114v,T,chedal,outlet
f114v,T,daiin,medium
f114v,T,ytar,reflux
f114v,T,otchedy,unmapped
f114v,T,qotaiin,heat
f114v,T,dain,unmapped
f114v,T,dar,reflux
f114v,T,yog,unmapped
f114v,T,sheedy,unmapped
f114v,T,qoteeo,heat
f114v,T,s,unmapped
f114v,T,oiiin,unmapped
f114v,T,chcthain,unmapped
f114v,T,tsheodar,reflux
f114v,T,cheo,unmapped
f114v,T,ckhor,reflux
f114v,T,qopchedy,heat
f114v,T,qopchedy,heat
f114v,T,qokchedy,heat
f114v,T,shody,unmapped
f114v,T,qotaiin,heat
f114v,T,ofcheds,unmapped
f114v,T,ochedain,unmapped
f114v,T,chedy,unmapped
f114v,T,okal,heat
f114v,T,chaiin,medium
f114v,T,qokod,heat
f114v,T,qokol,heat
f114v,T,cheedy,unmapped
f114v,T,qotody,heat
f114v,T,cheol,outlet
f114v,T,kchedy,unmapped
f114v,T,ldy,unmapped
f114v,T,ytchedy,unmapped
f114v,T,qool,heat
f114v,T,chey,unmapped
f114v,T,ol,outlet
f114v,T,aiin,medium
f114v,T,chedar,reflux
f114v,T,chdaiin,medium
f114v,T,chdal,outlet
f114v,T,qokaiin,heat
f114v,T,choky,unmapped
f114v,T,chol,outlet
f114v,T,dam,drain
f114v,T,sheoal,outlet
f114v,T,chos,unmapped
f114v,T,oaiir,unmapped
f114v,T,alchedy,unmapped
f114v,T,chcphedy,unmapped
f114v,T,okary,heat
f114v,T,dorkcheky,unmapped
f114v,T,cheo,unmapped
f114v,T,aiin,medium
f114v,T,qotaiin,heat
f114v,T,otody,unmapped
f114v,T,qokalsheody,heat
f114v,T,choypshedy,unmapped
f114v,T,qoto,heat
f114v,T,shxam,drain
f114v,T,o,unmapped
f114v,T,shsodaiin,medium
f114v,T,chotain,unmapped
f114v,T,qotar,heat
f114v,T,tshedain,unmapped
f114v,T,qotchody,heat
f114v,T,qokol,heat
f114v,T,shedy,retain
f114v,T,qokchedy,heat
f114v,T,daiin,medium
f114v,T,qofchdar,heat
f114v,T,chdor,reflux
f114v,T,chdy,unmapped
f114v,T,dary,unmapped
f114v,T,dair,unmapped
f114v,T,cheeo,unmapped
f114v,T,chy,unmapped
f114v,T,chdaiin,medium
f114v,T,qokedy,heat
f114v,T,otcheodaiin,medium
f114v,T,qokchdy,heat
f114v,T,otedal,outlet
f114v,T,dain,unmapped
f114v,T,aral,outlet
f114v,T,ychedar,reflux
f114v,T,shod,unmapped
f114v,T,qokaiin,heat
f114v,T,qotchey,heat
f114v,T,chockhy,unmapped
f114v,T,olkedy,unmapped
f114v,T,otechy,unmapped
f114v,T,ykedckhy,unmapped
f114v,T,pshedy,unmapped
f114v,T,qopcheos,heat
f114v,T,okaiin,heat
f114v,T,qotchedy,heat
f114v,T,qotchdar,heat
f114v,T,cheeos,unmapped
f114v,T,olteody,unmapped
f114v,T,otoydy,unmapped
f114v,T,olkaiin,medium
f114v,T,cheotaiin,medium
f114v,T,qoteody,heat
f114v,T,qokod,heat
f114v,T,sheoeed,unmapped
f114v,T,qodeedy,heat
f114v,T,yteedy,unmapped
f114v,T,aiin,medium
f114v,T,am,drain
f114v,T,sor,reflux
f114v,T,aiin,medium
f114v,T,otchedy,unmapped
f114v,T,otaiin,medium
f114v,T,alkain,unmapped
f114v,T,okeedy,heat
f114v,T,pcheodal,outlet
f114v,T,chopcheod,unmapped
f114v,T,qoto,heat
f114v,T,s,unmapped
f114v,T,araiin,medium
f114v,T,qota,heat
f114v,T,l,unmapped
f114v,T,cheo,unmapped
f114v,T,pchdal,outlet
f114v,T,qoeedy,heat
f114v,T,chcthey,unmapped
f114v,T,o,unmapped
f114v,T,sheeo,unmapped
f114v,T,l,unmapped
f114v,T,kchee,unmapped
f114v,T,okeey,heat
f114v,T,qoteor,heat
f114v,T,chokaiin,medium
f114v,T,chdy,unmapped
f114v,T,qokaiin,heat
f114v,T,chokeey,unmapped
f114v,T,tainary,unmapped
f114v,T,tchedy,unmapped
f114v,T,shdo,unmapped
f114v,T,qotched,heat
f114v,T,chees,unmapped
f114v,T,ar,reflux
f114v,T,aiin,medium
f114v,T,chetam,drain
f114v,T,pchdair,unmapped
f114v,T,sho,unmapped
f114v,T,qopchey,heat
f114v,T,otcheed,unmapped
f114v,T,chedy,unmapped
f114v,T,qopcheo,heat
f114v,T,r,unmapped
f114v,T,ocpheody,unmapped
f114v,T,opchdy,unmapped
f114v,T,qopairam,drain
f114v,T,y,unmapped
f114v,T,cheey,unmapped
f114v,T,qooeey,heat
f114v,T,qolcheey,heat
f114v,T,qoteey,heat
f114v,T,qotaiin,heat
f114v,T,otal,outlet
f114v,T,otaiin,medium
f114v,T,oteeo,unmapped
f114v,T,teey,unmapped
f114v,T,rain,unmapped
f114v,T,olaiin,medium
f114v,T,cheo,unmapped
f114v,T,otcheody,unmapped
f114v,T,lkchedy,unmapped
f114v,T,okol,heat
f114v,T,okaiin,heat
f114v,T,otaiin,medium
f114v,T,otal,outlet
f114v,T,qotar,heat
f114v,T,y,unmapped
f114v,T,cheol,outlet
f114v,T,oleey,unmapped
f114v,T,cheoaiin,medium
f114v,T,chetaiin,medium
f114v,T,sheeodain,unmapped
f114v,T,kaiin,medium
f114v,T,sheey,unmapped
f114v,T,oaiin,medium
f114v,T,sheol,outlet
f114v,T,qoteey,heat
f114v,T,qokeeedy,heat
f114v,T,cheo,unmapped
f114v,T,ctheey,unmapped
f114v,T,qokeeo,heat
f114v,T,lkealy,unmapped
f114v,T,olkeechy,unmapped
f114v,T,ol,outlet
f114v,T,oaiin,medium
f114v,T,aiin,medium
f114v,T,chocthey,unmapped
f114v,T,qotedal,heat
f114v,T,octhy,unmapped
f114v,T,sotey,unmapped
f114v,T,cheos,unmapped
f114v,T,air,unmapped
f114v,T,yshey,unmapped
f114v,T,kair,unmapped
f114v,T,yteeey,unmapped
f114v,T,qokaiin,heat
f114v,T,chckhy,unmapped
f114v,T,chodaiin,medium
f114v,T,olkaim,unmapped
f114v,T,tshey,unmapped
f114v,T,oidal,outlet
f114v,T,op,unmapped
f114v,T,shoko,unmapped
f114v,T,otchey,unmapped
f114v,T,qopchol,heat
f114v,T,qopaiin,heat
f114v,T,qotar,heat
f114v,T,al,outlet
f114v,T,kal,outlet
f114v,T,ram,drain
f114v,T,dcheey,unmapped
f114v,T,ol,outlet
f114v,T,cheodaiiin,unmapped
f114v,T,qokar,heat
f114v,T,otaiin,medium
f114v,T,otal,outlet
f114v,T,o,unmapped
f114v,T,kaiin,medium
f114v,T,chey,unmapped
f114v,T,tar,reflux
f114v,T,arody,unmapped
f114v,T,oteey,unmapped
f114v,T,okedaiin,heat
f114v,T,otaiin,medium
f114v,T,qotchey,heat
f114v,T,qoteeody,heat
f114v,T,otaiin,medium
f114v,T,okal,heat
f114v,T,dals,unmapped
f114v,T,qo,heat
f114v,T,eecheedy,unmapped
f114v,T,o,unmapped
f114v,T,kecheokeo,unmapped
f114v,T,oteo,unmapped
f114v,T,daiin,medium
f114v,T,okaiin,heat
f114v,T,choty,unmapped
f114v,T,odaiin,medium
f114v,T,otam,drain
f114v,T,eeo,unmapped
f114v,T,cheo,unmapped
f114v,T,y,unmapped
f114v,T,oteey,unmapped
f114v,T,qotaiin,heat
f114v,T,cheo,unmapped
f114v,T,l,unmapped
f114v,T,oteeey,unmapped
f114v,T,daiin,medium
f114v,T,oteey,unmapped
f114v,T,teeedy,unmapped
f114v,T,dm,drain
f114v,T,yaiin,medium
f114v,T,ooy,unmapped
f114v,T,okeey,heat
f114v,T,cheody,unmapped
f114v,T,qokaiin,heat
f114v,T,otain,unmapped
f114v,T,al,outlet
f114v,T,kain,unmapped
f114v,T,choty,unmapped
f115r,T,qopchol,heat
f115r,T,qochedain,heat
f115r,T,otedy,unmapped
f115r,T,cheop,unmapped
f115r,T,ol,outlet
f115r,T,teeedy,unmapped
f115r,T,oroiir,unmapped
f115r,T,oechedy,unmapped
f115r,T,oteedy,unmapped
f115r,T,qotchedy,heat
f115r,T,dcheeos,unmapped
f115r,T,shedy,retain
f115r,T,qokeeo,heat
f115r,T,qoky,heat
f115r,T,qokeeor,heat
f115r,T,cheody,unmapped
f115r,T,qokeeo,heat
f115r,T,qokeo,heat
f115r,T,rorol,outlet
f115r,T,kcheody,unmapped
f115r,T,qokchy,heat
f115r,T,qol,heat
f115r,T,cheol,outlet
f115r,T,chor,reflux
f115r,T,od,unmapped
f115r,T,qol,heat
f115r,T,chedy,unmapped
f115r,T,qockheos,heat
f115r,T,cholor,reflux
f115r,T,daar,reflux
f115r,T,oraro,unmapped
f115r,T,dchedain,unmapped
f115r,T,qokeedy,heat
f115r,T,olkeechdy,unmapped
f115r,T,chor,reflux
f115r,T,chey,unmapped
f115r,T,kchor,reflux
f115r,T,orchedar,reflux
f115r,T,otar,reflux
f115r,T,sheod,unmapped
f115r,T,qoteedy,heat
f115r,T,dardyr,unmapped
f115r,T,ycheedy,unmapped
f115r,T,chedar,reflux
f115r,T,olkees,unmapped
f115r,T,sheed,unmapped
f115r,T,qodain,heat
f115r,T,qoteedy,heat
f115r,T,qokedy,heat
f115r,T,qokeed,heat
f115r,T,lchedar,reflux
f115r,T,qotchedy,heat
f115r,T,ro,unmapped
f115r,T,cheo,unmapped
f115r,T,ckhdy,unmapped
f115r,T,qotchdy,heat
f115r,T,qokedy,heat
f115r,T,qokar,heat
f115r,T,okeeeosaiin,heat
f115r,T,chl,unmapped
f115r,T,chedar,reflux
f115r,T,chody,unmapped
f115r,T,qotar,heat
f115r,T,chedam,drain
f115r,T,chd,unmapped
f115r,T,dar,reflux
f115r,T,chedy,unmapped
f115r,T,qotchy,heat
f115r,T,chedy,unmapped
f115r,T,chedar,reflux
f115r,T,shey,unmapped
f115r,T,otain,unmapped
f115r,T,chorar,reflux
f115r,T,kcheor,reflux
f115r,T,cheol,outlet
f115r,T,orair,unmapped
f115r,T,ot,unmapped
f115r,T,chedar,reflux
f115r,T,lor,reflux
f115r,T,aiin,medium
f115r,T,qokain,heat
f115r,T,qoteeol,heat
f115r,T,dar,reflux
f115r,T,ar,reflux
f115r,T,al,outlet
f115r,T,opchedy,unmapped
f115r,T,darom,unmapped
f115r,T,dchedaiin,medium
f115r,T,qoteeedy,heat
f115r,T,qokeedy,heat
f115r,T,qoteo,heat
f115r,T,lor,reflux
f115r,T,cheo,unmapped
f115r,T,r,unmapped
f115r,T,ar,reflux
f115r,T,cheor,reflux
f115r,T,cheody,unmapped
f115r,T,tchedy,unmapped
f115r,T,kechedy,unmapped
f115r,T,qokchey,heat
f115r,T,keedy,unmapped
f115r,T,qokor,heat
f115r,T,chedaiin,medium
f115r,T,dair,unmapped
f115r,T,qotchedy,heat
f115r,T,qotcheedy,heat
f115r,T,qekor,reflux
f115r,T,daiin,medium
f115r,T,chedy,unmapped
f115r,T,chol,outlet
f115r,T,chedy,unmapped
f115r,T,qokoiin,heat
f115r,T,qokcheedy,heat
f115r,T,qototeeey,heat
f115r,T,rain,unmapped
f115r,T,cheo,unmapped
f115r,T,chkain,unmapped
f115r,T,cho,unmapped
f115r,T,lory,unmapped
f115r,T,dsheo,unmapped
f115r,T,qokeedaiin,heat
f115r,T,qokechdy,heat
f115r,T,qodaiin,heat
f115r,T,or,reflux
f115r,T,chol,outlet
f115r,T,o,unmapped
f115r,T,ro,unmapped
f115r,T,chey,unmapped
f115r,T,qoolkeedy,heat
f115r,T,qokchedy,heat
f115r,T,qotchd,heat
f115r,T,lpchedy,unmapped
f115r,T,qotcho,heat
f115r,T,lar,reflux
f115r,T,airorlchy,unmapped
f115r,T,cpholrory,unmapped
f115r,T,ycheeo,unmapped
f115r,T,rcheeo,unmapped
f115r,T,qo,heat
f115r,T,lkain,unmapped
f115r,T,cheey,unmapped
f115r,T,saiin,medium
f115r,T,cheedy,unmapped
f115r,T,tcheo,unmapped
f115r,T,lodar,reflux
f115r,T,chtar,reflux
f115r,T,as,unmapped
f115r,T,kaiin,medium
f115r,T,dam,drain
f115r,T,y,unmapped
f115r,T,cheo,unmapped
f115r,T,lkeodain,unmapped
f115r,T,chcthed,unmapped
f115r,T,qokar,heat
f115r,T,chedy,unmapped
f115r,T,qotain,heat
f115r,T,chody,unmapped
f115r,T,qotain,heat
f115r,T,cheol,outlet
f115r,T,lkar,reflux
f115r,T,air,unmapped
f115r,T,om,unmapped
f115r,T,dshedy,unmapped
f115r,T,qotshedy,heat
f115r,T,dar,reflux
f115r,T,oltedy,unmapped
f115r,T,qotar,heat
f115r,T,chodar,reflux
f115r,T,cheocthy,unmapped
f115r,T,chdy,unmapped
f115r,T,qotor,heat
f115r,T,otchdy,unmapped
f115r,T,qotolchd,heat
f115r,T,qol,heat
f115r,T,cheey,unmapped
f115r,T,qotchy,heat
f115r,T,daiin,medium
f115r,T,daiin,medium
f115r,T,cheocthy,unmapped
f115r,T,dolkeedy,unmapped
f115r,T,qotaiin,heat
f115r,T,chol,outlet
f115r,T,oteeedchey,unmapped
f115r,T,okeedain,heat
f115r,T,cheol,outlet
f115r,T,lcheey,unmapped
f115r,T,okcho,heat
f115r,T,keedor,reflux
f115r,T,ykechey,unmapped
f115r,T,chchdy,unmapped
f115r,T,pcheodain,unmapped
f115r,T,qokchey,heat
f115r,T,qotchedy,heat
f115r,T,darailchedy,unmapped
f115r,T,polchedy,unmapped
f115r,T,chol,outlet
f115r,T,pchody,unmapped
f115r,T,qotchedy,heat
f115r,T,qofchedy,heat
f115r,T,ram,drain
f115r,T,lcheod,unmapped
f115r,T,lkchedy,unmapped
f115r,T,chockhy,unmapped
f115r,T,chedy,unmapped
f115r,T,qokchedy,heat
f115r,T,qoky,heat
f115r,T,chor,reflux
f115r,T,al,outlet
f115r,T,alor,reflux
f115r,T,cheey,unmapped
f115r,T,qol,heat
f115r,T,keo,unmapped
f115r,T,r,unmapped
f115r,T,shey,unmapped
f115r,T,yches,unmapped
f115r,T,oaiin,medium
f115r,T,or,reflux
f115r,T,al,outlet
f115r,T,chy,unmapped
f115r,T,cheody,unmapped
f115r,T,rodaiin,medium
f115r,T,cheockhy,unmapped
f115r,T,oeeody,unmapped
f115r,T,psheody,unmapped
f115r,T,chsho,unmapped
f115r,T,tchdy,unmapped
f115r,T,dar,reflux
f115r,T,chedy,unmapped
f115r,T,okchdar,heat
f115r,T,chdor,reflux
f115r,T,cheedy,unmapped
f115r,T,y,unmapped
f115r,T,cheedy,unmapped
f115r,T,qepchey,unmapped
f115r,T,lkam,drain
f115r,T,dchey,unmapped
f115r,T,keey,unmapped
f115r,T,qokeod,heat
f115r,T,chody,unmapped
f115r,T,qokcho,heat
f115r,T,s,unmapped
f115r,T,checthy,unmapped
f115r,T,qokeeey,heat
f115r,T,keeey,unmapped
f115r,T,lol,outlet
f115r,T,chedy,unmapped
f115r,T,qokchedy,heat
f115r,T,ldy,unmapped
f115r,T,dcheol,outlet
f115r,T,qokeol,heat
f115r,T,or,reflux
f115r,T,ar,reflux
f115r,T,aiin,medium
f115r,T,cheey,unmapped
f115r,T,okeeeo,heat
f115r,T,or,reflux
f115r,T,chl,unmapped
f115r,T,lor,reflux
f115r,T,ol,outlet
f115r,T,otlaiin,medium
f115r,T,cheeor,reflux
f115r,T,ary,unmapped
f115r,T,y,unmapped
f115r,T,cheodain,unmapped
f115r,T,cheey,unmapped
f115r,T,qotchedy,heat
f115r,T,qokeeody,heat
f115r,T,choar,reflux
f115r,T,cheey,unmapped
f115r,T,ksheoary,unmapped
f115r,T,otchey,unmapped
f115r,T,qoteeo,heat
f115r,T,s,unmapped
f115r,T,ar,reflux
f115r,T,aiiin,unmapped
f115r,T,chotchdy,unmapped
f115r,T,qodair,heat
f115r,T,sheol,outlet
f115r,T,pchedy,unmapped
f115r,T,dal,outlet
f115r,T,dalom,unmapped
f115r,T,ysheeo,unmapped
f115r,T,los,unmapped
f115r,T,ar,reflux
f115r,T,chey,unmapped
f115r,T,qoky,heat
f115r,T,chol,outlet
f115r,T,kchedshedy,unmapped
f115r,T,qokaiin,heat
f115r,T,shey,unmapped
f115r,T,qoetar,heat
f115r,T,chol,outlet
f115r,T,qokaram,drain
f115r,T,cheo,unmapped
f115r,T,chos,unmapped
f115r,T,al,outlet
f115r,T,saiin,medium
f115r,T,cheody,unmapped
f115r,T,llsan,unmapped
f115r,T,arorochees,unmapped
f115r,T,fshedy,unmapped
f115r,T,shdalky,unmapped
f115r,T,cheedar,reflux
f115r,T,qopchedy,heat
f115r,T,qopchedyd,heat
f115r,T,lksho,unmapped
f115r,T,ror,reflux
f115r,T,pchodar,reflux
f115r,T,ol,outlet
f115r,T,chedyo,unmapped
f115r,T,dsheodar,reflux
f115r,T,sheo,unmapped
f115r,T,qokecheos,heat
f115r,T,cheos,unmapped
f115r,T,r,unmapped
f115r,T,char,reflux
f115r,T,qokchar,heat
f115r,T,qolcheey,heat
f115r,T,lkedy,unmapped
f115r,T,qotal,heat
f115r,T,shod,unmapped
f115r,T,ykaiin,medium
f115r,T,chdy,unmapped
f115r,T,qotchedy,heat
f115r,T,dchol,outlet
f115r,T,daiin,medium
f115r,T,qopol,heat
f115r,T,qokairor,heat
f115r,T,lchea,unmapped
f115r,T,raiin,medium
f115r,T,dlchd,unmapped
f115r,T,sor,reflux
f115r,T,chey,unmapped
f115r,T,okaiin,heat
f115r,T,qokeey,heat
f115r,T,qokeedy,heat
f115r,T,qoaiin,heat
f115r,T,chedy,unmapped
f115r,T,qotaiin,heat
f115r,T,chety,unmapped
f115r,T,laiin,medium
f115r,T,chedy,unmapped
f115r,T,y,unmapped
f115r,T,cheey,unmapped
f115r,T,qotaiin,heat
f115r,T,chokeeey,unmapped
f115r,T,chckhey,unmapped
f115r,T,qoky,heat
f115r,T,aiin,medium
f115r,T,cheey,unmapped
f115r,T,lkeedy,unmapped
f115r,T,oky,heat
f115r,T,chokchaiin,medium
f115r,T,cheeo,unmapped
f115r,T,l,unmapped
f115r,T,keeey,unmapped
f115r,T,okeey,heat
f115r,T,raiin,medium
f115r,T,cheky,unmapped
f115r,T,posheos,unmapped
f115r,T,aral,outlet
f115r,T,chaiin,medium
f115r,T,shkchedy,unmapped
f115r,T,otais,unmapped
f115r,T,chsi,unmapped
f115r,T,chpchar,reflux
f115r,T,ar,reflux
f115r,T,al,outlet
f115r,T,odaiin,medium
f115r,T,chcphy,unmapped
f115r,T,dy,unmapped
f115r,T,daiin,medium
f115r,T,cheey,unmapped
f115r,T,qoek,heat
f115r,T,chody,unmapped
f115r,T,qodain,heat
f115r,T,sheey,unmapped
f115r,T,dar,reflux
f115r,T,oranol,outlet
f115r,T,sorols,unmapped
f115r,T,cheos,unmapped
f115r,T,lkshey,unmapped
f115r,T,qokcho,heat
f115r,T,raiin,medium
f115r,T,chkshy,unmapped
f115r,T,qos,heat
f115r,T,aiin,medium
f115r,T,okchey,heat
f115r,T,pchar,reflux
f115r,T,dor,reflux
f115r,T,cheol,outlet
f115r,T,chot,unmapped
f115r,T,qotchy,heat
f115r,T,qokchy,heat
f115r,T,sol,outlet
f115r,T,raiin,medium
f115r,T,shey,unmapped
f115r,T,kchedy,unmapped
f115r,T,daiin,medium
f115r,T,shedy,retain
f115r,T,qoty,heat
f115r,T,y,unmapped
f115r,T,chey,unmapped
f115r,T,keey,unmapped
f115r,T,qodain,heat
f115r,T,cheody,unmapped
f115r,T,qokor,heat
f115r,T,paiinody,unmapped
f115r,T,lkcheo,unmapped
f115r,T,lchy,unmapped
f115r,T,qokchedy,heat
f115r,T,qokl,heat
f115r,T,sheedy,unmapped
f115r,T,qokar,heat
f115r,T,aiir,unmapped
f115r,T,ar,reflux
f115r,T,opchdain,unmapped
f115r,T,dar,reflux
f115r,T,olchy,unmapped
f115r,T,olchey,unmapped
f115r,T,qolcheor,heat
f115r,T,okchor,heat
f115r,T,tcheodl,unmapped
f115r,T,raiin,medium
f115r,T,chkar,reflux
f115r,T,qokol,heat
f115r,T,lchdy,unmapped
f115r,T,qorshy,heat
f115r,T,qokain,heat
f115r,T,qokain,heat
f115r,T,chep,unmapped
f115r,T,chotchdy,unmapped
f115r,T,dcheo,unmapped
f115r,T,dain,unmapped
f115r,T,sheol,outlet
f115r,T,qotchedy,heat
f115r,T,qokchedy,heat
f115r,T,qokchedy,heat
f115r,T,chotar,reflux
f115r,T,orar,reflux
f115r,T,oiin,unmapped
f115r,T,olchdy,unmapped
f115r,T,dcheos,unmapped
f115r,T,shedar,retain
f115r,T,qoor,heat
f115r,T,cheor,reflux
f115r,T,shody,unmapped
f115r,T,qokain,heat
f115r,T,otar,reflux
f115r,T,ar,reflux
f115r,T,otar,reflux
f115r,T,ytar,reflux
f115r,T,ar,reflux
f115r,T,aloky,unmapped
f115r,T,y,unmapped
f115r,T,dchedy,unmapped
f115r,T,kody,unmapped
f115r,T,qokeedy,heat
f115r,T,chols,unmapped
f115v,T,tchedor,reflux
f115v,T,otchedy,unmapped
f115v,T,qotees,heat
f115v,T,ytain,unmapped
f115v,T,qoty,heat
f115v,T,qotar,heat
f115v,T,opolaiin,medium
f115v,T,qotdain,heat
f115v,T,ol,outlet
f115v,T,raiin,medium
f115v,T,om,unmapped
f115v,T,ykeeochody,unmapped
f115v,T,qokeedy,heat
f115v,T,yteedy,unmapped
f115v,T,qokar,heat
f115v,T,qor,heat
f115v,T,chodaiin,medium
f115v,T,qokchdy,heat
f115v,T,chdar,reflux
f115v,T,okchdy,heat
f115v,T,qokam,drain
f115v,T,dsheol,outlet
f115v,T,qokchedy,heat
f115v,T,qokshedy,heat
f115v,T,qotchey,heat
f115v,T,otaiin,medium
f115v,T,qotedy,heat
f115v,T,lkedain,unmapped
f115v,T,dalchdy,unmapped
f115v,T,okchedam,drain
f115v,T,ykcheodain,unmapped
f115v,T,lkchedy,unmapped
f115v,T,otechdy,unmapped
f115v,T,qotar,heat
f115v,T,or,reflux
f115v,T,al,outlet
f115v,T,ytchedy,unmapped
f115v,T,lched,unmapped
f115v,T,otchd,unmapped
f115v,T,chokeedy,unmapped
f115v,T,dair,unmapped
f115v,T,cheky,unmapped
f115v,T,qoteey,heat
f115v,T,otar,reflux
f115v,T,chl,unmapped
f115v,T,oleed,unmapped
f115v,T,pchody,unmapped
f115v,T,odaiin,medium
f115v,T,chcphy,unmapped
f115v,T,qokchdain,heat
f115v,T,qotain,heat
f115v,T,qokor,heat
f115v,T,shed,retain
f115v,T,oteody,unmapped
f115v,T,solkaiin,medium
f115v,T,al,outlet
f115v,T,dchedy,unmapped
f115v,T,tedy,unmapped
f115v,T,qokeey,heat
f115v,T,roiin,unmapped
f115v,T,shedy,retain
f115v,T,okor,heat
f115v,T,air,unmapped
f115v,T,cheoor,reflux
f115v,T,olkchedy,unmapped
f115v,T,chotam,drain
f115v,T,tchoros,unmapped
f115v,T,sheol,outlet
f115v,T,qotchs,heat
f115v,T,olchees,unmapped
f115v,T,otchdy,unmapped
f115v,T,qotol,heat
f115v,T,lpchedy,unmapped
f115v,T,okar,heat
f115v,T,lkechedy,unmapped
f115v,T,pchdam,drain
f115v,T,ychees,unmapped
f115v,T,chdaiin,medium
f115v,T,chotain,unmapped
f115v,T,cholkeedy,unmapped
f115v,T,qotchy,heat
f115v,T,chody,unmapped
f115v,T,qotain,heat
f115v,T,lkchey,unmapped
f115v,T,lchey,unmapped
f115v,T,ror,reflux
f115v,T,saiin,medium
f115v,T,sho,unmapped
f115v,T,sheody,unmapped
f115v,T,okaiin,heat
f115v,T,dalchedy,unmapped
f115v,T,oteeo,unmapped
f115v,T,chedy,unmapped
f115v,T,tchdor,reflux
f115v,T,shorail,unmapped
f115v,T,chodaiin,medium
f115v,T,chkol,outlet
f115v,T,chkchol,outlet
f115v,T,qotched,heat
f115v,T,qotchey,heat
f115v,T,dpchedy,unmapped
f115v,T,qtam,drain
f115v,T,ysheed,unmapped
f115v,T,lchedy,unmapped
f115v,T,lkchedy,unmapped
f115v,T,soraiin,medium
f115v,T,pchdarody,unmapped
f115v,T,pcheed,unmapped
f115v,T,rar,reflux
f115v,T,tcheody,unmapped
f115v,T,polched,unmapped
f115v,T,lpchdy,unmapped
f115v,T,tol,outlet
f115v,T,rchees,unmapped
f115v,T,cphor,reflux
f115v,T,orair,unmapped
f115v,T,kol,outlet
f115v,T,okeeo,heat
f115v,T,kaiin,medium
f115v,T,lkeeey,unmapped
f115v,T,lkor,reflux
f115v,T,sheedy,unmapped
f115v,T,chockhy,unmapped
f115v,T,qockheedy,heat
f115v,T,qokechy,heat
f115v,T,lkeey,unmapped
f115v,T,ldaiin,medium
f115v,T,saiin,medium
f115v,T,chol,outlet
f115v,T,qotain,heat
f115v,T,qokain,heat
f115v,T,chl,unmapped
f115v,T,lr,unmapped
f115v,T,chdain,unmapped
f115v,T,qoteey,heat
f115v,T,rcheey,unmapped
f115v,T,r,unmapped
f115v,T,ar,reflux
f115v,T,rodam,drain
f115v,T,dain,unmapped
f115v,T,ar,reflux
f115v,T,oteey,unmapped
f115v,T,qoteol,heat
f115v,T,kar,reflux
f115v,T,y,unmapped
f115v,T,sheo,unmapped
f115v,T,lkechdy,unmapped
f115v,T,qokar,heat
f115v,T,qokey,heat
f115v,T,lko,unmapped
f115v,T,rokeedy,unmapped
f115v,T,ld,unmapped
f115v,T,okai,heat
f115v,T,chey,unmapped
f115v,T,keey,unmapped
f115v,T,lcho,unmapped
f115v,T,racthy,unmapped
f115v,T,pchodain,unmapped
f115v,T,chotain,unmapped
f115v,T,choky,unmapped
f115v,T,lchain,unmapped
f115v,T,lpchdain,unmapped
f115v,T,dalchedy,unmapped
f115v,T,qotolchedy,heat
f115v,T,qopchedy,heat
f115v,T,yshedy,unmapped
f115v,T,qokeedy,heat
f115v,T,lxor,reflux
f115v,T,xoiin,unmapped
f115v,T,choto,unmapped
f115v,T,keeody,unmapped
f115v,T,qoteody,heat
f115v,T,dain,unmapped
f115v,T,qokchedy,heat
f115v,T,ralom,unmapped
f115v,T,ysheey,unmapped
f115v,T,qoteey,heat
f115v,T,lkeey,unmapped
f115v,T,raiin,medium
f115v,T,cheo,unmapped
f115v,T,lor,reflux
f115v,T,otal,outlet
f115v,T,otchedy,unmapped
f115v,T,tshedy,unmapped
f115v,T,sheolkeedy,unmapped
f115v,T,lkeeshdy,unmapped
f115v,T,cheeo,unmapped
f115v,T,lor,reflux
f115v,T,eees,unmapped
f115v,T,aiin,medium
f115v,T,okchedy,heat
f115v,T,qopcheddy,heat
f115v,T,lky,unmapped
f115v,T,soiin,unmapped
f115v,T,shedain,retain
f115v,T,qokeedy,heat
f115v,T,chodain,unmapped
f115v,T,otedain,unmapped
f115v,T,qokeedy,heat
f115v,T,qokeedy,heat
f115v,T,qotedy,heat
f115v,T,rosy,unmapped
f115v,T,lshes,unmapped
f115v,T,sheet,unmapped
f115v,T,chdy,unmapped
f115v,T,otedy,unmapped
f115v,T,shdy,unmapped
f115v,T,lchedy,unmapped
f115v,T,pcheo,unmapped
f115v,T,cheeody,unmapped
f115v,T,qoteeotchy,heat
f115v,T,soin,unmapped
f115v,T,opchees,unmapped
f115v,T,chpcheod,unmapped
f115v,T,rchl,unmapped
f115v,T,cho,unmapped
f115v,T,pchdy,unmapped
f115v,T,qopcham,drain
f115v,T,ykees,unmapped
f115v,T,aiin,medium
f115v,T,olkeeody,unmapped
f115v,T,qos,heat
f115v,T,ain,unmapped
f115v,T,cheodain,unmapped
f115v,T,chcthy,unmapped
f115v,T,tchedy,unmapped
f115v,T,qokeedy,heat
f115v,T,lkeedas,unmapped
f115v,T,dcheedy,unmapped
f115v,T,kchedy,unmapped
f115v,T,lcheey,unmapped
f115v,T,ror,reflux
f115v,T,al,outlet
f115v,T,chokedy,unmapped
f115v,T,dol,outlet
f115v,T,qokeeeos,heat
f115v,T,qolkeedy,heat
f115v,T,qokar,heat
f115v,T,ar,reflux
f115v,T,olain,unmapped
f115v,T,cheo,unmapped
f115v,T,lkain,unmapped
f115v,T,cheey,unmapped
f115v,T,qot,heat
f115v,T,cheody,unmapped
f115v,T,lor,reflux
f115v,T,aiin,medium
f115v,T,oteed,unmapped
f115v,T,chkal,outlet
f115v,T,kchetam,drain
f115v,T,y,unmapped
f115v,T,chey,unmapped
f115v,T,lcho,unmapped
f115v,T,lor,reflux
f115v,T,chedy,unmapped
f115v,T,chol,outlet
f115v,T,chedy,unmapped
f115v,T,chdy,unmapped
f115v,T,polor,reflux
f115v,T,sheedy,unmapped
f115v,T,qoteedy,heat
f115v,T,qokechy,heat
f115v,T,lraly,unmapped
f115v,T,l,unmapped
f115v,T,shey,unmapped
f115v,T,sheot,unmapped
f115v,T,shedy,retain
f115v,T,chteey,unmapped
f115v,T,lky,unmapped
f115v,T,raram,drain
f115v,T,ycheedaiin,medium
f115v,T,ol,outlet
f115v,T,chlor,reflux
f115v,T,lkchedy,unmapped
f115v,T,rchedar,reflux
f115v,T,oteedal,outlet
f115v,T,ar,reflux
f115v,T,lky,unmapped
f115v,T,pchdair,unmapped
f115v,T,opchedy,unmapped
f115v,T,qopor,heat
f115v,T,iirchal,outlet
f115v,T,sheey,unmapped
f115v,T,qotain,heat
f115v,T,chety,unmapped
f115v,T,rodaiin,medium
f115v,T,opchepy,unmapped
f115v,T,shokchy,unmapped
f115v,T,ykchedy,unmapped
f115v,T,okar,heat
f115v,T,chedar,reflux
f115v,T,rolsheedy,unmapped
f115v,T,lkchdy,unmapped
f115v,T,chddy,unmapped
f115v,T,chcphedy,unmapped
f115v,T,cheey,unmapped
f115v,T,teeodaiin,medium
f115v,T,ychedal,outlet
f115v,T,qotchy,heat
f115v,T,chcthy,unmapped
f115v,T,chdal,outlet
f115v,T,lchedy,unmapped
f115v,T,taiin,medium
f115v,T,sheeey,unmapped
f115v,T,lchckhy,unmapped
f115v,T,ldar,reflux
f115v,T,shdar,reflux
f115v,T,qotchdy,heat
f115v,T,qoky,heat
f115v,T,shedy,retain
f115v,T,qokar,heat
f115v,T,chckhy,unmapped
f115v,T,shos,unmapped
f115v,T,shee,unmapped
f115v,T,oky,heat
f115v,T,cheo,unmapped
f115v,T,lkain,unmapped
f115v,T,cheeos,unmapped
f115v,T,al,outlet
f115v,T,ches,unmapped
f115v,T,kcheo,unmapped
f115v,T,rain,unmapped
f115v,T,checthey,unmapped
f115v,T,lcham,drain
f115v,T,ytar,reflux
f115v,T,aiin,medium
f115v,T,qoteey,heat
f115v,T,lkchedy,unmapped
f115v,T,tshar,reflux
f115v,T,shor,reflux
f115v,T,shy,unmapped
f115v,T,olkeeo,unmapped
f115v,T,lkeedol,outlet
f115v,T,ltchdy,unmapped
f115v,T,chkaidararal,outlet
f115v,T,lkeedy,unmapped
f115v,T,oiiin,unmapped
f115v,T,chees,unmapped
f115v,T,otairos,unmapped
f115v,T,loedy,unmapped
f115v,T,cheo,unmapped
f115v,T,keeo,unmapped
f115v,T,llchs,unmapped
f115v,T,o,unmapped
f115v,T,l,unmapped
f115v,T,r,unmapped
f115v,T,aiiin,unmapped
f115v,T,chkain,unmapped
f115v,T,sham,drain
f115v,T,dairal,outlet
f115v,T,chain,unmapped
f115v,T,ykeedy,unmapped
f115v,T,qokedy,heat
f115v,T,qokain,heat
f115v,T,lkaiin,medium
f115v,T,lkchey,unmapped
f115v,T,lkain,unmapped
f115v,T,lror,reflux
f115v,T,ycheeol,outlet
f115v,T,kaiin,medium
f115v,T,shedain,retain
f115v,T,s,unmapped
f115v,T,cho,unmapped
f115v,T,r,unmapped
f115v,T,okas,heat
f115v,T,cheos,unmapped
f115v,T,qokchy,heat
f115v,T,dcheodl,unmapped
f115v,T,sheo,unmapped
f115v,T,kolchey,unmapped
f115v,T,fchedol,outlet
f115v,T,shedy,retain
f115v,T,qotoee,heat
f115v,T,tchy,unmapped
f115v,T,choy,unmapped
f115v,T,qopchyr,heat
f115v,T,yair,unmapped
f115v,T,al,outlet
f115v,T,sheey,unmapped
f115v,T,oteeol,outlet
f115v,T,keody,unmapped
f115v,T,rcheey,unmapped
f115v,T,lkchdy,unmapped
f115v,T,qokchey,heat
f115v,T,lkar,reflux
f115v,T,lkl,unmapped
f115v,T,rodam,drain
f115v,T,ysheokaiin,medium
f115v,T,qotchdal,heat
f115v,T,lkchdy,unmapped
f115v,T,lkshedy,unmapped
f115v,T,qokar,heat
f115v,T,cheos,unmapped
f115v,T,qokaiin,heat
f115v,T,aky,unmapped
f115v,T,ototar,reflux
f115v,T,sheey,unmapped
f115v,T,qokey,heat
f115v,T,qokchey,heat
f115v,T,qokchey,heat
f115v,T,ral,outlet
f115v,T,rchos,unmapped
f115v,T,oty,unmapped
f115v,T,lchedy,unmapped
f115v,T,yk,unmapped
f115v,T,chedaiin,medium
f115v,T,chody,unmapped
f115v,T,qokaiin,heat
f115v,T,dary,unmapped
f115v,T,cholaiim,unmapped
f116r,T,kchdpy,unmapped
f116r,T,shey,unmapped
f116r,T,qokain,heat
f116r,T,otalshdy,unmapped
f116r,T,qoteey,heat
f116r,T,shear,reflux
f116r,T,ain,unmapped
f116r,T,or,reflux
f116r,T,llory,unmapped
f116r,T,earamom,unmapped
f116r,T,shain,unmapped
f116r,T,cheor,reflux
f116r,T,ain,unmapped
f116r,T,okeey,heat
f116r,T,okeey,heat
f116r,T,shy,unmapped
f116r,T,lar,reflux
f116r,T,ar,reflux
f116r,T,aiiin,unmapped
f116r,T,oky,heat
f116r,T,char,reflux
f116r,T,ar,reflux
f116r,T,okain,heat
f116r,T,ykanam,drain
f116r,T,dain,unmapped
f116r,T,chl,unmapped
f116r,T,lshey,unmapped
f116r,T,cthy,unmapped
f116r,T,lshedy,unmapped
f116r,T,oteor,reflux
f116r,T,shey,unmapped
f116r,T,qo,heat
f116r,T,saly,unmapped
f116r,T,padar,reflux
f116r,T,shey,unmapped
f116r,T,osheeky,unmapped
f116r,T,qol,heat
f116r,T,laiin,medium
f116r,T,chckhy,unmapped
f116r,T,okam,drain
f116r,T,chedy,unmapped
f116r,T,oteedy,unmapped
f116r,T,qotar,heat
f116r,T,aralar,reflux
f116r,T,y,unmapped
f116r,T,dain,unmapped
f116r,T,sheed,unmapped
f116r,T,qokchdy,heat
f116r,T,otal,outlet
f116r,T,chedy,unmapped
f116r,T,lkain,unmapped
f116r,T,oteedy,unmapped
f116r,T,otor,reflux
f116r,T,aiin,medium
f116r,T,oty,unmapped
f116r,T,lol,outlet
f116r,T,rol,outlet
f116r,T,oly,unmapped
f116r,T,sain,unmapped
f116r,T,ol,outlet
f116r,T,lchedy,unmapped
f116r,T,chedy,unmapped
f116r,T,otey,unmapped
f116r,T,chedy,unmapped
f116r,T,lain,unmapped
f116r,T,otedy,unmapped
f116r,T,oteey,unmapped
f116r,T,pcholchdy,unmapped
f116r,T,teody,unmapped
f116r,T,otey,unmapped
f116r,T,qo,heat
f116r,T,qokain,heat
f116r,T,qoteey,heat
f116r,T,tokain,unmapped
f116r,T,otedy,unmapped
f116r,T,totol,outlet
f116r,T,rotydy,unmapped
f116r,T,dar,reflux
f116r,T,yteedy,unmapped
f116r,T,chedy,unmapped
f116r,T,qokeey,heat
f116r,T,qokain,heat
f116r,T,qotody,heat
f116r,T,oteedar,reflux
f116r,T,otedy,unmapped
f116r,T,ldy,unmapped
f116r,T,lchedy,unmapped
f116r,T,qokeey,heat
f116r,T,lchey,unmapped
f116r,T,qokeedy,heat
f116r,T,qokain,heat
f116r,T,okeeylkaiin,heat
f116r,T,chdin,unmapped
f116r,T,checkhy,unmapped
f116r,T,dar,reflux
f116r,T,shedy,retain
f116r,T,qokeedy,heat
f116r,T,shdy,unmapped
f116r,T,rain,unmapped
f116r,T,sheedy,unmapped
f116r,T,cphol,outlet
f116r,T,r,unmapped
f116r,T,teol,outlet
f116r,T,chcpham,drain
f116r,T,ol,outlet
f116r,T,aiin,medium
f116r,T,shed,retain
f116r,T,qoteedy,heat
f116r,T,okeolshy,heat
f116r,T,qotain,heat
f116r,T,okedy,heat
f116r,T,chedy,unmapped
f116r,T,olchedy,unmapped
f116r,T,olkain,unmapped
f116r,T,als,unmapped
f116r,T,qoin,heat
f116r,T,ar,reflux
f116r,T,cholches,unmapped
f116r,T,okain,heat
f116r,T,dain,unmapped
f116r,T,cheey,unmapped
f116r,T,okeey,heat
f116r,T,otain,unmapped
f116r,T,olchdy,unmapped
f116r,T,otal,outlet
f116r,T,dain,unmapped
f116r,T,olam,drain
f116r,T,sar,reflux
f116r,T,ain,unmapped
f116r,T,tey,unmapped
f116r,T,chetain,unmapped
f116r,T,shtey,unmapped
f116r,T,okey,heat
f116r,T,chedy,unmapped
f116r,T,qoteedy,heat
f116r,T,qokain,heat
f116r,T,shety,unmapped
f116r,T,okeedam,drain
f116r,T,sain,unmapped
f116r,T,cheychear,reflux
f116r,T,ain,unmapped
f116r,T,chl,unmapped
f116r,T,l,unmapped
f116r,T,s,unmapped
f116r,T,oleedy,unmapped
f116r,T,pchoetal,outlet
f116r,T,otedal,outlet
f116r,T,otal,outlet
f116r,T,oteedy,unmapped
f116r,T,olr,unmapped
f116r,T,daiin,medium
f116r,T,okeedy,heat
f116r,T,qoky,heat
f116r,T,dar,reflux
f116r,T,al,outlet
f116r,T,keedy,unmapped
f116r,T,shdy,unmapped
f116r,T,dar,reflux
f116r,T,chedy,unmapped
f116r,T,sheedy,unmapped
f116r,T,otal,outlet
f116r,T,al,outlet
f116r,T,lchedy,unmapped
f116r,T,shcthy,unmapped
f116r,T,qotey,heat
f116r,T,dain,unmapped
f116r,T,otar,reflux
f116r,T,otarar,reflux
f116r,T,opam,drain
f116r,T,dain,unmapped
f116r,T,chey,unmapped
f116r,T,qokeey,heat
f116r,T,okeey,heat
f116r,T,lain,unmapped
f116r,T,okeey,heat
f116r,T,qol,heat
f116r,T,chedy,unmapped
f116r,T,pcharalor,reflux
f116r,T,qokey,heat
f116r,T,r,unmapped
f116r,T,ain,unmapped
f116r,T,otedy,unmapped
f116r,T,opain,unmapped
f116r,T,lor,reflux
f116r,T,oiin,unmapped
f116r,T,otain,unmapped
f116r,T,otar,reflux
f116r,T,oteeedy,unmapped
f116r,T,ches,unmapped
f116r,T,ar,reflux
f116r,T,y,unmapped
f116r,T,porchey,unmapped
f116r,T,sheedy,unmapped
f116r,T,qotain,heat
f116r,T,chetar,reflux
f116r,T,qotar,heat
f116r,T,ar,reflux
f116r,T,arody,unmapped
f116r,T,chcthy,unmapped
f116r,T,rain,unmapped
f116r,T,otey,unmapped
f116r,T,ot,unmapped
f116r,T,y,unmapped
f116r,T,dain,unmapped
f116r,T,chol,outlet
f116r,T,keedy,unmapped
f116r,T,ol,outlet
f116r,T,cheey,unmapped
f116r,T,raiin,medium
f116r,T,y,unmapped
f116r,T,chedy,unmapped
f116r,T,otar,reflux
f116r,T,o,unmapped
f116r,T,kal,outlet
f116r,T,okain,heat
f116r,T,olar,reflux
f116r,T,otedy,unmapped
f116r,T,qoty,heat
f116r,T,sfm,drain
f116r,T,sairol,outlet
f116r,T,sheey,unmapped
f116r,T,qokain,heat
f116r,T,chal,outlet
f116r,T,qol,heat
f116r,T,chl,unmapped
f116r,T,l,unmapped
f116r,T,rain,unmapped
f116r,T,okain,heat
f116r,T,shckhy,unmapped
f116r,T,dtal,outlet
f116r,T,orchcthdy,unmapped
f116r,T,lty,unmapped
f116r,T,dol,outlet
f116r,T,shedy,retain
f116r,T,shekchy,unmapped
f116r,T,qokain,heat
f116r,T,chedy,unmapped
f116r,T,otar,reflux
f116r,T,okalain,heat
f116r,T,shcthy,unmapped
f116r,T,oteey,unmapped
f116r,T,dar,reflux
f116r,T,chedy,unmapped
f116r,T,lg,unmapped
f116r,T,dain,unmapped
f116r,T,cheeteey,unmapped
f116r,T,lkar,reflux
f116r,T,shedy,retain
f116r,T,qokal,heat
f116r,T,shedy,retain
f116r,T,qoteedy,heat
f116r,T,ches,unmapped
f116r,T,ain,unmapped
f116r,T,ain,unmapped
f116r,T,aly,unmapped
f116r,T,salo,unmapped
f116r,T,lm,drain
f116r,T,qokedy,heat
f116r,T,okain,heat
f116r,T,chcthy,unmapped
f116r,T,oty,unmapped
f116r,T,shedy,retain
f116r,T,qokeey,heat
f116r,T,chalkeey,unmapped
f116r,T,okey,heat
f116r,T,kedy,unmapped
f116r,T,chey,unmapped
f116r,T,lag,unmapped
f116r,T,chol,outlet
f116r,T,sheky,unmapped
f116r,T,shedy,retain
f116r,T,qokeey,heat
f116r,T,qokeedy,heat
f116r,T,shckhy,unmapped
f116r,T,qokain,heat
f116r,T,otal,outlet
f116r,T,ches,unmapped
f116r,T,oin,unmapped
f116r,T,ain,unmapped
f116r,T,al,outlet
f116r,T,om,unmapped
f116r,T,ytchey,unmapped
f116r,T,qokaiin,heat
f116r,T,chckhol,outlet
f116r,T,shechol,outlet
f116r,T,qotey,heat
f116r,T,ol,outlet
f116r,T,cheedy,unmapped
f116r,T,otain,unmapped
f116r,T,okedy,heat
f116r,T,qotam,drain
f116r,T,daiin,medium
f116r,T,chey,unmapped
f116r,T,qokey,heat
f116r,T,lshedy,unmapped
f116r,T,orain,unmapped
f116r,T,chckhy,unmapped
f116r,T,lkain,unmapped
f116r,T,chy,unmapped
f116r,T,pshedy,unmapped
f116r,T,lshedy,unmapped
f116r,T,qoky,heat
f116r,T,ram,drain
f116r,T,cheol,outlet
f116r,T,lchey,unmapped
f116r,T,lkeey,unmapped
f116r,T,sheal,outlet
f116r,T,lshalshy,unmapped
f116r,T,qotalshy,heat
f116r,T,cthedy,unmapped
f116r,T,l,unmapped
f116r,T,ky,unmapped
f116r,T,chedy,unmapped
f116r,T,oteedy,unmapped
f116r,T,lched,unmapped
f116r,T,cthan,unmapped
f116r,T,cheey,unmapped
f116r,T,lkeeal,outlet
f116r,T,lshey,unmapped
f116r,T,chl,unmapped
f116r,T,l,unmapped
f116r,T,lkain,unmapped
f116r,T,chear,reflux
f116r,T,aiin,medium
f116r,T,chl,unmapped
f116r,T,l,unmapped
f116r,T,keedy,unmapped
f116r,T,raraiin,medium
f116r,T,ory,unmapped
f116r,T,saraiin,medium
f116r,T,shey,unmapped
f116r,T,qokain,heat
f116r,T,chcthy,unmapped
f116r,T,okar,heat
f116r,T,air,unmapped
f116r,T,ollaiin,medium
f116r,T,okaly,heat
f116r,T,pchallarar,reflux
f116r,T,al,outlet
f116r,T,ckhal,outlet
f116r,T,rain,unmapped
f116r,T,alolfchy,unmapped
f116r,T,rpchey,unmapped
f116r,T,shfy,unmapped
f116r,T,ches,unmapped
f116r,T,ar,reflux
f116r,T,opchekan,unmapped
f116r,T,dlr,unmapped
f116r,T,olkeey,unmapped
f116r,T,rain,unmapped
f116r,T,shey,unmapped
f116r,T,qor,heat
f116r,T,aiin,medium
f116r,T,shey,unmapped
f116r,T,ol,outlet
f116r,T,lchedy,unmapped
f116r,T,rshey,unmapped
f116r,T,qokeedy,heat
f116r,T,chtain,unmapped
f116r,T,oly,unmapped
f116r,T,soraiin,medium
f116r,T,ykeey,unmapped
f116r,T,arain,unmapped
f116r,T,sheeky,unmapped
f116r,T,qokain,heat
f116r,T,sheey,unmapped
f116r,T,qol,heat
f116r,T,cheds,unmapped
f116r,T,ar,reflux
f116r,T,r,unmapped
f116r,T,rsheg,unmapped
f116r,T,qokain,heat
f116r,T,ar,reflux
f116r,T,raiin,medium
f116r,T,shek,unmapped
f116r,T,okain,heat
f116r,T,y,unmapped
f116r,T,r,unmapped
f116r,T,shey,unmapped
f116r,T,qolchey,heat
f116r,T,okaiin,heat
f116r,T,shckhy,unmapped
f116r,T,qokam,drain
f116r,T,shedy,retain
f116r,T,qokeey,heat
f116r,T,qokain,heat
f116r,T,qokeey,heat
f116r,T,lchey,unmapped
f116r,T,olkey,unmapped
f116r,T,raiin,medium
f116r,T,cthar,reflux
f116r,T,shckhy,unmapped
f116r,T,qorar,heat
f116r,T,qokeey,heat
f116r,T,rain,unmapped
f116r,T,shey,unmapped
f116r,T,okeey,heat
f116r,T,lkain,unmapped
f116r,T,l,unmapped
f116r,T,dain,unmapped
f116r,T,chey,unmapped
f116r,T,sheckhy,unmapped
f116r,T,qy,unmapped
f116r,T,qokl,heat
f116r,T,ain,unmapped
f116r,T,pairain,unmapped
f116r,T,sheek,unmapped
f116r,T,l,unmapped
f116r,T,y,unmapped
f116r,T,oiin,unmapped
f116r,T,cheey,unmapped
f116r,T,lkeey,unmapped
f116r,T,olkeey,unmapped
f116r,T,lchey,unmapped
f116r,T,qoky,heat
f116r,T,lshedy,unmapped
f116r,T,cheam,drain
f116r,T,sham,drain
f116r,T,daiin,medium
f116r,T,qokeey,heat
f116r,T,lshey,unmapped
f116r,T,qokaiin,heat
f116r,T,chkar,reflux
f116r,T,shey,unmapped
f116r,T,okaiin,heat
f116r,T,chedy,unmapped
f116r,T,qokeedy,heat
f116r,T,raiin,medium
f116r,T,shy,unmapped
f116r,T,qokain,heat
f116r,T,chey,unmapped
f116r,T,olr,unmapped
f116r,T,ain,unmapped
f116r,T,shey,unmapped
f116r,T,qokain,heat
f116r,T,o,unmapped
f116r,T,l,unmapped
f116r,T,keey,unmapped
f116r,T,keeey,unmapped
f116r,T,lkeal,outlet
f116r,T,or,reflux
f116r,T,al,outlet
f116r,T,lom,unmapped
f116r,T,dsheey,unmapped
f116r,T,shey,unmapped
f116r,T,qokey,heat
f116r,T,shey,unmapped
f116r,T,qokain,heat
f116r,T,shckhy,unmapped
f116r,T,chery,unmapped
f116r,T,ol,outlet
f116r,T,chedy,unmapped
f116r,T,l,unmapped
f116r,T,chey,unmapped
f116r,T,lchy,unmapped
f116r,T,dlar,reflux
f116r,T,shar,reflux
f116r,T,shar,reflux
f116r,T,r,unmapped
f116r,T,ain,unmapped
f116r,T,sheain,unmapped
f116r,T,okain,heat
f116r,T,shey,unmapped
f116r,T,qokchy,heat
f116r,T,chckhy,unmapped
f116r,T,orain,unmapped
f116r,T,qo,heat
f116r,T,qokain,heat
f116r,T,sheckhy,unmapped
f116r,T,qokain,heat
f116r,T,shekain,unmapped
f116r,T,shkain,unmapped
f116r,T,shedy,retain
f116r,T,shey,unmapped
f116r,T,qokan,heat
f116r,T,cham,drain
f116r,T,as,unmapped
f116r,T,ar,reflux
f116r,T,al,outlet
f116r,T,shear,reflux
f116r,T,teey,unmapped
f116r,T,chcphy,unmapped
f116r,T,rain,unmapped
f116r,T,cphan,unmapped
f116r,T,ydar,reflux
f116r,T,oty,unmapped
f116r,T,shey,unmapped
f116r,T,qokam,drain
f116r,T,s,unmapped
f116r,T,okeedy,heat
f116r,T,qokain,heat
f116r,T,shckhy,unmapped
f116r,T,ol,outlet
f116r,T,lcheor,reflux
f116r,T,chky,unmapped
f116r,T,raiin,medium
f116r,T,chey,unmapped
f116r,T,qol,heat
f116r,T,okam,drain
f116r,T,odain,unmapped
f116r,T,shy,unmapped
f116r,T,qokar,heat
f116r,T,oleey,unmapped
f116r,T,chy,unmapped
f116r,T,oqokaiin,medium
f116r,T,al,outlet
f116r,T,shey,unmapped
f116r,T,qokar,heat
f116r,T,okaral,heat
f116r,T,okeyshy,heat
f116r,T,oteey,unmapped
f116r,T,ookar,reflux
f116r,T,okydy,heat
f116r,T,osain,unmapped
f116r,T,shky,unmapped
f116r,T,qorain,heat
f116r,T,chckhey,unmapped
f116r,T,qokey,heat
f116r,T,lkechy,unmapped
f116r,T,okeey,heat
f116r,T,okal,heat
f116r,T,chedkaly,unmapped
f116r,T,sykar,reflux
f116r,T,ain,unmapped
f116r,T,olkeey,unmapped
f116r,T,dainchey,unmapped
f116r,T,qokar,heat
f116r,T,chey,unmapped
f116r,T,dain,unmapped
f116r,T,y,unmapped
f116r,T,otan,unmapped
f116r,T,otain,unmapped
f116r,T,oly,unmapped
f116r,T,sysor,reflux
f116r,T,shey,unmapped
f116r,T,qokey,heat
f116r,T,okeolan,heat
f116r,T,chey,unmapped
f116r,T,qol,heat
f116r,T,or,reflux
f116r,T,cheey,unmapped
f116r,T,qor,heat
f116r,T,arom,unmapped
f116r,T,ol,outlet
f116r,T,lkan,unmapped
f116r,T,sodal,outlet
f116r,T,ch,unmapped
f116r,T,al,outlet
f116r,T,chcthy,unmapped
f116r,T,chckhy,unmapped
f116r,T,qol,heat
f116r,T,ain,unmapped
f116r,T,ary,unmapped
f116v,T,oror,reflux
f116v,T,sheey,unmapped
